<?xml version="1.0" encoding="UTF-8"?>
<kml xmlns="http://www.opengis.net/kml/2.2" xmlns:gx="http://www.google.com/kml/ext/2.2" xmlns:kml="http://www.opengis.net/kml/2.2" xmlns:atom="http://www.w3.org/2005/Atom">
<Document>
	<name>Ranipur_209.kml</name>
	<StyleMap id="polygonline">
		<Pair>
			<key>normal</key>
			<styleUrl>#polygonline1</styleUrl>
		</Pair>
		<Pair>
			<key>highlight</key>
			<styleUrl>#polygonline0</styleUrl>
		</Pair>
	</StyleMap>
	<Style id="polygonline0">
		<LineStyle>
			<color>ff0000aa</color>
			<width>2</width>
		</LineStyle>
		<PolyStyle>
			<color>7f00ffff</color>
		</PolyStyle>
	</Style>
	<Style id="polygonline1">
		<LineStyle>
			<color>ff0000aa</color>
			<width>2</width>
		</LineStyle>
		<PolyStyle>
			<color>7f00ffff</color>
		</PolyStyle>
	</Style>
	<Placemark>
		<name>Ranipur_209</name>
		<TimeStamp><when>2025-06-19T16:51:40Z</when>
</TimeStamp>
		<styleUrl>#polygonline</styleUrl>
		<ExtendedData>
			<Data name="Distance">
				<displayName>Total distance (m)</displayName>
				<value>11223.911</value>
			</Data>
		</ExtendedData>
		<Polygon>
			<tessellate>1</tessellate>
			<outerBoundaryIs>
				<LinearRing>
					<coordinates>
						74.50118000000001,21.751205,338.91312372496 74.50118000000001,21.751205,338.91312372496 74.50118000000001,21.751205,338.91312372496 74.50118000000001,21.751205,338.91312372496 74.50118000000001,21.751205,338.91312372496 74.50118999999999,21.751205,324.21312650568 74.50118666666667,21.751205,324.2131255787733 74.50118500000001,21.75120333333333,324.2131212518133 74.50118500000001,21.75120333333333,323.8131212518134 74.50118500000001,21.75120333333333,323.8131212518134 74.50118500000001,21.75120333333333,323.8131212518134 74.50118500000001,21.75120333333333,323.8131212518134 74.50118500000001,21.75120333333333,323.8131212518134 74.50118000000001,21.75120833333334,323.3131314520001 74.50117666666667,21.751215,323.4131459792267 74.501175,21.75121333333333,323.1131416522667 74.50117333333333,21.751215,323.1131450523734 74.50117333333333,21.751215,323.2131450523733 74.50117333333333,21.751215,323.2131450523733 74.50117333333333,21.751215,323.2131450523733 74.50117333333333,21.751215,323.2131450523733 74.500575,21.75111,322.9127351788001 74.50056500000001,21.75110833333333,322.9127285314 74.50055333333333,21.75110833333333,322.8127252854222 74.50054166666668,21.75110833333333,322.8127220394445 74.50052833333332,21.75111166666666,322.4127260602712 74.50051666666667,21.75111,322.2127189490667 74.500505,21.75110833333333,322.1127118378 74.50049666666668,21.751105,322.01270178856 74.500485,21.75110166666667,322.3126908117733 74.50047666666666,21.75110166666667,322.4126884931289 74.50046999999999,21.75110333333334,322.2126905036267 74.50046,21.75110166666667,321.91268385584 74.50045,21.7511,322.312677208 74.50044,21.75110166666667,322.3126782910933 74.50043000000001,21.75110333333334,322.41267937424 74.50041833333333,21.75110166666667,322.2126722626178 74.50041,21.75109833333333,322.3126622128267 74.5004,21.75109666666667,322.4126555648 74.50038833333333,21.751095,322.4126484529734 74.50037833333334,21.75109833333333,322.4126534018089 74.50036666666666,21.75109833333333,322.2126501556444 74.500355,21.75109833333333,322.31264690948 74.500345,21.7511,322.1126479928 74.50033166666667,21.75109833333333,322.0126404171511 74.50032333333334,21.7511,321.8126419642667 74.50032,21.7511,321.7126410368 74.50031166666666,21.7511,321.6126387181333 74.50030333333333,21.75109666666667,321.6126286677512 74.50029500000001,21.75109666666667,321.6126263490401 74.49944333333333,21.75183333333333,314.9142323729778 74.49943499999999,21.75184333333333,314.914255266432 74.49942833333333,21.75185166666667,315.0142743549262 74.49942,21.75186,315.014293380864 74.49941333333332,21.75186666666667,314.9143086017422 74.499405,21.751875,314.814327628 74.49939666666667,21.751885,314.7143505223893 74.49938999999999,21.75189333333334,314.814369611648 74.49938166666668,21.7519,315.0143847704533 74.499375,21.75191166666667,315.214411596 74.49936833333332,21.75192166666666,315.2144345537315 74.49936333333333,21.75193166666666,315.2144575741795 74.49935666666667,21.75194,315.214476664192 74.49935333333333,21.75194833333333,315.1144958793671 74.49934833333333,21.75195833333333,314.9145189001778 74.49934166666667,21.75196666666666,314.8145379905778 74.49933666666668,21.75197666666666,314.8145610116551 74.49933166666666,21.75198833333333,314.8145879009529 74.49933,21.752,314.7146149151999 74.49932833333334,21.75200833333333,314.7146341932977 74.49932833333334,21.75202,314.5146612699947 74.499325,21.75203,314.7146843539199 74.49932333333332,21.75203833333333,314.7147036321351 74.49932166666667,21.75204666666667,314.5147229103858 74.49932166666667,21.75205666666666,314.3147461190684 74.49932,21.75206666666666,314.4147692654934 74.49931833333333,21.75207666666667,314.5147924119609 74.499315,21.75208333333333,314.41480776 74.499315,21.75209166666667,314.31482710064 74.499315,21.75210166666666,314.514850309408 74.499315,21.75211,314.514869650048 74.49931333333333,21.75211666666667,314.4148850604089 74.49931333333333,21.75212333333333,314.4149005329351 74.49931166666667,21.75213166666667,314.2149198114737 74.49931166666667,21.75214,314.1149391521494 74.49931166666667,21.75215,313.91496236096 74.49930999999999,21.75216166666667,313.9149893758507 74.49931166666667,21.75217166666666,313.6150126467164 74.49931166666667,21.75217666666667,313.4150242511218 74.499315,21.752175,313.11502050704 74.49931666666666,21.752175,312.9150205690667 74.49931666666666,21.75217333333334,312.8150167009422 74.499315,21.75217333333334,312.7150166389119 74.499315,21.75217166666666,312.615012770784 74.49931333333333,21.75217,312.5150088406186 74.49931166666667,21.75217,312.5150087785813 74.49930999999999,21.75217,312.515008716544 74.49930999999999,21.75217,312.515008716544 74.49930500000001,21.75218,312.415031739328 74.49930666666667,21.75218833333333,312.7150511420729 74.49930500000001,21.752195,312.7150665526719 74.49930333333333,21.75220166666666,312.7150819632996 74.49929999999999,21.75220666666667,313.11509344384 74.49929833333334,21.752215,313.5151127226986 74.499295,21.75222166666667,314.2151280714986 74.49929333333333,21.75223,314.6151473504427 74.49929166666668,21.75224,314.8151704976 74.49929333333333,21.75225,314.8151937685333 74.49929333333333,21.75226166666666,314.4152208457529 74.49929666666667,21.75227166666667,313.9152441784391 74.49929666666667,21.75228166666666,313.4152673874418 74.49929166666668,21.75229166666666,313.2152904111111 74.49929333333333,21.75230666666666,313.1153252864569 74.499295,21.75231666666667,313.0153485572267 74.49929333333333,21.75232666666667,312.9153717045476 74.49929333333333,21.75233666666666,312.8153949135929 74.49929166666668,21.752345,312.2154141928 74.49929,21.75235666666667,311.8154412084053 74.49929,21.75236333333333,311.8154566811306 74.499295,21.75237166666667,311.8154762068586 74.49929666666667,21.75238,311.7154956093013 74.49929833333334,21.75239,311.515518879872 74.49929833333334,21.7524,311.3155420888533 74.49929833333334,21.75241,311.3155652978347 74.49929999999999,21.75242,311.31558856832 74.49930166666667,21.75243166666667,311.5156157069191 74.49929999999999,21.75244166666666,311.5156388544 74.49929833333334,21.75245333333333,311.5156658700871 74.49929666666667,21.75246333333333,311.6156890176569 74.499295,21.75247333333333,311.6157121652694 74.49929666666667,21.75248333333333,311.7157354356622 74.49929666666667,21.75249333333334,311.8157586446649 74.49929666666667,21.75250333333333,311.9157818536676 74.499295,21.75251333333333,311.9158050013654 74.499295,21.75252333333334,311.9158282103893 74.499295,21.75253166666666,311.9158475512427 74.499295,21.75254333333333,312.0158746284373 74.499295,21.752555,312.115901705632 74.49929666666667,21.752565,312.1159249758506 74.499295,21.752575,312.31594812368 74.499295,21.752585,312.315971332704 74.49929666666667,21.75259666666667,312.1159984710258 74.49929833333334,21.752605,312.0160178729707 74.49929833333334,21.75261166666667,311.9160333456249 74.499295,21.752615,311.916040959776 74.49929166666668,21.75261333333334,311.9160369694222 74.49929166666668,21.752615,311.7160408376 74.49929333333333,21.75261166666667,311.7160331623395 74.49929166666668,21.752605,311.7160176285333 74.49928666666666,21.75259666666667,311.6159981042631 74.49928166666668,21.75258833333333,311.0159785798862 74.49927833333332,21.75258333333334,310.6159668529778 74.49927666666667,21.75257833333334,310.3159551871929 74.49927333333333,21.752575,310.0159473284266 74.49927333333333,21.75257333333333,309.8159434602098 74.49927333333333,21.75257166666667,309.6159395919929 74.49927333333333,21.75257166666667,309.6159395919929 74.49927166666666,21.75257333333333,309.6159433990329 74.49927,21.75257333333333,309.515943337856 74.49926333333333,21.75257333333333,309.5159430931485 74.49925833333333,21.75257333333333,309.6159429096178 74.49925833333333,21.752575,309.6159467778667 74.49925833333333,21.752575,309.6159467778667 74.49925833333333,21.752575,309.6159467778667 74.49925833333333,21.752575,309.6159467778667 74.49925833333333,21.752575,309.6159467778667 74.49925833333333,21.752575,309.6159467778667 74.49925833333333,21.752575,309.6159467778667 74.49925833333333,21.752575,309.6159467778667 74.49925833333333,21.752575,309.6159467778667 74.49925833333333,21.752575,309.6159467778667 74.49925833333333,21.752575,309.6159467778667 74.49925833333333,21.752575,309.6159467778667 74.49925833333333,21.752575,309.6159467778667 74.49925833333333,21.752575,309.6159467778667 74.49925833333333,21.752575,309.6159467778667 74.49925833333333,21.752575,309.6159467778667 74.49925833333333,21.752575,309.6159467778667 74.49925833333333,21.752575,309.6159467778667 74.49925833333333,21.752575,309.6159467778667 74.49925833333333,21.752575,309.6159467778667 74.49925833333333,21.752575,309.6159467778667 74.49925833333333,21.752575,309.6159467778667 74.49925833333333,21.752575,309.6159467778667 74.49925833333333,21.752575,309.6159467778667 74.49925833333333,21.752575,309.6159467778667 74.49925833333333,21.752575,309.6159467778667 74.49925833333333,21.752575,309.6159467778667 74.49925833333333,21.752575,309.6159467778667 74.49925833333333,21.752575,309.6159467778667 74.49925833333333,21.752575,309.6159467778667 74.49925833333333,21.752575,309.6159467778667 74.49925833333333,21.752575,309.6159467778667 74.49925833333333,21.752575,309.6159467778667 74.49925833333333,21.752575,309.6159467778667 74.49925833333333,21.752575,309.6159467778667 74.49925833333333,21.752575,309.6159467778667 74.49925833333333,21.752575,309.6159467778667 74.49925833333333,21.752575,309.6159467778667 74.49925833333333,21.752575,309.6159467778667 74.49925833333333,21.752575,309.6159467778667 74.49925833333333,21.752575,309.6159467778667 74.49925833333333,21.752575,309.6159467778667 74.49925833333333,21.752575,309.6159467778667 74.49925833333333,21.752575,309.6159467778667 74.49925833333333,21.752575,309.6159467778667 74.49925833333333,21.752575,309.6159467778667 74.49925833333333,21.752575,309.6159467778667 74.49925833333333,21.752575,309.6159467778667 74.49925833333333,21.752575,309.6159467778667 74.49925833333333,21.752575,309.6159467778667 74.49925833333333,21.752575,309.6159467778667 74.49925833333333,21.752575,309.6159467778667 74.49925833333333,21.752575,309.6159467778667 74.49925833333333,21.752575,309.6159467778667 74.49925833333333,21.752575,309.6159467778667 74.49925833333333,21.752575,309.6159467778667 74.49925833333333,21.752575,309.6159467778667 74.49925833333333,21.752575,309.6159467778667 74.49925833333333,21.752575,309.6159467778667 74.49925833333333,21.752575,309.6159467778667 74.49925833333333,21.752575,309.6159467778667 74.49925833333333,21.752575,309.6159467778667 74.49925833333333,21.752575,309.6159467778667 74.49925833333333,21.752575,309.6159467778667 74.49923833333334,21.75255,309.6158880194133 74.49923,21.75254,309.515864503424 74.49922833333333,21.75252833333333,309.4158373639858 74.49922666666666,21.75251333333333,309.1158024878649 74.499225,21.752495,308.61575987504 74.49922333333333,21.75248166666667,308.7157288671075 74.49922666666666,21.752465,308.715690306688 74.49922833333333,21.75245,308.71565555328 74.49922333333333,21.752435,308.515620554048 74.49921666666667,21.75242166666667,308.7155893614578 74.49921333333333,21.75241,309.0155621600426 74.49920666666667,21.75239666666666,309.1155309670684 74.4992,21.75238666666667,309.3155075106133 74.49919666666666,21.75237333333333,309.2154764404195 74.49918833333332,21.75235333333334,308.9154297116231 74.49917333333333,21.75233,308.615374998784 74.49915666666668,21.75231166666667,307.9153318287005 74.49915166666666,21.75229666666667,307.3152968272071 74.49915,21.75228666666667,307.41527355456 74.49915833333333,21.75227666666666,307.5152506527289 74.49916333333334,21.75225833333333,307.6152082851911 74.49916333333334,21.75224,308.015165732224 74.49916,21.75222,307.815119186944 74.49915833333333,21.75219666666667,307.6150649665422 74.499155,21.752175,307.41501455248 74.49914833333334,21.75216333333334,307.7149872249884 74.49914,21.75215,307.91495596672 74.49913333333333,21.75213333333334,307.6149170332445 74.49912333333333,21.75212,307.614885712256 74.49910833333334,21.75210833333333,307.2148580729777 74.49908333333333,21.752095,306.6148261914667 74.49905333333332,21.752085,306.4148018597974 74.49902333333333,21.75207833333333,306.6147852648604 74.499005,21.752075,306.71477684272 74.49899000000001,21.75206833333333,306.8147608072746 74.49898,21.75205833333333,307.1147372206933 74.49897333333334,21.75204833333333,307.3147137584498 74.49896666666667,21.75204,307.2146941649066 74.49894999999999,21.752025,306.7146587216 74.49893999999999,21.752015,307.114635133952 74.49893166666668,21.75200666666666,307.3146154773831 74.498925,21.75199666666667,307.61459201408 74.49891833333332,21.751985,307.514564681632 74.49890833333333,21.75197166666667,307.3145333550756 74.49889333333334,21.75196,307.3145057097387 74.49888,21.75195166666667,307.214485864576 74.49886166666667,21.75194333333333,307.1144658315662 74.49884166666668,21.751935,306.9144457356267 74.498825,21.75192833333333,307.3144296335466 74.49880833333333,21.751925,307.8144212696 74.49879333333334,21.75192166666666,307.6144129680782 74.49878166666667,21.75192,307.4144086608427 74.49876833333333,21.75191666666666,306.9144004216889 74.498755,21.75190833333334,306.4143805744534 74.49874333333334,21.75190166666666,306.3143646588942 74.49873166666666,21.75189333333334,306.3143448737636 74.49872166666667,21.75188833333333,306.2143328898169 74.49870833333333,21.751885,306.2143246498666 74.49869666666667,21.75188,306.214312603008 74.49868499999999,21.75187333333333,306.314296686528 74.49867666666667,21.751865,306.7142770257279 74.49866833333334,21.75186,306.6142651037653 74.49865666666666,21.751855,306.9142530562773 74.49864666666667,21.75184833333334,307.3142372018062 74.49863666666667,21.75184166666666,307.9142213471645 74.49862499999999,21.751835,308.0142054296 74.498615,21.75183333333333,308.2142011834666 74.49861166666666,21.751835,308.214204927584 74.49860833333334,21.75183666666667,308.2142086717155 74.49860666666667,21.75183666666667,308.4142086089672 74.498605,21.75183833333333,308.7142124158613 74.498605,21.75183833333333,308.5142124158613 74.49860166666667,21.75183666666667,308.3142084207218 74.49859666666666,21.75183666666667,308.0142082324764 74.49859166666667,21.75184,307.9142157835734 74.49858999999999,21.75184,307.814215720832 74.49858166666667,21.75184166666666,307.8142192768178 74.49858166666667,21.75184166666666,307.8142192768178 74.49858166666667,21.75184166666666,307.8142192768178 74.49858166666667,21.75184166666666,307.8142192768178 74.49858166666667,21.75184166666666,307.8142192768178 74.49858166666667,21.75184166666666,307.8142192768178 74.49858166666667,21.75184166666666,307.8142192768178 74.49858166666667,21.75184166666666,307.8142192768178 74.49858166666667,21.75184166666666,307.8142192768178 74.49858166666667,21.75184166666666,307.8142192768178 74.49858166666667,21.75184166666666,307.8142192768178 74.49858166666667,21.75184166666666,307.8142192768178 74.49858166666667,21.75184166666666,307.8142192768178 74.49858166666667,21.75184166666666,307.8142192768178 74.49858166666667,21.75184166666666,307.8142192768178 74.49858166666667,21.75184166666666,307.8142192768178 74.49858166666667,21.75184166666666,307.8142192768178 74.49858166666667,21.75184166666666,307.8142192768178 74.49858166666667,21.75184166666666,307.8142192768178 74.49858166666667,21.75184166666666,307.8142192768178 74.49858166666667,21.75184166666666,307.8142192768178 74.49858166666667,21.75184166666666,307.8142192768178 74.49858166666667,21.75184166666666,307.8142192768178 74.49858166666667,21.75184166666666,307.8142192768178 74.49858166666667,21.75184166666666,307.8142192768178 74.49858166666667,21.75184166666666,307.8142192768178 74.49858166666667,21.75184166666666,307.8142192768178 74.49858166666667,21.75184166666666,307.8142192768178 74.49858166666667,21.75184166666666,307.8142192768178 74.49858166666667,21.75184166666666,307.8142192768178 74.49858166666667,21.75184166666666,307.8142192768178 74.49858166666667,21.75184166666666,307.8142192768178 74.49858166666667,21.75184166666666,307.8142192768178 74.49858166666667,21.75184166666666,307.8142192768178 74.49858166666667,21.75184166666666,307.8142192768178 74.49858166666667,21.75184166666666,307.8142192768178 74.49858166666667,21.75184166666666,307.8142192768178 74.49858166666667,21.75184166666666,307.8142192768178 74.49858166666667,21.75184166666666,307.8142192768178 74.49858166666667,21.75184166666666,307.8142192768178 74.49858166666667,21.75184166666666,307.8142192768178 74.49858166666667,21.75184166666666,307.8142192768178 74.49858166666667,21.75184166666666,307.8142192768178 74.49858166666667,21.75184166666666,307.8142192768178 74.49858166666667,21.75184166666666,307.8142192768178 74.49858166666667,21.75184166666666,307.8142192768178 74.49858166666667,21.75184166666666,307.8142192768178 74.49858166666667,21.75184166666666,307.8142192768178 74.49858166666667,21.75184166666666,307.8142192768178 74.49858166666667,21.75184166666666,307.8142192768178 74.49858166666667,21.75184166666666,307.8142192768178 74.49858166666667,21.75184166666666,307.8142192768178 74.49858166666667,21.75184166666666,307.8142192768178 74.49858166666667,21.75184166666666,307.8142192768178 74.49858166666667,21.75184166666666,307.8142192768178 74.49858166666667,21.75184166666666,307.8142192768178 74.49858166666667,21.75184166666666,307.8142192768178 74.49858166666667,21.75184166666666,307.8142192768178 74.49858166666667,21.75184166666666,307.8142192768178 74.49858166666667,21.75184166666666,307.8142192768178 74.49858166666667,21.75184166666666,307.8142192768178 74.49858166666667,21.75184166666666,307.8142192768178 74.49858166666667,21.75184166666666,307.8142192768178 74.49858166666667,21.75184166666666,307.8142192768178 74.49858166666667,21.75184166666666,307.8142192768178 74.49858166666667,21.75184166666666,307.8142192768178 74.49858166666667,21.75184166666666,307.8142192768178 74.49858166666667,21.75184166666666,307.8142192768178 74.49858166666667,21.75184166666666,307.8142192768178 74.49858166666667,21.75184166666666,307.8142192768178 74.49858166666667,21.75184166666666,307.8142192768178 74.49858166666667,21.75184166666666,307.8142192768178 74.49858166666667,21.75184166666666,307.8142192768178 74.49858166666667,21.75184166666666,307.8142192768178 74.49858166666667,21.75184166666666,307.8142192768178 74.49858166666667,21.75184166666666,307.8142192768178 74.49858166666667,21.75184166666666,307.8142192768178 74.49858166666667,21.75184166666666,307.8142192768178 74.49858166666667,21.75184166666666,307.8142192768178 74.49858166666667,21.75184166666666,307.8142192768178 74.49858166666667,21.75184166666666,307.8142192768178 74.49858166666667,21.75184166666666,307.8142192768178 74.49858166666667,21.75184166666666,307.8142192768178 74.49858166666667,21.75184166666666,307.8142192768178 74.49858166666667,21.75184166666666,307.8142192768178 74.49858166666667,21.75184166666666,307.8142192768178 74.49858166666667,21.75184166666666,307.8142192768178 74.49858166666667,21.75184166666666,307.8142192768178 74.49858166666667,21.75184166666666,307.8142192768178 74.49858166666667,21.75184166666666,307.8142192768178 74.49858166666667,21.75184166666666,307.8142192768178 74.49858166666667,21.75184166666666,307.8142192768178 74.49858166666667,21.75184166666666,307.8142192768178 74.49858166666667,21.75184166666666,307.8142192768178 74.49858166666667,21.75184166666666,307.8142192768178 74.49858166666667,21.75184166666666,307.8142192768178 74.49858166666667,21.75184166666666,307.8142192768178 74.49858166666667,21.75184166666666,307.8142192768178 74.49858166666667,21.75184166666666,307.8142192768178 74.49858166666667,21.75184166666666,307.8142192768178 74.49858166666667,21.75184166666666,307.8142192768178 74.49860166666667,21.751855,307.9142509868693 74.49859166666667,21.75185166666667,308.1142428712711 74.49857666666666,21.75184333333333,307.8142229583075 74.49856333333334,21.75183833333333,307.7142108472391 74.49855333333333,21.75183166666666,307.5141949917582 74.49854833333333,21.75182666666666,307.8141831941902 74.49854166666667,21.75182333333333,308.0141752035555 74.49854000000001,21.75182166666667,308.3141712709973 74.49853833333333,21.75181833333334,308.3141634686471 74.49853333333334,21.75181666666667,308.4141594104889 74.49853333333334,21.75181666666667,308.3141594104889 74.49853166666666,21.75181833333334,308.1141632174969 74.49853,21.75182,307.914167024512 74.49852833333333,21.75182,307.814166961728 74.49852666666668,21.75182,307.614166898944 74.498525,21.75181833333334,307.4141629663467 74.498525,21.75181833333334,307.4141629663467 74.498525,21.75181833333334,307.4141629663467 74.498525,21.75181833333334,307.4141629663467 74.498525,21.75181833333334,307.4141629663467 74.498525,21.75181833333334,307.4141629663467 74.49851666666667,21.75180666666667,309.5141355635911 74.49850666666666,21.75180333333333,309.1141274470116 74.49849500000001,21.75179833333333,308.8141153976427 74.498485,21.75179333333333,308.5141034109653 74.49847666666666,21.75178666666666,308.4140876170951 74.49846666666667,21.75177833333333,308.0140678902756 74.49845833333333,21.75177,307.9140482261333 74.49844833333333,21.751765,307.7140362388586 74.49843833333333,21.75175833333333,308.0140203814578 74.49842833333334,21.75175,308.1140006538667 74.49841666666666,21.75174,308.3139769930667 74.49840500000001,21.75173,308.213953331968 74.498395,21.75172,308.113929733568 74.49838666666666,21.75171,308.4139061979307 74.49838166666667,21.7517,308.91388278816 74.49837333333333,21.75169166666667,309.2138631222755 74.49836666666667,21.75168333333334,309.4138435192889 74.49835833333333,21.75167333333333,309.3138199828978 74.49835,21.75166333333333,309.3137964462933 74.49834666666668,21.75165333333333,309.5137730988942 74.498345,21.75164,309.413742074176 74.49834166666666,21.75163,309.4137187266134 74.49834000000001,21.75162166666667,309.313699312384 74.49833833333334,21.75161,309.113672157696 74.49833333333332,21.75159666666667,308.9136410062222 74.49833,21.75158166666667,308.8136060476373 74.49832500000001,21.75156833333333,308.61357489584 74.49831999999999,21.75155833333333,308.3135514843733 74.49831666666667,21.75155,307.8135320064 74.49831,21.75153833333333,307.413504661056 74.4983,21.75152666666667,307.1134771886934 74.49829166666667,21.75151333333333,307.1134459091556 74.49828833333332,21.75150166666667,307.0134186900515 74.49828166666666,21.75149166666667,307.2133952142044 74.49827833333333,21.75148,307.2133679948586 74.49827333333333,21.75146666666667,307.1133368415289 74.49827000000001,21.75145333333333,307.3133057515947 74.49826333333334,21.75143833333333,307.3132706639857 74.49825833333333,21.751425,307.4132395101333 74.498255,21.75141166666667,307.3132084197653 74.49825833333333,21.7514,307.4131814544 74.49825833333333,21.751385,307.41314662096 74.49825833333333,21.75137666666667,307.3131272690489 74.49825666666668,21.751365,307.3131001126187 74.49825666666668,21.75135,307.2130652791466 74.49825333333334,21.75133666666666,307.2130341884302 74.49825333333334,21.75132166666667,307.0129993548942 74.49825166666666,21.75131333333333,306.9129799390649 74.49824833333334,21.7513,306.9129488481067 74.498245,21.75129166666666,306.8129293682666 74.498245,21.75129,306.812925497856 74.498245,21.75129,307.012925497856 74.49824666666667,21.75129166666666,307.0129294321778 74.49824833333334,21.75129166666666,307.0129294960889 74.49824833333334,21.75129166666666,306.9129294960889 74.49825000000001,21.75129333333333,306.8129334304 74.49824833333334,21.75129333333333,306.8129333664924 74.49824833333334,21.75129333333333,306.7129333664924 74.49824666666667,21.75129333333333,306.6129333025849 74.49824666666667,21.75129333333333,306.6129333025849 74.49824333333332,21.751285,306.2129138226986 74.49823833333333,21.75127333333333,306.0128865379484 74.49823333333333,21.75125833333333,305.6128515121778 74.49822500000001,21.75124166666667,305.2128124877333 74.49821666666666,21.75122666666667,304.9127773334044 74.49820833333334,21.751215,304.9127499197334 74.4982,21.75120333333333,304.7127225058133 74.498195,21.75119333333334,305.0126990904106 74.49818833333333,21.75118333333333,304.8126756107378 74.49818499999999,21.75117333333333,305.1126522592214 74.49817833333333,21.75116333333334,305.3126287792498 74.49817,21.75115333333333,305.4126052349013 74.49816000000001,21.75114,305.312573884928 74.49815166666667,21.751125,305.6125387282667 74.49814666666666,21.75111166666666,306.0125075705031 74.49814166666667,21.75110166666667,306.4124841538311 74.49813833333333,21.75109166666667,306.6124608013689 74.49813166666667,21.75108,306.9124334494507 74.49812,21.751065,307.312398162816 74.49810833333332,21.75105333333333,307.2123706171378 74.49810000000001,21.751045,307.51235094144 74.49809499999999,21.75103666666666,307.5123313944746 74.49809166666667,21.75102333333333,307.9123002996622 74.49809166666667,21.75101,308.61226933376 74.498085,21.75099833333334,309.312241980448 74.49808166666666,21.75098666666667,309.5122147560604 74.498075,21.75097166666667,309.7121796608533 74.49806833333334,21.75095833333333,309.8121484361778 74.498065,21.75094333333333,310.2121134697813 74.49805666666666,21.75093333333333,310.2120899216355 74.49804833333333,21.75092166666667,309.9120625024462 74.49804,21.75091,309.7120350830079 74.49803,21.75089833333333,309.9120075985707 74.49801666666667,21.75088833333333,310.1119838551822 74.49800499999999,21.75088166666667,310.0119679180906 74.49799333333334,21.75087,309.5119403679573 74.49798833333332,21.75086,309.611916947776 74.49798666666668,21.75084666666667,309.7118859152498 74.49798333333334,21.750835,310.0118586887467 74.49798666666668,21.75082166666667,310.0118278508231 74.49799,21.75080833333333,310.1117970130134 74.49799166666666,21.75079666666666,310.2117699812977 74.49799333333334,21.75078166666666,310.3117352077369 74.497995,21.75076666666666,310.41170043424 74.498,21.75075500000001,310.1116735328 74.49800499999999,21.75074,310.111638889664 74.49801166666666,21.75072666666667,310.1116081827485 74.498015,21.75071166666667,309.8115734748693 74.498015,21.7507,309.51154637856 74.49801000000001,21.75069,309.311522957568 74.49800833333333,21.75067666666666,309.5114919250489 74.49800666666667,21.75066333333333,309.5114608924729 74.49800166666667,21.75064833333333,309.5114258583502 74.49800499999999,21.75063666666667,309.3113988924587 74.49800833333333,21.75062666666667,309.4113757975823 74.49800833333333,21.75061333333333,309.5113448302578 74.49800666666667,21.7506,309.5113137975467 74.49800499999999,21.750585,309.711278893856 74.49800166666667,21.75057,309.6112439246507 74.49800333333333,21.75055666666666,309.8112130226916 74.49800499999999,21.75054333333333,310.2111821207893 74.49800666666667,21.75053,311.011151218944 74.49800666666667,21.750515,311.411116380672 74.49800333333333,21.75050166666666,311.5110852821262 74.49800499999999,21.75048833333334,311.5110543803413 74.49800333333333,21.750475,311.4110233473067 74.49800333333333,21.75046166666667,311.2109923798969 74.49799833333333,21.75044833333333,310.7109612153564 74.49799166666666,21.750435,310.4109299849067 74.49798666666668,21.75042,310.1108949490347 74.49797833333334,21.75040833333333,309.7108675233244 74.49797166666667,21.75039666666667,309.2108401631858 74.49796666666666,21.75038333333334,309.2108089976888 74.49795999999999,21.75037166666667,309.1107816371627 74.497955,21.75036,308.910754342336 74.49794833333334,21.75035,308.91073085248 74.49794166666668,21.75033833333334,308.7107034913955 74.49793500000001,21.75032833333333,308.810680001184 74.49792833333332,21.750315,309.1106487686293 74.49791666666667,21.75030333333333,309.6106212088889 74.49790333333334,21.750295,309.9106013250347 74.49789000000001,21.75029,309.810589183232 74.49787833333333,21.75028166666667,309.9105693649316 74.49786833333333,21.75027333333333,310.0105496124658 74.49785833333334,21.75026333333334,309.7105259885511 74.49784666666666,21.75025166666667,309.7104984269938 74.49783666666667,21.75024333333333,309.5104786738062 74.49782333333333,21.75023666666667,309.0104626593849 74.49780833333332,21.75023,308.31044657856 74.49779833333334,21.75022333333333,307.7104306960497 74.49778666666666,21.75021666666667,307.3104147471644 74.49777999999999,21.75020833333333,306.9103951253334 74.49777,21.75019833333333,307.110371499456 74.49775833333334,21.75019,307.3103516785067 74.49774833333332,21.75018333333333,307.1103357950578 74.49773833333333,21.75017666666667,306.6103199114382 74.49773,21.75017,306.610304093952 74.49771833333332,21.75016333333333,306.8102881436871 74.49770666666667,21.75016,306.8102799363413 74.49769500000001,21.75015333333333,306.410263985728 74.49768833333333,21.75014666666667,306.0102482339769 74.49768,21.750135,306.110220800896 74.49766833333334,21.75012666666667,305.9102009780409 74.49765666666667,21.75011333333333,305.8101695399396 74.49764833333333,21.75009666666666,305.4101304909796 74.49764333333333,21.750085,305.3101031897386 74.49764333333333,21.75007166666667,305.2100722161849 74.49764166666667,21.75005666666667,304.9100373043912 74.49763833333333,21.75004666666667,304.4100139410702 74.49763666666666,21.75003166666667,304.2099790291271 74.49763833333333,21.75001833333333,303.6099481220871 74.49763666666666,21.75000333333333,303.3099132100836 74.49763666666666,21.74999166666667,304.46035247612 74.49763166666666,21.74998,304.2603173560693 74.49762666666668,21.74996833333333,304.0602822360746 74.49762000000001,21.74996,303.860257645696 74.49761666666667,21.74995,303.8602273905333 74.49760999999999,21.74993833333333,303.9601925374106 74.49760666666666,21.74992666666667,303.860157150912 74.49760833333333,21.749915,304.0601209642467 74.49760333333333,21.74990166666667,303.9600807131227 74.49759666666667,21.74989333333333,303.9600561230507 74.49758833333334,21.74987833333333,303.5600112741746 74.497585,21.74986666666667,303.2599758878933 74.49758166666668,21.749855,303.0599405016493 74.49757666666666,21.749845,302.7599105136293 74.49756666666667,21.749835,302.6598813260533 74.49755499999999,21.74982833333333,302.3598626681347 74.49754333333334,21.74981666666667,302.1598286161866 74.49753833333332,21.74980666666667,302.1597986284427 74.49753333333334,21.749795,302.3597635093867 74.49753000000001,21.74978333333333,302.7597281235467 74.497525,21.74977,303.05968787324 74.49752166666667,21.74975833333333,303.4596524874867 74.49751666666666,21.74974666666667,303.75961736864 74.49751166666667,21.74973833333333,303.8595925125346 74.497505,21.74972666666667,304.0595576606773 74.49749833333334,21.749715,303.8595228088947 74.497495,21.74970333333333,303.7594874233787 74.497495,21.74969,303.759446372744 74.49749833333334,21.74967833333334,303.8594099195907 74.49749833333334,21.74966666666667,304.0593740002666 74.49749833333334,21.749655,304.1593380809426 74.497495,21.74964166666667,304.4592975641934 74.49749,21.74962833333333,304.4592573144507 74.49747666666667,21.74962,304.5592337935893 74.49746499999999,21.74960833333334,304.3591997432467 74.497455,21.74960166666666,303.9591808199373 74.49744333333334,21.7496,303.5591775575467 74.497435,21.74959333333334,303.6591583673547 74.49742666666666,21.749585,303.8591340459413 74.49741333333333,21.74957666666667,303.8591105256107 74.4974,21.74957,304.0590921366399 74.49739,21.74956333333334,303.9590732137227 74.49737666666667,21.74955666666666,303.759054824912 74.49736666666666,21.74954666666667,303.55902563968 74.497355,21.74954,303.459006984016 74.49734333333335,21.74953333333334,303.2589883284267 74.49733333333333,21.74952833333333,303.1589745370667 74.497325,21.74952333333333,302.9589604787067 74.497315,21.74951666666667,302.6589415562534 74.49730166666667,21.74951,302.3589231679813 74.49729000000001,21.74950166666667,302.3588993815653 74.49727666666666,21.74949666666667,302.158886124624 74.49726833333334,21.74948833333334,302.2588618042307 74.49726166666666,21.74948166666666,302.258842347964 74.49725666666667,21.74947166666667,302.458812362376 74.49724666666665,21.74946166666667,302.258783178128 74.497235,21.74944666666667,302.4587388677173 74.49722666666666,21.74943666666666,302.158709416576 74.49721666666666,21.74942666666667,302.15868023264 74.49720666666667,21.74941333333334,302.0586407866027 74.49720333333333,21.7494,301.8586002721066 74.49719666666667,21.74938666666667,301.858560291968 74.49719333333334,21.749375,301.8585249086667 74.49719333333334,21.74936666666667,301.7584992532267 74.49719166666667,21.74935666666667,301.75846873388 74.49718666666666,21.74934666666666,301.658438748928 74.49718333333334,21.74933666666667,301.5584084968266 74.49718,21.74932666666667,301.5583782447573 74.49717666666668,21.74931666666667,301.45834799272 74.497175,21.74930333333333,301.5583072113466 74.497175,21.74928833333333,301.6582610316867 74.497175,21.749275,301.8582199831 74.49717166666666,21.74925833333333,302.0581692068866 74.49716666666667,21.74924166666666,302.358118698 74.49715666666665,21.749225,302.3580689910533 74.49714999999999,21.74921166666666,302.5580290117733 74.49714166666666,21.74920000000001,302.8579944309333 74.49713166666668,21.74918666666667,303.157954986464 74.49712333333333,21.74917666666667,303.5579255368586 74.49711499999999,21.74916666666666,303.9578960873333 74.49710666666667,21.74915666666667,304.557866637888 74.4971,21.74914833333333,304.7578420521867 74.49709,21.74914,304.957818001248 74.49708333333334,21.74913,305.0577882846666 74.49707666666667,21.74912166666666,305.257763699144 74.49706833333333,21.74911333333334,305.5577393810506 74.49706333333333,21.74910666666666,305.6577196592427 74.49705666666667,21.749095,305.2576848119173 74.49705166666666,21.74908166666667,305.057644566292 74.497045,21.74907,304.657609719112 74.49703833333334,21.74906,304.5575800029707 74.49703500000001,21.74905,304.45754975204 74.49703166666667,21.74903833333333,304.6575143701826 74.49702833333335,21.74902833333333,304.7574841193187 74.49702000000001,21.74901666666666,304.8574495398933 74.49701333333334,21.749005,304.8574146930986 74.49700666666666,21.74899166666667,304.85737471544 74.497,21.74897833333334,304.7573347378667 74.49699000000001,21.748965,304.757295295368 74.49698166666667,21.74895833333333,304.6572761091667 74.49697500000001,21.74894833333333,304.5572463936866 74.49696833333334,21.74894166666666,304.6572269400867 74.49696166666666,21.74893,304.5571920938213 74.49695666666666,21.74892,304.3571621109973 74.49695,21.74890833333333,304.3571272648666 74.49694333333333,21.74889666666666,304.3570924188106 74.49693666666667,21.748885,304.4570575728293 74.49693000000001,21.748875,304.6570278578 74.49692333333334,21.74886666666666,304.7570032737067 74.49692166666667,21.74886,304.6569830177973 74.49692166666667,21.74885666666666,304.656972756056 74.49692166666667,21.748855,304.6569676251853 74.49692333333334,21.748855,304.6569673576026 74.49692666666667,21.748855,304.4569668224374 74.49692666666667,21.74885666666666,304.456971953312 74.49692666666667,21.74885666666666,304.356971953312 74.49692666666667,21.74885666666666,304.156971953312 74.49693000000001,21.74885666666666,304.0569714181493 74.49693166666665,21.74885833333333,303.8569762814467 74.49693166666665,21.74885833333333,303.8569762814467 74.49693166666665,21.74885833333333,303.8569762814467 74.49693166666665,21.74885833333333,303.8569762814467 74.49693166666665,21.74885833333333,303.8569762814467 74.49693166666665,21.74885833333333,303.8569762814467 74.49693166666665,21.74885833333333,303.8569762814467 74.49693166666665,21.74885833333333,303.8569762814467 74.49693166666665,21.74885833333333,303.8569762814467 74.49693166666665,21.74885833333333,303.8569762814467 74.49693166666665,21.74885833333333,303.8569762814467 74.49693166666665,21.74885833333333,303.8569762814467 74.49693166666665,21.74885833333333,303.8569762814467 74.49693166666665,21.74885833333333,303.8569762814467 74.49693166666665,21.74885833333333,303.8569762814467 74.49693166666665,21.74885833333333,303.8569762814467 74.49693166666665,21.74885833333333,303.8569762814467 74.49693166666665,21.74885833333333,303.8569762814467 74.49693166666665,21.74885833333333,303.8569762814467 74.49693166666665,21.74885833333333,303.8569762814467 74.49693166666665,21.74885833333333,303.8569762814467 74.49693166666665,21.74885833333333,303.8569762814467 74.49693166666665,21.74885833333333,303.8569762814467 74.49693166666665,21.74885833333333,303.8569762814467 74.49693166666665,21.74885833333333,303.8569762814467 74.49693166666665,21.74885833333333,303.8569762814467 74.49693166666665,21.74885833333333,303.8569762814467 74.49693166666665,21.74885833333333,303.8569762814467 74.49693166666665,21.74885833333333,303.8569762814467 74.49693166666665,21.74885833333333,303.8569762814467 74.49693166666665,21.74885833333333,303.8569762814467 74.49693166666665,21.74885833333333,303.8569762814467 74.49693166666665,21.74885833333333,303.8569762814467 74.49693166666665,21.74885833333333,303.8569762814467 74.49693166666665,21.74885833333333,303.8569762814467 74.49693166666665,21.74885833333333,303.8569762814467 74.49693166666665,21.74885833333333,303.8569762814467 74.49693166666665,21.74885833333333,303.8569762814467 74.49693166666665,21.74885833333333,303.8569762814467 74.49693166666665,21.74885833333333,303.8569762814467 74.49693166666665,21.74885833333333,303.8569762814467 74.49693166666665,21.74885833333333,303.8569762814467 74.49693166666665,21.74885833333333,303.8569762814467 74.49693166666665,21.74885833333333,303.8569762814467 74.49693166666665,21.74885833333333,303.8569762814467 74.49693166666665,21.74885833333333,303.8569762814467 74.49693166666665,21.74885833333333,303.8569762814467 74.49693166666665,21.74885833333333,303.8569762814467 74.49693166666665,21.74885833333333,303.8569762814467 74.49693166666665,21.74885833333333,303.8569762814467 74.49693166666665,21.74885833333333,303.8569762814467 74.49693166666665,21.74885833333333,303.8569762814467 74.49693166666665,21.74885833333333,303.8569762814467 74.49693166666665,21.74885833333333,303.8569762814467 74.49693166666665,21.74885833333333,303.8569762814467 74.49693166666665,21.74885833333333,303.8569762814467 74.496915,21.74883833333333,305.0569173868626 74.49691166666666,21.748835,305.0569076603293 74.49690833333334,21.74882833333334,304.9568876720867 74.49690666666667,21.74882,304.7568622853973 74.49690333333334,21.74881166666666,304.7568371663386 74.49689833333333,21.74880166666667,304.6568071840787 74.49689166666667,21.74879166666666,304.4567774695 74.49688833333333,21.74878,304.4567420888587 74.49688333333333,21.748765,304.4566967142267 74.49687666666667,21.74875333333334,304.6566618690027 74.496875,21.74874,304.85662109 74.49686833333334,21.74872833333333,304.8565862449026 74.49686333333334,21.74871833333333,304.5565562630106 74.49685833333334,21.74870666666667,304.3565211503466 74.49685500000001,21.74869666666667,304.3564909008453 74.49684999999999,21.74868333333333,304.2564506574666 74.49684166666665,21.748675,303.7564263420334 74.49683333333334,21.74866666666667,303.2564020266667 74.49682333333334,21.748655,302.6563677175226 74.49681666666667,21.748645,302.5563380037733 74.496815,21.74863833333333,302.5563177483826 74.49681333333334,21.74863,302.4562923622187 74.49681000000001,21.74861833333334,302.6562569822747 74.49680666666667,21.74860833333333,302.3562267331466 74.49679833333333,21.74859833333333,302.3561972874147 74.49678999999999,21.74858833333333,302.3561678417627 74.49678333333333,21.74857666666667,302.3561329976267 74.49677666666666,21.74856666666667,302.25610328432 74.49677,21.74855666666667,302.1560735710773 74.49676333333333,21.74854666666667,302.1560438578987 74.49675666666667,21.74854,302.2560244062614 74.49674666666667,21.74853,302.1559952288853 74.49674,21.74852,302.355965515904 74.49673333333334,21.74850666666667,302.4559255415467 74.49672666666667,21.74849333333333,302.3558855672746 74.49672000000001,21.74848,302.355845593088 74.49671666666667,21.74846666666667,302.6558050832 74.49670999999999,21.748455,302.855770239864 74.49670500000001,21.748445,303.055740259388 74.496695,21.74843333333333,303.0557059520266 74.49668833333334,21.74841833333333,303.1556608475507 74.49668333333334,21.74840666666666,303.3556257365867 74.49667500000001,21.74839333333334,303.9555860309067 74.49666499999999,21.74838333333333,304.0555568546266 74.49665666666667,21.74837,304.2555171491574 74.49665,21.74836,304.35548743712 74.49664333333334,21.74835,304.5554577251467 74.49663333333334,21.74834,304.4554285492267 74.49662666666667,21.74833166666667,304.655403968032 74.49661500000001,21.74832,304.6553699296639 74.49660666666666,21.74831,304.8553404860053 74.4966,21.74829833333333,305.0553056437867 74.49659666666666,21.74828666666667,305.255270265568 74.49659,21.74827333333333,305.6552302928746 74.49658500000001,21.74826333333333,306.0552003134106 74.49657833333335,21.748255,306.0551757326547 74.49657000000001,21.74825,306.0551616811999 74.49656,21.74824166666667,306.0551376366933 74.49655,21.748235,306.15511872284 74.49653833333333,21.74822833333333,306.0551000771346 74.49652833333333,21.74822,305.9550760328587 74.49651833333334,21.74821166666667,305.8550519886626 74.49650833333334,21.74820166666667,305.3550228140066 74.49649666666666,21.74819,305.0549887770293 74.49648999999999,21.74818166666666,304.8549641968613 74.49648333333333,21.74817,304.5549293557066 74.49647666666667,21.74816333333333,304.2549099061707 74.49646833333333,21.74815333333333,303.8548804638027 74.49646166666666,21.74814333333334,303.5548507533626 74.49645666666667,21.748135,303.0548259053253 74.49645166666666,21.74812166666667,303.054785665844 74.49644333333335,21.74810833333333,303.2547459627867 74.49643333333333,21.74809666666667,302.9547116585067 74.496425,21.74808666666667,302.9546822166133 74.49641666666666,21.748075,302.8546476443333 74.49640833333333,21.748065,303.1546182026066 74.49639999999999,21.748055,303.15458876096 74.49639000000001,21.748045,303.154559587624 74.49638,21.74803,303.054515023072 74.49636666666667,21.74801666666666,302.8544761255999 74.49634999999999,21.74800333333333,302.8544377648266 74.49633999999999,21.74799833333333,302.4544239831947 74.49633,21.74799,302.154399940816 74.49632166666667,21.74798166666667,302.154375630236 74.49630833333335,21.74797166666666,302.1543469942067 74.49629166666666,21.74796333333334,302.2543240252667 74.49628,21.747955,302.354300251552 74.49627000000001,21.74794666666667,302.4542762096214 74.49626166666667,21.74793833333333,302.4542518994547 74.49625333333333,21.74793,302.4542275893547 74.49624333333333,21.747925,302.2542138083067 74.49623333333334,21.747915,302.1541846363467 74.49622500000001,21.747905,302.25415519614 74.49621499999999,21.74789666666667,302.2541311546694 74.49620333333334,21.74788666666667,302.2541022513387 74.49619833333333,21.74787833333333,302.6540774049507 74.49618833333334,21.74787,303.0540533637146 74.49617833333333,21.74786166666667,303.2540293225587 74.49617333333335,21.74785333333334,303.2540044763307 74.49616833333333,21.74784333333334,303.1539744998747 74.496155,21.747835,303.153950995724 74.496145,21.74782666666666,303.0539269548693 74.49613333333333,21.74782,302.9539083127466 74.49612166666667,21.74781333333334,302.8538896706987 74.49610833333332,21.74780833333334,303.0538764273666 74.49609833333334,21.74780166666667,302.7538575170387 74.49608833333333,21.74779333333333,302.4538334765707 74.49607333333333,21.747785,302.1538102414987 74.49606333333332,21.74777833333333,302.0537913313946 74.49605166666667,21.74777166666667,301.853772689804 74.49603999999999,21.74776666666667,301.7537591784534 74.49602833333333,21.74776,301.4537405370027 74.49602,21.74774833333333,301.3537059682507 74.496015,21.74773833333334,301.6536759927827 74.49601,21.74772833333333,301.2536460173627 74.49601,21.74771666666667,301.1536101063733 74.49600833333334,21.747705,301.1535744638867 74.496005,21.74769166666666,301.0535339597933 74.49600000000001,21.74767833333334,301.2534937242667 74.49599166666667,21.747665,301.5534540258733 74.495985,21.74765,301.75340892892 74.49598166666667,21.74763833333333,301.7533735551827 74.49597666666666,21.74763,301.9533487102773 74.49597333333332,21.74762166666667,301.8533235968426 74.49597,21.74761166666666,302.0532933533253 74.49596833333334,21.7476,302.0532577111467 74.49596666666666,21.74758833333334,302.2532220689867 74.49596166666667,21.74758,302.2531972242614 74.49595333333333,21.74757,302.1531677866987 74.49594999999999,21.74755833333334,302.4531324132667 74.49594833333335,21.74754833333333,302.6531019013347 74.49594666666667,21.74753666666667,303.053066259328 74.49594499999999,21.74752666666667,303.4530357474293 74.49594333333333,21.74751833333333,303.7530103656347 74.49594166666667,21.74750666666666,304.0529747236799 74.49593666666667,21.74749333333333,304.2529344890027 74.49593333333334,21.74748166666667,304.6528991157867 74.49593499999999,21.74747,304.952862936536 74.49593499999999,21.74745833333333,305.0528270259666 74.49593833333333,21.747445,305.1527854478946 74.49594,21.747435,305.252754398672 74.49594,21.747425,305.15272361816 74.49594,21.74741166666667,305.1526825774773 74.49594,21.7474,305.05264666688 74.49593833333333,21.74738833333333,305.3526110250386 74.49593833333333,21.74737666666666,305.5525751144506 74.49594499999999,21.74736333333334,305.8525329986746 74.49595166666667,21.74735166666667,305.952496012908 74.49595666666667,21.74733666666667,306.152449035664 74.49596333333334,21.74732166666667,306.3524017895386 74.495965,21.74730833333333,306.8523604798867 74.49596833333334,21.74729333333333,306.8523137712746 74.495975,21.74727833333333,307.0522665249266 74.49597999999999,21.74726166666667,307.4522144172213 74.49598333333333,21.74725,307.4521779686667 74.49598666666667,21.74723833333333,307.4521415200747 74.49598833333333,21.747225,307.6521002102066 74.49598666666667,21.74721166666667,307.652059438112 74.49598666666667,21.74719666666666,307.352013267008 74.49598666666667,21.747185,306.8519773561493 74.49599333333335,21.74717666666666,306.5519506298346 74.49600166666667,21.74716666666666,306.0519185044 74.49601,21.747155,305.651881248744 74.49601833333332,21.74714833333333,305.4518593834387 74.49602666666667,21.74714166666667,305.35183751808 74.49603999999999,21.74713333333333,305.0518097156266 74.49605166666667,21.74712166666666,304.551771921684 74.496055,21.74711333333333,304.2517457328587 74.49606166666668,21.74710333333333,303.7517138758587 74.49607166666667,21.74709333333334,303.2516814808107 74.49608166666667,21.74708166666667,303.151643955468 74.49609333333333,21.74707166666667,303.1516112912107 74.496105,21.74706,302.951573496624 74.49611,21.74705,302.65154190824 74.49611666666667,21.74704166666667,302.2515151810001 74.49612,21.74703166666666,301.7514838615573 74.49612666666667,21.74702666666667,301.651467394688 74.49612999999999,21.74702666666667,300.8514668565973 74.49612999999999,21.74702833333333,300.1514719868347 74.49612999999999,21.74703,300.151477117072 74.49612999999999,21.74703333333333,300.3514873775466 74.49613166666667,21.74703333333333,300.3514871085067 74.49613333333333,21.747035,300.1514919697066 74.49613333333333,21.74703666666667,299.9514970999467 74.49612999999999,21.74703666666667,299.8514976380213 74.49612999999999,21.74703833333333,299.5515027682586 74.49612999999999,21.74704,299.351507898496 74.49612999999999,21.74704,299.351507898496 74.49612999999999,21.74704,299.351507898496 74.49612999999999,21.74704,299.351507898496 74.49612999999999,21.74704,299.351507898496 74.49612999999999,21.74704,299.351507898496 74.49612999999999,21.74704,299.351507898496 74.49612999999999,21.74704,299.351507898496 74.49615666666666,21.747035,298.0514882031653 74.49617166666667,21.74703333333333,298.0514806515466 74.49618666666667,21.747035,298.2514833604694 74.4962,21.74703333333333,298.5514760778667 74.49621333333333,21.74703,298.7514636649387 74.49622500000001,21.74702666666667,299.1514515210133 74.49623666666666,21.74702166666667,299.551434246728 74.49624666666666,21.74702,299.6514275021013 74.49625833333333,21.74702,299.8514256187466 74.49626833333333,21.74701833333334,300.2514188740947 74.49627666666667,21.74701833333334,300.7514175288347 74.496285,21.747015,301.351405922852 74.49629499999999,21.74701333333333,301.7513991781547 74.49630999999999,21.74700833333333,302.2513813655067 74.49632666666666,21.747005,302.6513684141173 74.49633666666666,21.74700166666667,302.851356538936 74.49634999999999,21.74699833333333,303.3513441255866 74.49636166666666,21.74699666666667,303.551337111688 74.496375,21.74699666666667,303.7513349591334 74.49638833333333,21.746995,304.2513276761347 74.49639833333335,21.74698833333333,304.4513055399026 74.49641166666667,21.74698666666666,304.551298256832 74.49642333333333,21.74698333333333,304.8512861123467 74.49643666666665,21.746985,305.1512890901893 74.49645333333333,21.74698833333333,305.4512966603947 74.49647,21.74699,305.951299100144 74.49648333333333,21.74699166666667,306.2513020780667 74.49649500000001,21.74699333333333,306.2513053250827 74.49650666666666,21.74699666666667,306.551313702656 74.49651666666666,21.74699666666667,306.7513120882401 74.49652833333333,21.747,307.0513204658666 74.49654000000001,21.74700333333334,307.2513288435307 74.49655333333334,21.74700833333333,307.4513420827466 74.49656666666667,21.74701166666667,307.45135019144 74.49657999999999,21.74701333333333,307.5513531695786 74.49659,21.74701166666667,307.4513464246373 74.4966,21.74700833333333,307.4513345490666 74.49661333333333,21.74701166666667,307.4513426578347 74.49663166666666,21.74701333333333,307.6513448288426 74.49665,21.747015,307.65134699988 74.49666000000001,21.74701666666666,307.6513505162133 74.49667333333333,21.74701666666666,307.4513483637867 74.49668666666666,21.74701666666666,307.25134621136 74.49670166666667,21.74701666666666,307.35134378988 74.49671833333333,21.747015,307.8513359686386 74.49673166666666,21.74701666666666,307.75133894692 74.49674333333334,21.74701166666667,307.9513216713627 74.49675333333333,21.74700666666667,308.0513046648106 74.49676333333333,21.74700166666667,308.3512876582107 74.496775,21.74699333333333,308.4512601209867 74.496785,21.74699,308.551248245032 74.49679833333333,21.74698833333333,308.6512409616627 74.49681000000001,21.746985,309.051228816568 74.49682,21.74698333333333,308.9512220713067 74.49682833333333,21.74697333333334,308.8511899411307 74.49682833333333,21.74696166666667,309.0511540255586 74.49682666666666,21.74694833333333,309.0511132482986 74.49682333333334,21.74693333333333,309.0510676093866 74.49682166666666,21.74692166666667,308.951031962972 74.49682,21.74690833333333,308.8509911857867 74.49681333333334,21.746895,308.7509512160747 74.49680499999999,21.74688166666666,308.3509115156093 74.49680499999999,21.74686833333334,308.4508704693907 74.49680166666667,21.74685833333333,308.2508402230866 74.49679833333333,21.74685,308.4508151075867 74.49679500000001,21.74684,308.650784861344 74.49678833333334,21.74683,308.6507551535386 74.49678166666666,21.74682,308.6507254457973 74.496775,21.74681,308.65069573812 74.49676833333334,21.74679833333333,308.6506608997586 74.49675999999999,21.74678666666667,308.6506263307093 74.49675499999999,21.74677666666667,308.5505963539973 74.49675166666665,21.74676833333333,308.4505712388146 74.49674666666667,21.74676,308.5505463929173 74.49674,21.74675166666667,308.8505218163253 74.496735,21.74674166666667,308.9504918397934 74.49673,21.74673,309.350456732592 74.49672333333334,21.74671833333333,309.5504218947386 74.49671499999999,21.74670666666667,309.6503873262614 74.49670999999999,21.74669333333333,310.0503470885546 74.49670500000001,21.74667833333333,310.4503017202147 74.49670166666667,21.74666833333333,310.8502714746946 74.49669833333334,21.74665666666666,311.1502360985147 74.49669333333333,21.74664333333333,311.7501958610347 74.49668666666666,21.74663166666667,311.950161023664 74.49668333333334,21.74662,312.2501256476267 74.49667833333334,21.74660666666667,312.6500854103307 74.49666833333335,21.74659333333333,312.9500459812747 74.49666166666665,21.74658333333333,313.5500162748667 74.49665499999999,21.746575,313.94999169918 74.496645,21.74656666666666,314.0499676623733 74.49663666666667,21.74655666666667,314.149938225584 74.49662666666667,21.74655,314.0499193195733 74.49661833333333,21.74654166666667,314.0498950135666 74.49660666666666,21.74653333333333,313.8498712465067 74.496595,21.74652166666666,313.7498372183213 74.49658666666666,21.74651166666667,313.549807781952 74.49657999999999,21.7465,313.3497729456 74.49657499999999,21.74649,313.34974297044 74.49656833333333,21.74647833333334,313.1497081342227 74.49656333333334,21.74646833333334,313.2496781591707 74.496555,21.74645833333333,313.0496487231666 74.49654666666667,21.74645,312.8496244178133 74.49654166666666,21.74644166666667,312.7495995735001 74.49653499999999,21.74643166666666,312.7495698681853 74.49652666666665,21.74642333333334,312.6495455630187 74.49652166666667,21.74641333333333,312.6495155882986 74.496515,21.74640166666666,312.7494807526253 74.49650666666666,21.74639166666667,312.64945131712 74.49650333333334,21.74638166666667,312.6494210730107 74.49649166666667,21.74637666666667,312.64940756836 74.49648166666665,21.74637166666666,312.549393794196 74.49647499999999,21.74637,312.24938974196 74.49646833333333,21.74636666666667,311.9493805592267 74.49645833333334,21.74636166666667,311.6493667851666 74.49644833333333,21.74635833333333,311.6493581416466 74.49643666666665,21.74635333333333,311.4493446372587 74.49642166666666,21.74634666666667,311.349326541632 74.49641,21.74634333333334,311.5493181678347 74.49639666666667,21.74634,311.7493100636693 74.49638,21.74633166666667,311.7492871074294 74.49637,21.74632666666666,311.2492733337493 74.49635833333333,21.74632166666667,310.8492598297266 74.49634999999999,21.74631666666667,310.3492457865333 74.49633999999999,21.74631333333333,309.9492371434027 74.49632666666666,21.74631333333333,309.9492393003306 74.49630999999999,21.74631166666666,310.0492368661093 74.49629333333334,21.74631333333333,309.9492446926507 74.49627833333334,21.74631,309.9492368584827 74.49627000000001,21.74630666666667,310.2492279458774 74.49625999999999,21.74630666666667,310.3492295636053 74.49624666666666,21.74630666666667,310.349231720576 74.496235,21.746305,310.5492284776039 74.49622333333333,21.746305,310.5492303649626 74.49621166666667,21.74630166666667,310.649221991716 74.49619833333333,21.7463,310.7492190184267 74.49618166666667,21.7463,310.7492217146934 74.496165,21.7463,310.44922441096 74.49615166666668,21.74629666666666,310.349216307464 74.49614,21.746295,310.5492130646239 74.49612833333335,21.74629333333333,310.5492098218027 74.49611666666667,21.74629666666666,310.34922196968 74.49610166666666,21.74629833333334,310.3492295265586 74.49608666666667,21.74629666666666,310.249226823008 74.49607166666667,21.74629666666666,310.149229249672 74.49605666666666,21.74629833333334,310.3492368065147 74.49604166666667,21.74629666666666,310.449234103 74.49602833333333,21.746295,310.6492311298787 74.49601666666668,21.74629333333333,310.6492278871467 74.49600333333333,21.74629,310.4492197839307 74.49598999999999,21.74628833333334,310.1492168108826 74.49598166666667,21.74628166666666,310.149197638588 74.49597,21.74628,310.049194395968 74.495965,21.74629,308.949225985528 74.49594833333335,21.74628833333334,308.9492235517827 74.49593166666666,21.746285,308.6492159879853 74.49591833333334,21.74628,308.4492027548907 74.49590333333335,21.746275,308.5491897915066 74.49588999999999,21.74627333333334,308.3491868186347 74.49587333333334,21.74627333333334,308.1491895151147 74.49585666666667,21.74627166666667,307.749187081576 74.49584,21.74626833333333,307.3491795180586 74.49583,21.74626333333333,307.2491657459787 74.49581833333333,21.74626333333333,307.1491676335706 74.49580833333333,21.746265,306.8491743814866 74.49579333333332,21.746265,306.8491768083787 74.495745,21.746265,306.349184628364 74.49573166666667,21.74626166666667,306.249176525764 74.49571833333333,21.74626166666667,306.2491786830227 74.49570833333334,21.74625666666667,306.4491649112667 74.49569666666666,21.74625166666666,306.749151409224 74.49568333333333,21.74625,306.8491484366667 74.49567,21.74625,306.749150594 74.49565833333332,21.74624833333333,306.7491473518067 74.495645,21.74624666666667,306.5491443793013 74.49563333333334,21.74624833333333,306.9491513968267 74.49561333333332,21.746245,306.9491443731947 74.49560166666667,21.74624333333334,306.9491411310747 74.49558666666667,21.74624333333334,306.8491435581226 74.49556833333332,21.746245,306.9491516543027 74.49555333333333,21.74624166666667,306.6491438217867 74.49553999999999,21.74623833333333,306.6491357196427 74.49552833333334,21.74623333333333,307.2491222181067 74.49551833333334,21.74623,307.5491135766906 74.49550666666667,21.74622666666667,307.849105204992 74.49549499999999,21.74622833333334,308.3491122225187 74.49548166666666,21.74622333333333,308.7490989908347 74.49546333333333,21.74621833333333,308.9490865682907 74.49545166666667,21.746215,308.9490781967453 74.495445,21.746215,308.949079275524 74.49543666666666,21.74621333333334,308.9490754943147 74.49542333333333,21.74621333333334,308.8490776518827 74.49541166666667,21.74621333333334,309.3490795397547 74.49540166666667,21.74621333333334,309.5490811579306 74.49538666666668,21.74620833333334,309.9490681962667 74.49537333333333,21.746205,309.9490600946027 74.49535999999999,21.74620166666667,310.0490519929813 74.495345,21.74619833333334,310.3490441611107 74.49533166666667,21.74619666666667,310.549041189176 74.49531833333334,21.746195,310.4490382172627 74.49530833333333,21.74619166666666,310.2490295763667 74.49530333333334,21.74619166666666,309.9490303855067 74.49529166666666,21.74619166666666,309.7490322735 74.49527666666667,21.74619166666666,309.74903470092 74.495265,21.74619166666666,309.9490365889133 74.49524833333334,21.74618833333333,310.2490290269827 74.49522833333334,21.746185,310.5490220045426 74.49521,21.74617833333333,310.5490044534426 74.49519666666667,21.74617666666666,310.449001481744 74.49518666666667,21.74617333333333,310.3489928411307 74.49517833333333,21.74617333333333,310.5489941897706 74.49516833333334,21.74617333333333,310.4489958081386 74.49515500000001,21.74617333333333,310.1489979659627 74.49514666666667,21.74617,310.2489890557013 74.49513499999999,21.746165,310.548975555492 74.49511833333332,21.74616166666666,310.8489679939826 74.49510000000001,21.746155,311.14895044344 74.495085,21.74615333333334,311.3489477417227 74.49507666666666,21.746155,310.9489542198373 74.49507,21.74615666666667,310.7489604281973 74.49506,21.746155,310.648956917264 74.49505166666667,21.74614833333333,310.5489377484786 74.49504166666667,21.746145,310.7489291082334 74.49503,21.74614,310.748915608416 74.49501166666667,21.74613666666666,310.848908317032 74.494985,21.74613333333333,311.0489023745066 74.49496000000001,21.74613,311.248896162304 74.49494,21.74612833333333,311.3488942701707 74.49493333333334,21.74612833333333,311.8488953492267 74.49493000000001,21.74612333333334,311.8488805009226 74.49493166666666,21.74612166666667,312.148875101876 74.49493000000001,21.74612,312.148870242368 74.49492333333333,21.74611833333334,312.1488661921787 74.49491500000001,21.74611666666666,312.1488624117733 74.49490666666667,21.74611333333333,312.1488535021226 74.49489833333334,21.74611166666667,312.0488497217506 74.49488833333334,21.74611,311.8488462111707 74.49488166666667,21.74610833333334,311.6488421610467 74.49487500000001,21.74610666666667,311.7488381109333 74.49486499999999,21.74610333333333,311.6488294711706 74.49484833333332,21.74610333333333,311.8488321690106 74.49482166666667,21.74610333333333,311.8488364855547 74.4948,21.74610333333333,312.0488399927467 74.49478833333333,21.74610333333333,312.6488418812347 74.49478333333333,21.74610333333333,312.7488426905867 74.49477499999999,21.74610166666666,312.8488389103533 74.49476833333333,21.74610166666666,312.9488399894947 74.49475833333332,21.7461,313.0488364790667 74.49474666666667,21.74609666666667,313.148828109312 74.49473500000001,21.746095,313.248824868716 74.49472,21.74609166666666,313.4488170386134 74.49470333333333,21.74609,313.5488146074507 74.49469333333333,21.746085,313.8488008389547 74.49468833333334,21.74608,314.0487862610987 74.49468333333333,21.746075,314.0487716832666 74.49468333333333,21.74607333333334,313.8487665541867 74.49468,21.74607,313.248756835648 74.49467833333333,21.74607333333334,312.6487673636107 74.49467666666666,21.74607333333334,312.0487676334187 74.494675,21.74607666666667,311.4487781613734 74.49467333333334,21.74607833333334,311.0487835602506 74.49467166666666,21.74607833333334,310.5487838300547 74.49467166666666,21.74607666666667,310.148778700984 74.49467166666666,21.74607666666667,309.848778700984 74.49467166666666,21.746075,309.6487735719134 74.49467166666666,21.746075,309.6487735719134 74.49467166666666,21.746075,309.6487735719134 74.49467166666666,21.746075,309.6487735719134 74.49467166666666,21.746075,309.6487735719134 74.49467166666666,21.746075,309.6487735719134 74.49467166666666,21.746075,309.6487735719134 74.49467166666666,21.746075,309.6487735719134 74.49467166666666,21.746075,309.6487735719134 74.49467166666666,21.746075,309.6487735719134 74.49467166666666,21.746075,309.6487735719134 74.49467166666666,21.746075,309.6487735719134 74.49467166666666,21.746075,309.6487735719134 74.49467166666666,21.746075,309.6487735719134 74.49467166666666,21.746075,309.6487735719134 74.49467166666666,21.746075,309.6487735719134 74.49467166666666,21.746075,309.6487735719134 74.49467166666666,21.746075,309.6487735719134 74.49467166666666,21.746075,309.6487735719134 74.49467166666666,21.746075,309.6487735719134 74.49467166666666,21.746075,309.6487735719134 74.49467166666666,21.746075,309.6487735719134 74.49467166666666,21.746075,309.6487735719134 74.49467166666666,21.746075,309.6487735719134 74.49467166666666,21.746075,309.6487735719134 74.49467166666666,21.746075,309.6487735719134 74.49467166666666,21.746075,309.6487735719134 74.49467166666666,21.746075,309.6487735719134 74.49467166666666,21.746075,309.6487735719134 74.49467166666666,21.746075,309.6487735719134 74.49467166666666,21.746075,309.6487735719134 74.49467166666666,21.746075,309.6487735719134 74.49467166666666,21.746075,309.6487735719134 74.49467166666666,21.746075,309.6487735719134 74.49467166666666,21.746075,309.6487735719134 74.49467166666666,21.746075,309.6487735719134 74.49467166666666,21.746075,309.6487735719134 74.49467166666666,21.746075,309.6487735719134 74.49467166666666,21.746075,309.6487735719134 74.49467166666666,21.746075,309.6487735719134 74.49467166666666,21.746075,309.6487735719134 74.49467166666666,21.746075,309.6487735719134 74.49467166666666,21.746075,309.6487735719134 74.49467166666666,21.746075,309.6487735719134 74.49467166666666,21.746075,309.6487735719134 74.49467166666666,21.746075,309.6487735719134 74.49467166666666,21.746075,309.6487735719134 74.49467166666666,21.746075,309.6487735719134 74.49467166666666,21.746075,309.6487735719134 74.49467166666666,21.746075,309.6487735719134 74.49467166666666,21.746075,309.6487735719134 74.49467166666666,21.746075,309.6487735719134 74.49467166666666,21.746075,309.6487735719134 74.49467166666666,21.746075,309.6487735719134 74.49467166666666,21.746075,309.6487735719134 74.49467166666666,21.746075,309.6487735719134 74.49467166666666,21.746075,309.6487735719134 74.49467166666666,21.746075,309.6487735719134 74.49467166666666,21.746075,309.6487735719134 74.49467166666666,21.746075,309.6487735719134 74.49467166666666,21.746075,309.6487735719134 74.49467166666666,21.746075,309.6487735719134 74.49467166666666,21.746075,309.6487735719134 74.49467166666666,21.746075,309.6487735719134 74.49467166666666,21.746075,309.6487735719134 74.49467166666666,21.746075,309.6487735719134 74.49467166666666,21.746075,309.6487735719134 74.49467166666666,21.746075,309.6487735719134 74.49467166666666,21.746075,309.6487735719134 74.49467166666666,21.746075,309.6487735719134 74.49467166666666,21.746075,309.6487735719134 74.49467166666666,21.746075,309.6487735719134 74.49467166666666,21.746075,309.6487735719134 74.49467166666666,21.746075,309.6487735719134 74.49467166666666,21.746075,309.6487735719134 74.49467166666666,21.746075,309.6487735719134 74.49467166666666,21.746075,309.6487735719134 74.49467166666666,21.746075,309.6487735719134 74.49467166666666,21.746075,309.6487735719134 74.49467166666666,21.746075,309.6487735719134 74.49467166666666,21.746075,309.6487735719134 74.49467166666666,21.746075,309.6487735719134 74.49467166666666,21.746075,309.6487735719134 74.49467166666666,21.746075,309.6487735719134 74.49467166666666,21.746075,309.6487735719134 74.49467166666666,21.746075,309.6487735719134 74.494635,21.74607,304.048764120536 74.49463166666666,21.74607,304.4487646601573 74.49462666666666,21.74607166666666,304.848770598624 74.494625,21.74607,305.3487657394 74.49462166666667,21.74607,305.9487662790214 74.49461666666666,21.74606833333333,306.5487619594267 74.49461666666666,21.74606666666667,306.9487568304 74.49461333333333,21.746065,306.9487522410027 74.49460999999999,21.746065,306.848752780632 74.49461166666667,21.746065,306.6487525108173 74.49460999999999,21.74606333333334,306.6487476516107 74.49460999999999,21.74606333333334,306.6487476516107 74.49460999999999,21.74606333333334,306.6487476516107 74.49460999999999,21.74606333333334,306.6487476516107 74.49460999999999,21.74606333333334,306.6487476516107 74.49460999999999,21.74606333333334,306.6487476516107 74.49460999999999,21.74606333333334,306.6487476516107 74.49460999999999,21.74606333333334,306.6487476516107 74.49460999999999,21.74606333333334,306.6487476516107 74.49460999999999,21.74606333333334,306.6487476516107 74.49460999999999,21.74606333333334,306.6487476516107 74.49460999999999,21.74606333333334,306.6487476516107 74.49457833333332,21.74605,307.6487117461467 74.49457166666666,21.74604833333334,307.6487076964627 74.49456666666667,21.74604666666666,307.84870337696 74.49456499999999,21.74604666666666,308.1487036467893 74.49456333333333,21.74604666666666,308.1487039166187 74.49456166666667,21.746045,308.1486990574654 74.49455666666667,21.74604833333334,307.9487101249147 74.49454666666666,21.74605,307.9487168728533 74.49453833333334,21.74605,307.9487182219867 74.49452666666666,21.74604833333334,307.9487149818187 74.49451500000001,21.746045,307.848706612724 74.49450166666666,21.74604333333333,307.7487036424347 74.49449,21.74604,307.648695273408 74.49447666666667,21.74603833333333,307.4486923031707 74.49446333333334,21.746035,307.2486842040507 74.49445333333333,21.74603,307.1486704363947 74.49444,21.74602833333334,306.7486674662507 74.49442666666667,21.74602833333334,306.4486696250027 74.49441833333334,21.74602833333334,306.4486709742227 74.49441,21.74602666666666,306.5486671945813 74.49439833333332,21.746025,306.4486639546467 74.49438833333333,21.74602166666667,306.2486553160387 74.49437833333333,21.74601833333334,306.3486466774627 74.49436999999999,21.74601666666667,306.6486428978933 74.49436166666666,21.74601666666667,307.14864424716 74.49435333333332,21.746015,307.6486404676107 74.49433999999999,21.74601333333333,307.9486374976427 74.49433166666667,21.74601166666666,308.0486337181239 74.49432499999999,21.74600833333333,308.0486245399666 74.494315,21.746005,308.148615901556 74.49430833333332,21.746,308.0486015946666 74.49430166666666,21.745995,307.9485872878093 74.49429000000001,21.74599,308.048573790608 74.49427833333333,21.74598666666667,308.0485654222186 74.494265,21.74598333333333,308.0485573237466 74.49425166666667,21.74598333333333,308.1485594827867 74.49423666666667,21.745985,308.0485670404293 74.49422333333334,21.74598333333333,308.0485640707466 74.49421333333333,21.74598166666666,307.9485605613227 74.49420000000001,21.74598,307.74855759168 74.49418666666666,21.74597666666667,307.448549493376 74.49418,21.74597333333334,307.3485403155627 74.49417166666667,21.74596833333333,307.3485262789906 74.49416666666666,21.74596666666666,307.34852196 74.49416166666667,21.745965,307.2485176410174 74.49415500000001,21.74596333333333,307.1485135919386 74.49414833333334,21.74596,307.1485044142187 74.49413666666666,21.74596166666667,307.048511432152 74.494125,21.74596166666667,306.8485133214333 74.49411166666667,21.74596,306.8485103519893 74.49409999999999,21.74596,306.84851224128 74.494085,21.74595833333334,306.8485095417666 74.49407166666667,21.74595666666666,306.748506572376 74.49406,21.74595333333333,306.7484982045227 74.49405333333334,21.74594666666667,306.7484787698347 74.49405333333334,21.74594,306.6484582555307 74.49404833333332,21.745935,306.6484436795587 74.49404,21.74593,306.648429643456 74.49402833333333,21.74592166666666,306.6484058901347 74.49400666666666,21.74591833333333,306.2483991421387 74.49398166666667,21.74592,306.1484083196373 74.49395333333334,21.74591666666667,306.3484026514666 74.49393166666667,21.745915,306.1484010321213 74.49391833333334,21.74591333333334,306.0483980631307 74.49390666666666,21.74591,305.7483896957654 74.49389500000001,21.74590833333333,305.6483864568867 74.49388833333335,21.745905,305.8483772797587 74.49387833333334,21.74590166666667,305.8483686425427 74.49386833333332,21.7459,305.9483651337867 74.49385833333334,21.74589666666667,306.0483564966266 74.49384833333333,21.74589,305.8483376026746 74.49384166666667,21.74588666666667,305.74832842568 74.493835,21.74588166666667,305.6483141203053 74.49382833333334,21.74587833333333,305.5483049433586 74.49381666666666,21.745875,305.6482965763333 74.49380333333333,21.74587333333333,305.7482936076907 74.49378333333334,21.74586833333334,305.7482814622267 74.49376666666667,21.74585833333333,306.1482533918667 74.49375166666667,21.74584833333333,306.2482250516787 74.49373999999999,21.74584333333333,306.0482115566186 74.493735,21.74584,305.948202109952 74.49373333333332,21.74583666666667,305.7481921233067 74.49372666666666,21.74583333333333,305.6481829466667 74.49372,21.74583,305.648173770048 74.49370833333334,21.74582666666667,305.4481654034667 74.49369,21.74582333333334,305.4481581169547 74.49366833333333,21.74581666666666,305.5481411139866 74.49365166666666,21.74580666666667,306.148113044592 74.49364,21.74580333333333,306.4481046782507 74.49363166666667,21.74580166666666,306.648100900132 74.49363,21.745795,306.648080657208 74.49362333333333,21.745795,306.8480817373306 74.49361500000001,21.74579333333334,306.8480779592587 74.49361333333333,21.74579,306.9480679728427 74.49361166666667,21.74578666666666,307.348057986432 74.49360333333334,21.745785,307.7480542084027 74.49359333333334,21.74578333333333,307.9480507004267 74.49357833333333,21.74577833333334,308.1480377461987 74.49355999999999,21.74577,308.348015075776 74.49354333333333,21.74576,308.4479870072747 74.49353833333333,21.74574666666667,308.9479467921387 74.49353500000001,21.74573666666667,309.1479165633093 74.49352999999999,21.74573,309.047896860912 74.49352166666667,21.74572333333333,309.0478776987226 74.49351499999999,21.74572333333333,309.3478787790747 74.49350333333334,21.74571666666667,309.4478601571467 74.49349166666666,21.74571166666666,309.5478466634199 74.49347666666667,21.74570833333333,309.5478388380666 74.49345833333334,21.74570333333333,309.4478264248667 74.49344166666667,21.745695,309.4478034854733 74.49343166666667,21.74569,309.1477897219013 74.49342499999999,21.74568166666666,308.9477651619933 74.49342166666666,21.745675,308.8477451899533 74.49341666666666,21.74566833333333,308.4477254880667 74.49341,21.74566333333333,308.1477111844106 74.49340000000001,21.74565833333333,308.0476974210666 74.49338666666667,21.745655,308.0476893261013 74.49337833333334,21.74565166666666,307.9476804207426 74.493365,21.745645,307.847662069804 74.49334999999999,21.74563666666666,307.8476388610933 74.49333499999999,21.74562666666667,307.6476105245013 74.49332333333334,21.74561666666667,307.7475816477067 74.49331333333333,21.74561166666667,307.7475678847946 74.49330333333334,21.74560833333333,307.7475592499067 74.49329166666666,21.74560666666666,307.5475560131999 74.49328166666666,21.745605,307.6475525063293 74.49327166666667,21.7456,307.5475387435733 74.49325833333334,21.74559333333333,307.3475203933066 74.49324833333334,21.74558666666667,307.3475015027307 74.49323833333332,21.74558166666667,307.3474877401426 74.49321333333334,21.745575,307.2474712815467 74.49319166666668,21.74556666666667,307.0474491547999 74.49317333333333,21.74556333333333,306.9474418714026 74.493165,21.74555666666667,307.0474227110213 74.49315499999999,21.74555166666666,307.1474089487773 74.49314166666666,21.745545,306.9473905991933 74.493115,21.745535,306.447364155932 74.493105,21.74552833333333,306.5473452660946 74.49309833333334,21.74552166666667,306.5473258358226 74.49309666666666,21.74551666666667,306.54731072264 74.49309833333334,21.74551166666667,306.4472950689507 74.49309333333333,21.74550833333334,306.5472856241066 74.49305333333334,21.74549833333333,306.0472613436906 74.49303166666667,21.74549333333334,305.8472494738987 74.49301166666667,21.745485,305.7472270784493 74.49299166666667,21.74547833333333,305.9472098108866 74.49297333333334,21.74547333333333,305.8471974008747 74.49295333333333,21.745465,305.7471750058507 74.49294666666667,21.74546333333334,306.0471709593386 74.49294666666667,21.74546,306.7471607039574 74.49294166666667,21.74545833333333,306.7471563871667 74.49293333333334,21.74545333333333,306.8471423556267 74.492925,21.74544833333334,306.5471283241266 74.49291833333334,21.745445,306.7471191500227 74.49290666666667,21.74543833333333,306.5471005315626 74.49289333333333,21.74543333333333,306.4470873111467 74.49287666666667,21.745425,306.6470643761733 74.49285666666667,21.74541666666666,306.747041982 74.492835,21.74541166666667,306.8470301135293 74.49281500000001,21.74540333333334,306.9470077196507 74.4928,21.74539333333333,307.0469793873066 74.49278333333334,21.74538333333333,306.8469513254666 74.49277166666667,21.74537333333334,306.8469224526826 74.49276166666667,21.745365,306.9468984371773 74.49275333333334,21.74535833333334,307.0468792789067 74.49274333333332,21.74535666666667,306.7468757736587 74.49273666666666,21.74535333333333,306.5468666001386 74.49273666666666,21.745355,306.2468717276614 74.49273666666666,21.745355,306.1468717276613 74.49273833333334,21.74535666666667,306.1468765848027 74.49273833333334,21.74535833333334,306.2468817123267 74.49273333333333,21.74535833333334,306.5468825234666 74.49272999999999,21.74535333333333,306.7468676816747 74.49272666666667,21.74535,306.7468579674133 74.49271999999999,21.74534833333333,306.8468539214506 74.49271166666668,21.74534333333333,306.8468398908826 74.492695,21.74533833333333,307.0468272123346 74.49267333333334,21.74533333333333,307.1468153450667 74.49265666666666,21.74532666666666,307.246797539232 74.492645,21.74531833333333,307.3467737948226 74.49263999999999,21.74531,307.546748968832 74.49263333333333,21.74530166666667,307.7467244133067 74.492625,21.745295,307.6467052557 74.49262,21.74528833333333,307.5466855572746 74.49261333333334,21.74528,307.5466610018987 74.49260166666666,21.745275,307.3466475127533 74.49258833333333,21.74527166666667,307.2466394215187 74.49257333333334,21.745265,306.9466213459947 74.492555,21.74525833333333,306.7466038114867 74.49253666666667,21.74525666666667,306.746601659184 74.49252,21.745255,306.646599236448 74.49251166666666,21.74525166666666,306.646590334076 74.49250666666667,21.745245,306.5465706361173 74.49250333333333,21.74523833333334,306.5465506677147 74.49249666666667,21.74523333333333,306.2465363676267 74.49248666666668,21.74523,306.0465277358613 74.49247666666666,21.74522666666667,305.946519104128 74.49247,21.74522333333334,305.8465099314507 74.49245999999999,21.74521833333333,305.6464961724747 74.49244666666667,21.74521,305.6464726999573 74.49242833333332,21.74519833333333,305.4464397845107 74.49240833333333,21.74518666666667,305.3464071397867 74.49238666666666,21.74518,305.2463901475413 74.49236666666667,21.74517333333333,305.1463728849067 74.49235333333333,21.74516666666667,305.1463545402667 74.49234666666666,21.74516333333333,305.0463453679786 74.49234,21.74516166666666,305.2463413229174 74.49233333333333,21.74515833333333,305.3463321506666 74.49232666666667,21.74514833333334,305.6463024696587 74.49232166666667,21.74514,305.8462776453493 74.49231,21.74513666666667,305.9462692848693 74.49229833333334,21.74513333333334,305.7462609244267 74.49228833333333,21.74512833333333,306.0462471662946 74.49227833333333,21.74512333333333,306.0462334082106 74.49226666666667,21.74512,306.3462250478933 74.49225333333334,21.74511333333333,306.6462067039146 74.492245,21.74510666666667,306.9461875482774 74.49223666666667,21.74510166666666,307.046173519816 74.49222833333333,21.74509666666667,307.2461594913947 74.49221833333333,21.74509333333333,307.2461508607147 74.49220999999999,21.74509333333333,307.2461522136747 74.4922,21.74509166666667,307.2461487101334 74.49219166666667,21.74509,307.0461449360133 74.49218333333333,21.74508666666667,307.0461360348266 74.49217833333334,21.74508,307.4461163383147 74.49217,21.74507166666666,307.2460920559813 74.492155,21.74506666666667,307.4460791102933 74.49214000000001,21.745065,307.346076418768 74.492125,21.74505666666666,307.3460532191333 74.49210833333333,21.74504833333334,307.3460302902467 74.49209333333333,21.74503833333333,307.4460019638507 74.49208,21.74503,307.345978493952 74.49207,21.74502333333333,307.3459596098506 74.49206333333333,21.74501833333334,307.5459453114906 74.49205666666667,21.74501333333334,307.6459310131627 74.49205166666667,21.74500833333333,307.7459164442067 74.492045,21.745005,308.045907272908 74.49203166666666,21.745,308.2458940573333 74.49201166666667,21.744995,308.2458819245053 74.49199166666668,21.74498833333334,308.1458646648467 74.49197333333333,21.74498,308.3458420077226 74.49195666666667,21.74497166666667,308.145819080056 74.49194333333334,21.744965,308.1458007380187 74.49193333333332,21.74495666666667,308.0457767277866 74.49192833333333,21.74495166666667,308.0457621592627 74.49192166666667,21.74494666666667,308.045747861472 74.49191500000001,21.74494,307.745728436848 74.49191166666667,21.74493166666667,307.745703343964 74.49190166666668,21.74493,307.6456998414373 74.49189,21.74492666666667,307.4456914828053 74.49188333333333,21.744925,307.3456874388667 74.49187833333333,21.74492333333334,307.0456831242107 74.49187166666667,21.74492,306.8456739534613 74.49185833333333,21.74491666666667,306.4456658656667 74.49184333333332,21.74491166666667,306.3456529218427 74.49182500000001,21.74490666666667,306.0456405195733 74.49180500000001,21.74489833333334,305.9456181345827 74.49178499999999,21.74489333333333,305.8456060032747 74.491765,21.74489166666666,305.8456041255533 74.49175,21.74488833333333,305.8455963088667 74.49174833333333,21.74488166666667,305.4455760726947 74.49175166666667,21.74487666666666,305.245560150968 74.49174833333333,21.744875,305.0455555657666 74.49174500000001,21.74488,304.945571487488 74.49174166666667,21.74488333333334,304.6455822824666 74.49173333333333,21.74488666666667,304.4455938897067 74.49171833333334,21.74488,304.2455758196907 74.49169833333333,21.74487,304.0455483086906 74.49168,21.74486166666667,303.8455256537813 74.491665,21.74485333333334,303.8455024574507 74.49165166666667,21.74484333333333,303.8454738637947 74.49164,21.74483666666667,303.8454552527573 74.49163166666668,21.74483166666666,303.645441226828 74.49162666666666,21.74482833333333,303.3454317859627 74.49162333333334,21.744825,302.7454220743067 74.49162,21.74482166666667,302.5454123626613 74.49161666666667,21.74481833333333,302.5454026510266 74.49160499999999,21.744815,302.545394293476 74.49158833333333,21.74481166666667,302.4453867484147 74.49156833333333,21.74480833333334,302.4453797450467 74.49154166666668,21.7448,302.2453584453334 74.49152000000001,21.74479333333334,302.2453414598827 74.491505,21.74479,302.145333644296 74.49149166666666,21.744785,302.1453204313933 74.49148666666666,21.74478,302.3453058643413 74.49148166666667,21.74477333333333,302.5452861707946 74.49147666666666,21.74477,302.9452767303093 74.49146833333333,21.74476666666667,303.2452678315467 74.491455,21.74476166666667,303.4452546188813 74.49143666666667,21.74476,303.8452524718293 74.49142000000001,21.74475666666666,304.2452449274774 74.491405,21.74475333333333,304.5452371123146 74.49139333333332,21.74475166666667,304.8452338819147 74.49138166666667,21.74474666666667,305.245220398656 74.49137,21.74474,305.645201789024 74.49136666666666,21.74473666666667,305.74519207792 74.491365,21.74473666666667,305.7451923487973 74.49135833333334,21.74473333333334,305.5451831794666 74.49135333333334,21.74473166666667,305.4451788656907 74.491345,21.74473,305.445175093688 74.49133166666667,21.74472833333333,305.5451721343507 74.49131000000001,21.74472833333333,305.7451756558427 74.49128999999999,21.74472666666666,305.5451737800853 74.491275,21.744725,305.5451710917 74.49126666666666,21.744725,305.1451724461334 74.49126666666666,21.744725,304.8451724461333 74.49126333333334,21.744725,304.7451729879067 74.49125666666667,21.744725,304.6451740714533 74.49125000000001,21.74472333333333,304.5451700286666 74.49124166666667,21.74472166666667,304.44516625678 74.49123,21.74471833333333,304.4451579003706 74.491215,21.744715,304.245150085788 74.49119999999999,21.74471166666666,304.1451422712533 74.49118666666666,21.74471,304.1451393121494 74.49117333333334,21.74470666666667,304.0451312267946 74.49116000000001,21.744705,303.845128267744 74.491145,21.74469833333334,303.6451102008706 74.49112666666666,21.74469333333333,302.9450978021547 74.49110833333334,21.74469,302.3450905297466 74.49109333333334,21.74468833333334,301.9450878417707 74.49108,21.74468333333333,301.7450746305067 74.49106666666667,21.74467833333333,301.7450614193067 74.49105333333334,21.74467666666667,301.6450584605227 74.49104166666666,21.74467166666667,301.6450449785 74.49102833333333,21.74467,301.6450420197787 74.49101666666667,21.74466666666666,301.545033664 74.491005,21.74466166666667,301.5450201821213 74.49099333333334,21.74466,301.3450169525547 74.49098000000001,21.744655,301.245003741712 74.49096666666667,21.74465166666666,301.04499565704 74.49095333333334,21.744645,300.8449773202186 74.49094166666667,21.74464,300.7449638386133 74.490925,21.744635,300.44495116994 74.49091166666668,21.74463,300.1449379594213 74.4909,21.74462666666667,299.9449296040534 74.49088833333333,21.74462,300.0449109966347 74.49088,21.74461666666667,300.1449020994133 74.49086833333334,21.74461333333334,300.1448937441706 74.49086000000001,21.74461166666667,300.0448899730293 74.490855,21.74461166666667,300.0448907859613 74.49084833333333,21.74461,299.6448867438586 74.49083833333334,21.74460666666666,299.2448781177227 74.49082333333334,21.744605,299.0448754305626 74.49081,21.74460166666667,299.1448673464613 74.49079333333334,21.74459833333334,299.2448598043787 74.49077666666668,21.74459333333333,299.4448471363947 74.49076333333333,21.74459,299.3448390524426 74.49074999999999,21.744585,299.5448258425999 74.49073666666666,21.74458166666667,299.444817758744 74.49072500000001,21.74457666666666,299.5448042780133 74.49071666666667,21.74457166666667,299.74479025532 74.49071666666667,21.74456666666667,299.7447748776 74.49071333333333,21.74456166666666,299.7447600419147 74.49071166666666,21.74455666666667,299.744744935224 74.49070333333334,21.74455166666667,299.7447309126427 74.49069833333333,21.74454666666666,299.7447163480427 74.490685,21.74454333333333,299.5447082645146 74.49066833333333,21.74453666666667,299.2446904713627 74.49064666666666,21.74453,298.9446734914454 74.49062000000001,21.74452333333334,298.8446573248107 74.49059666666668,21.74452,298.9446508678614 74.49057500000001,21.74451666666666,299.0446441399333 74.49054666666666,21.74451333333333,299.2446384962986 74.490515,21.74451166666667,299.2446385206173 74.49048666666665,21.74450833333334,299.2446328771467 74.49045833333334,21.74450333333333,299.2446221080667 74.49043166666667,21.74449833333333,299.0446110680546 74.49041666666668,21.744485,298.6445725023333 74.49040666666666,21.74447666666667,298.544548500512 74.49040166666667,21.74446833333333,297.9445236854947 74.49039999999999,21.744465,297.94451370528 74.49040333333333,21.74446,298.0444977861226 74.49040333333333,21.744455,298.1444824091546 74.49039999999999,21.74445,298.1444675744 74.49039833333333,21.74445166666667,298.2444729711587 74.49039833333333,21.744455,298.3444832224627 74.49039666666665,21.74445833333333,298.5444937448667 74.49039666666665,21.74446166666667,298.644503996168 74.49039666666665,21.744465,298.7445142474693 74.49039666666665,21.74446333333334,299.0445091218186 74.49039500000001,21.74446333333334,299.1445093929146 74.49039333333333,21.74446333333334,299.1445096640107 74.49039333333333,21.74446333333334,299.1445096640107 74.49039333333333,21.74446333333334,299.1445096640107 74.49039333333333,21.74446333333334,299.1445096640107 74.49039333333333,21.74446333333334,299.1445096640107 74.49039333333333,21.74446333333334,299.1445096640107 74.49039333333333,21.74446333333334,299.1445096640107 74.49039333333333,21.74446333333334,299.1445096640107 74.49039333333333,21.74446333333334,299.1445096640107 74.49039333333333,21.74446333333334,299.1445096640107 74.49039333333333,21.74446333333334,299.1445096640107 74.49039333333333,21.74446333333334,299.1445096640107 74.49039333333333,21.74446333333334,299.1445096640107 74.49039333333333,21.74446333333334,299.1445096640107 74.49039333333333,21.74446333333334,299.1445096640107 74.49039333333333,21.74446333333334,299.1445096640107 74.49039333333333,21.74446333333334,299.1445096640107 74.49039333333333,21.74446333333334,299.1445096640107 74.49039333333333,21.74446333333334,299.1445096640107 74.49039333333333,21.74446333333334,299.1445096640107 74.49039333333333,21.74446333333334,299.1445096640107 74.49039333333333,21.74446333333334,299.1445096640107 74.49039333333333,21.74446333333334,299.1445096640107 74.49039333333333,21.74446333333334,299.1445096640107 74.49039333333333,21.74446333333334,299.1445096640107 74.49039333333333,21.74446333333334,299.1445096640107 74.49039333333333,21.74446333333334,299.1445096640107 74.49039333333333,21.74446333333334,299.1445096640107 74.49039333333333,21.74446333333334,299.1445096640107 74.49039333333333,21.74446333333334,299.1445096640107 74.49039333333333,21.74446333333334,299.1445096640107 74.49039333333333,21.74446333333334,299.1445096640107 74.49039333333333,21.74446333333334,299.1445096640107 74.49039333333333,21.74446333333334,299.1445096640107 74.49039333333333,21.74446333333334,299.1445096640107 74.49039333333333,21.74446333333334,299.1445096640107 74.49039333333333,21.74446333333334,299.1445096640107 74.49039333333333,21.74446333333334,299.1445096640107 74.49039333333333,21.74446333333334,299.1445096640107 74.49039333333333,21.74446333333334,299.1445096640107 74.49039333333333,21.74446333333334,299.1445096640107 74.49039333333333,21.74446333333334,299.1445096640107 74.49039333333333,21.74446333333334,299.1445096640107 74.49039333333333,21.74446333333334,299.1445096640107 74.49039333333333,21.74446333333334,299.1445096640107 74.49039333333333,21.74446333333334,299.1445096640107 74.49039333333333,21.74446333333334,299.1445096640107 74.49039333333333,21.74446333333334,299.1445096640107 74.49039333333333,21.74446333333334,299.1445096640107 74.49039333333333,21.74446333333334,299.1445096640107 74.49039333333333,21.74446333333334,299.1445096640107 74.49039333333333,21.74446333333334,299.1445096640107 74.49039333333333,21.74446333333334,299.1445096640107 74.49039333333333,21.74446333333334,299.1445096640107 74.49039333333333,21.74446333333334,299.1445096640107 74.49039333333333,21.74446333333334,299.1445096640107 74.49039333333333,21.74446333333334,299.1445096640107 74.49039333333333,21.74446333333334,299.1445096640107 74.49039333333333,21.74446333333334,299.1445096640107 74.49039333333333,21.74446333333334,299.1445096640107 74.49039333333333,21.74446333333334,299.1445096640107 74.49039333333333,21.74446333333334,299.1445096640107 74.49039333333333,21.74446333333334,299.1445096640107 74.49039333333333,21.74446333333334,299.1445096640107 74.49039333333333,21.74446333333334,299.1445096640107 74.49039333333333,21.74446333333334,299.1445096640107 74.49039333333333,21.74446333333334,299.1445096640107 74.49039333333333,21.74446333333334,299.1445096640107 74.49039333333333,21.74446333333334,299.1445096640107 74.49039333333333,21.74446333333334,299.1445096640107 74.49039333333333,21.74446333333334,299.1445096640107 74.49037166666668,21.74445666666666,296.044492685736 74.49035833333333,21.74445333333333,296.4444846033067 74.49035166666665,21.74444833333333,296.7444703108787 74.49034333333334,21.74444666666666,296.9444665408107 74.49033666666666,21.744445,297.3444624996453 74.49032833333334,21.74444,297.7444484784107 74.49031666666666,21.74443333333334,297.8444298738667 74.49030500000001,21.74442833333334,297.8444163949746 74.490295,21.74442333333333,297.8444026450106 74.490285,21.744415,297.844378643972 74.49027500000001,21.74441,297.84436489412 74.49026166666665,21.744405,297.5443516866013 74.49025166666667,21.74440333333333,297.4443481879227 74.49023166666666,21.74439833333333,297.8443360650946 74.490225,21.74439666666666,297.6443320241733 74.49021666666665,21.74439333333333,297.6443231289066 74.49020666666667,21.74439,297.5443145048213 74.49019666666666,21.74438666666667,297.544305880768 74.49018500000001,21.74438333333334,297.2442975279067 74.49017666666667,21.74438,297.1442886327573 74.49016666666667,21.74437666666667,296.8442800088 74.490155,21.74437166666667,296.7442665305853 74.49014666666667,21.74436666666666,296.74425251008 74.49013666666666,21.74436166666667,296.744238760792 74.49012666666665,21.744355,296.8442198861173 74.49011833333334,21.74435,296.7442058657467 74.49010666666666,21.74434666666667,296.644197513216 74.49009500000001,21.74434333333334,296.5441891607227 74.49008499999999,21.74433833333334,296.4441754116707 74.49007333333334,21.74433,296.3441516830827 74.49006333333334,21.744325,296.2441379341467 74.490055,21.74432,296.144123914048 74.49004666666666,21.74431333333333,296.0441047686186 74.49003833333333,21.74430833333333,296.0440907486067 74.49002833333334,21.744305,296.0440821252146 74.49001666666666,21.74429833333334,296.0440635223866 74.49000500000001,21.74429333333334,295.9440500449707 74.48999499999999,21.74428833333333,296.0440362963747 74.48998666666667,21.74428166666667,296.244017151264 74.48997833333333,21.74427666666666,296.2440031315227 74.48996833333334,21.74426833333333,296.3439791324546 74.48996000000001,21.74426166666666,296.5439599875093 74.48994833333333,21.74425333333334,296.7439362598507 74.48993999999999,21.744245,296.943911989744 74.489935,21.74423833333334,297.0438923024307 74.48993166666668,21.744235,297.2438825944254 74.48993,21.74423166666666,297.5438726151493 74.48992666666666,21.74422666666667,297.743857781888 74.48992666666666,21.74422666666667,297.943857781888 74.48992166666667,21.74422333333333,297.8438483452027 74.48991500000001,21.74421666666666,298.0438289292933 74.48990666666667,21.74420833333334,298.1438046594667 74.48989499999999,21.7442,298.44378093232 74.48988333333334,21.74418833333333,298.6437469547866 74.489875,21.74417666666666,298.9437124347334 74.48986666666666,21.74416833333333,299.1436881652266 74.48985833333333,21.74416,299.4436638957867 74.48985166666667,21.74415166666667,299.343639355068 74.48984,21.74414333333333,299.2436156284587 74.48983,21.74413333333333,299.1435865053867 74.48982166666666,21.74412666666666,298.943567361424 74.48980833333333,21.74411833333334,298.9435439064467 74.48979333333334,21.74410833333333,299.1435155977866 74.48978333333334,21.7441,299.5434916002666 74.48977499999999,21.74409166666667,299.6434673314333 74.48976500000001,21.74408166666666,299.7434382089214 74.48975833333334,21.74407333333334,299.3434136688267 74.48975,21.74406666666666,298.8433945253333 74.48974333333334,21.74405666666667,298.7433648602187 74.48973833333334,21.74404666666667,298.8433349237387 74.48973166666666,21.744035,298.9433001336254 74.48972499999999,21.74402666666667,299.1432755938133 74.48971833333333,21.744015,299.2432408038387 74.48971333333334,21.744005,299.3432108675786 74.48970833333333,21.74399333333333,299.8431758062666 74.48970166666666,21.74398166666667,300.043141016492 74.48969333333334,21.74397333333333,299.8431167484586 74.48968499999999,21.74396333333333,299.7430873554107 74.48967666666667,21.743955,299.6430630875173 74.48966999999999,21.743945,299.643033423112 74.48966333333333,21.74393666666667,299.7430088838347 74.489655,21.74392666666667,299.8429794910773 74.48964666666667,21.74391666666667,300.0429500984 74.48963833333333,21.74390833333333,300.2429258308467 74.48962833333333,21.74389833333333,300.3428967098706 74.48961833333333,21.74388833333333,300.3428675889907 74.48960833333334,21.74387833333333,300.3428384682067 74.48960000000001,21.74386833333333,300.1428090759466 74.48958999999999,21.74386,299.942785080352 74.48958333333333,21.74385,299.8427554166666 74.48957833333334,21.74384166666667,299.6427306064467 74.48957,21.743835,299.442711464456 74.48956333333334,21.74382666666667,299.5426869259306 74.48955666666667,21.74382,299.2426675124373 74.48955166666666,21.74381,299.0426375774213 74.48954499999999,21.74380166666667,299.0426130390493 74.48954166666667,21.743795,299.0425930824333 74.48953499999999,21.74378666666667,298.8425685441493 74.48952833333333,21.74378,298.5425491308746 74.48952166666666,21.743775,298.3425348425933 74.489515,21.74376833333333,298.0425154293986 74.48951000000001,21.74375666666667,298.0424803697653 74.48950166666667,21.74374666666667,297.942450978464 74.48949166666667,21.74373666666667,297.74242185892 74.48948166666668,21.74372666666666,297.342392739472 74.48947333333334,21.74371666666667,296.9423633484267 74.48946500000001,21.74370833333333,296.7423390823667 74.48945666666667,21.7437,296.5423148163733 74.48944833333333,21.74369,296.3422854255547 74.48944,21.74368333333333,295.9422662845867 74.48943333333334,21.743675,295.5422417470666 74.48942666666667,21.74366833333334,295.2422223344747 74.48942000000001,21.74366,295.142197797056 74.48941333333333,21.74365166666666,295.2421732596907 74.48940666666667,21.743645,295.0421538472373 74.48940166666667,21.74363666666666,295.042129038216 74.48939,21.74362666666667,294.8421001914453 74.48937833333333,21.74361666666667,294.9420713447867 74.48936999999999,21.74360833333333,295.0420470795066 74.48936499999999,21.74359833333333,295.1420171458947 74.48935833333333,21.74358833333333,295.0419874841267 74.48934833333333,21.74358,294.8419634908427 74.48934,21.74357,294.741934101024 74.48933333333333,21.74356166666666,294.8419095642666 74.48932499999999,21.74355,295.1418750498 74.48931666666667,21.74354166666667,295.441850785 74.48930833333334,21.74353166666667,295.6418213954867 74.48930166666668,21.74352,295.9417866094294 74.489295,21.74351,296.341756948216 74.48928666666667,21.7435,296.4417275589333 74.48927833333333,21.74349166666667,296.4417032944867 74.48927166666667,21.74348,296.6416685087253 74.48926666666667,21.74347,296.5416385758933 74.48926,21.74346,296.441608915008 74.48925333333334,21.74344833333334,296.5415741294506 74.48924666666667,21.74343833333333,296.4415444686987 74.48924000000001,21.74343,296.441519932736 74.48923499999999,21.74342166666667,296.4414951248974 74.48922833333333,21.74341166666666,296.5414654643186 74.48921999999999,21.74340166666667,296.7414360757493 74.48921333333332,21.74339166666667,296.6414064153067 74.489205,21.74338333333333,296.4413821515867 74.4892,21.74337333333334,296.4413522193067 74.48919666666667,21.743365,296.3413271397893 74.48919166666666,21.743355,296.1412972075933 74.48918666666667,21.743345,295.7412672754454 74.48917833333333,21.74333666666666,295.4412430120187 74.48917333333334,21.74332666666667,295.2412130799787 74.48916666666668,21.74331666666667,294.74118342 74.48916,21.743305,294.441148635424 74.48915166666667,21.74329,293.6411038736453 74.48914499999999,21.74327666666666,293.0410639645893 74.48913999999999,21.743265,293.041028908208 74.48913666666667,21.74325166666667,293.140988455176 74.48913166666667,21.74323833333334,293.4409482742627 74.48912666666666,21.74322666666667,293.640913218048 74.48912166666668,21.74321166666667,293.740867912628 74.48912,21.74319833333333,293.9408271876907 74.48911333333334,21.743185,293.8407872791307 74.48911,21.74317333333333,293.5407519510186 74.48910333333333,21.74316,293.3407120426027 74.48909666666667,21.74315,293.1406823834934 74.48909333333333,21.74313833333333,293.0406470555307 74.48908833333333,21.743125,292.9406068751667 74.48908333333334,21.74311333333333,292.9405718194666 74.48908,21.74310166666667,292.7405364916373 74.48907666666668,21.74309,292.5405011638453 74.48907333333334,21.74307833333333,292.3404658360906 74.48907,21.74306833333333,292.1404356329626 74.489065,21.74305833333334,291.8404057020867 74.48906000000001,21.74304833333333,291.3403757712587 74.48905833333333,21.74303666666667,291.4403401714267 74.48905500000001,21.743025,291.44030484386 74.48904833333333,21.74301333333334,291.5402700608427 74.48904333333333,21.74300166666667,291.7402350056347 74.48903833333334,21.74299,291.8401999504827 74.48903333333332,21.74297833333333,291.7401648953867 74.48902500000001,21.74296500000001,291.24012526038 74.48902,21.74295166666667,291.1400850808693 74.48901666666667,21.74294166666667,291.1400548782 74.48901166666666,21.74293,291.2400198233414 74.48900666666667,21.74291833333333,291.3399847685387 74.489,21.74290666666667,291.4399499861333 74.488995,21.74289333333333,291.5399098069227 74.48899166666666,21.74288333333333,291.4398796044667 74.48899,21.74287166666666,291.8398440051493 74.48898833333332,21.742855,292.3397930322786 74.48898333333334,21.74284166666666,292.5397528532666 74.48897833333334,21.74282833333333,292.6397126743187 74.488975,21.742815,292.63967222302 74.48897166666667,21.74280166666667,292.639631771764 74.48896500000001,21.74278833333334,292.7395918654227 74.48896166666667,21.74277666666667,292.939556538776 74.48895833333333,21.74276333333333,293.2395160876667 74.48895333333333,21.74275,293.2394759090667 74.48895,21.74273666666666,293.4394354580533 74.48894333333332,21.742725,293.3394006765466 74.48893666666666,21.74271333333333,293.4393658951147 74.48893333333334,21.74270166666667,293.4393305687466 74.48892833333333,21.74269,293.3392955149307 74.48892666666667,21.74267833333333,293.6392599161227 74.48892166666666,21.74266666666666,293.5392248624 74.48891666666667,21.742655,293.5391898087333 74.48891166666667,21.74264166666667,293.33914963066 74.488905,21.74263166666666,293.3391199741293 74.48889833333332,21.74262,293.2390851932107 74.48889333333334,21.74261,293.0390552642347 74.48888666666667,21.74260166666666,292.939030732336 74.48888333333333,21.74259,292.9389954064267 74.48887833333333,21.74257666666666,292.7389552287227 74.48887500000001,21.74256666666667,292.7389250273334 74.48886999999999,21.742555,292.638889974168 74.48886666666667,21.74254166666666,292.638849524 74.488865,21.74253,292.638813925656 74.48885833333334,21.74251833333334,292.3387791452867 74.48884833333334,21.74250833333333,291.6387500347266 74.48884166666667,21.74249666666666,291.13871525452 74.48883500000001,21.74248666666666,290.5386855987893 74.48882666666667,21.74247666666667,290.138656215808 74.48882166666667,21.74246333333333,290.0386160387386 74.48881833333333,21.74245166666666,290.0385807134146 74.488815,21.74244166666666,289.7385505125133 74.48881166666666,21.74243,289.4385151872614 74.48880666666668,21.742415,289.3384698860213 74.48880000000001,21.7424,289.6384248576 74.488795,21.74238833333333,289.5383898052546 74.48878833333333,21.74237833333333,289.4383601500946 74.48878666666666,21.74236833333334,289.6383296766826 74.48878333333333,21.74235666666667,289.9382943517067 74.48877999999999,21.742345,290.138259026768 74.48877166666666,21.74233166666667,290.238219395916 74.488765,21.74231666666667,290.5381743680133 74.48876,21.74230333333333,290.6381341917227 74.48875333333334,21.74228833333333,290.5380891639946 74.48874666666667,21.742275,290.5380492606933 74.48874000000001,21.74226166666666,290.6380093574773 74.48873166666667,21.74224833333334,290.4379697272147 74.488725,21.742235,290.23792982418 74.48871833333332,21.74222333333333,289.8378950455386 74.48871333333334,21.74221166666667,289.6378599940747 74.48870833333334,21.74219833333333,289.5378198183666 74.488705,21.74218666666667,289.4377844941013 74.48870000000001,21.74217333333333,289.3377443185067 74.48869333333333,21.74216,289.2377044159147 74.48868833333333,21.74214833333333,289.0376693647426 74.48868333333333,21.74213666666667,288.8376343136267 74.48867666666666,21.742125,288.8375995355333 74.48867,21.74211333333334,288.7375647575147 74.48866333333334,21.74210166666667,288.8375299795707 74.48865833333333,21.74208833333333,288.7374898044467 74.48865500000001,21.74207666666667,288.7374544806374 74.48864833333333,21.742065,288.5374197028947 74.48864333333333,21.74205166666666,288.5373795279546 74.48863833333333,21.74203833333333,288.5373393530787 74.488635,21.742025,288.63729890522 74.48863166666666,21.74201333333333,288.7372635816427 74.48862666666668,21.74200166666667,288.7372285311681 74.488625,21.74198833333333,288.8371878103666 74.48862000000001,21.74197666666667,288.7371527599893 74.488615,21.741965,288.637117709668 74.48861000000001,21.74195333333333,288.7370826594027 74.48860666666666,21.74194,288.9370422118614 74.48860166666667,21.74192833333333,289.0370071617026 74.48859666666667,21.741915,289.0369669873893 74.48859166666666,21.741905,289.1369370615533 74.48859,21.74189166666667,289.2368963410534 74.48858666666666,21.74187833333334,289.4368558937387 74.48858333333332,21.741865,289.5368154464666 74.48857833333334,21.74185333333333,289.6367803966186 74.48857500000001,21.74184,289.93673994944 74.48857,21.74182666666666,290.2366997755094 74.48856500000001,21.741815,290.436664725828 74.48856000000001,21.74180333333334,290.7366296762027 74.48855499999999,21.74179,290.736589502456 74.48855,21.74177666666667,290.8365493287733 74.48854833333333,21.74176333333333,291.0365086086426 74.488545,21.74175,291.3364681618 74.48854166666666,21.74173666666666,292.0364277149999 74.488535,21.74172,292.436377566496 74.48853333333334,21.74170666666667,292.7363368465067 74.48852666666667,21.74169666666667,292.736307194784 74.48852166666667,21.74168166666667,292.136261897356 74.48851666666665,21.74167,291.8362268482933 74.48851166666667,21.74165833333333,291.6361917992867 74.48850999999999,21.74164666666666,291.6361562036373 74.48850666666667,21.74163333333333,291.7361157572267 74.488505,21.74162,292.236075037488 74.4885,21.74161,292.1360451128 74.48849333333332,21.74159833333333,292.0360103374186 74.48848666666666,21.74158833333333,291.8359806862347 74.48848333333333,21.74157666666667,291.8359453641866 74.48847833333333,21.74156333333334,291.6359051914746 74.48847333333333,21.74155333333333,291.4358752670507 74.48846666666667,21.74154166666666,290.835840492 74.48846166666667,21.74153,290.7358054435813 74.48845666666666,21.74151666666667,290.73576527112 74.48845,21.741505,291.13573049628 74.488445,21.74149166666667,291.3356903239533 74.48844166666666,21.74148166666667,291.43566012638 74.48843666666667,21.74147,291.4356250782453 74.48843166666667,21.74145666666667,291.435584906088 74.48843000000001,21.741445,291.135549311048 74.48842333333333,21.74143333333333,290.7355145365867 74.48841333333333,21.74142333333333,290.3354854333227 74.48840833333334,21.74141166666667,289.3354503854866 74.48840166666668,21.7414,288.9354156112533 74.48839500000001,21.74138666666667,288.3353757130453 74.48838833333333,21.741375,288.0353409389667 74.48838500000001,21.74136166666666,287.8353004937693 74.48837499999999,21.74135,287.135266267 74.48836666666666,21.74133833333333,286.3352317667467 74.48835666666668,21.74132666666667,285.835197540192 74.48835000000001,21.741315,285.43516276652 74.48834333333333,21.74130166666666,285.2351228689147 74.48833666666665,21.74128833333333,284.8350829713946 74.48833166666667,21.74127500000001,284.4350428003133 74.488325,21.74126333333334,283.9350080269467 74.48832,21.74125,283.434967856 74.48831166666668,21.74123833333333,283.1349333564547 74.48830500000001,21.74122666666666,282.6348985833173 74.4883,21.74121333333333,282.3348584125866 74.48829333333333,21.7412,282.0348185156266 74.48828666666667,21.74118833333334,282.1347837427147 74.48828,21.74117666666667,282.1347489698773 74.48827166666666,21.741165,282.1347144708494 74.488265,21.74115333333333,282.1346796981707 74.48825666666667,21.74114000000001,282.2346400753814 74.48825000000001,21.74112833333334,282.3346053028666 74.48824333333333,21.74111833333333,282.5345756543546 74.48823666666667,21.74110666666666,282.734540881984 74.48823166666666,21.741095,282.9345058358974 74.48822666666666,21.74108333333334,283.1344707898667 74.48822166666667,21.741075,283.3344459917133 74.48821500000001,21.74106166666666,283.3344060956973 74.48820833333333,21.74104833333333,283.5343661997666 74.48820333333333,21.741035,284.0343260300826 74.48819666666667,21.74102166666666,284.034286134312 74.48818833333333,21.74101166666667,284.0342567602547 74.48818166666666,21.741,283.7342219885334 74.48817333333334,21.74098833333333,283.7341874907627 74.488165,21.74097666666666,283.5341529930853 74.48815833333333,21.740965,283.1341182216067 74.48814999999999,21.74095333333333,282.8340837241066 74.488145,21.74094,282.834043555024 74.48813833333334,21.74092833333333,282.8340087837747 74.48813333333332,21.740915,283.0339686148267 74.48813,21.74090166666667,283.2339281719973 74.48812500000001,21.74088833333333,283.3338880031666 74.48812,21.740875,283.4338478344 74.48811500000001,21.74086333333333,283.6338127895227 74.48810833333333,21.74085,283.8337728948667 74.4881,21.74083833333333,284.1337383981067 74.48809166666666,21.74082666666667,284.33370390144 74.48808333333334,21.740815,284.3336694048667 74.48807666666667,21.74080333333333,284.3336346343626 74.48807000000001,21.74079166666667,284.3335998639333 74.48806166666667,21.74077833333333,284.3335602438386 74.48805833333333,21.74076333333333,284.5335146779066 74.48805166666666,21.74075,284.7334747839334 74.488045,21.74073666666667,284.8334348900453 74.48803833333334,21.740725,285.0334001200066 74.48803500000001,21.74071333333333,285.0333648018506 74.48802833333333,21.74070333333333,285.1333351556987 74.48802333333333,21.74069166666667,285.1333001117467 74.48801333333334,21.74068,284.9332658902186 74.48800666666666,21.74066833333333,284.9332311205387 74.48800166666666,21.740655,285.2331909530574 74.48799666666667,21.740645,285.0331610331014 74.48799166666666,21.740635,284.7331311131933 74.48798666666667,21.74062333333333,284.7330960696107 74.48798000000001,21.74061,284.733056176544 74.48797333333333,21.7406,284.7330265309867 74.487965,21.74059,284.332997159688 74.48795666666666,21.74057833333333,284.2329626647706 74.48795,21.740565,284.03292277204 74.48794333333333,21.74055166666667,283.9328828793947 74.48793666666667,21.74054,283.7328481105174 74.48793166666665,21.74052666666666,283.832807943792 74.48792666666667,21.74051333333334,283.9327677771307 74.48792166666667,21.74050166666667,284.0327327342039 74.48791833333333,21.74048833333333,284.0326922933907 74.48791,21.74047666666667,283.8326577991413 74.48790333333334,21.74046666666667,283.6326281543467 74.48789666666667,21.74045666666667,283.332598509616 74.48789000000001,21.740445,283.032563741304 74.48788666666665,21.74043333333333,282.9325284244267 74.48788166666667,21.74042,282.8324882582774 74.487875,21.74040833333333,282.8324534901666 74.48787,21.74039666666667,282.8324184477813 74.48786333333334,21.740385,282.9323836798106 74.48785666666666,21.74037,282.9323386646773 74.48784999999999,21.74035833333333,283.1323038968667 74.48784333333333,21.740345,283.0322640055226 74.48783499999999,21.74033333333334,282.9322295122667 74.48783,21.74031833333333,282.8321842230907 74.487825,21.740305,282.63214405758 74.48782,21.74029166666667,282.5321038921333 74.48781666666667,21.74027833333334,282.4320634523067 74.48781333333334,21.740265,282.2320230125227 74.48781000000001,21.74025166666667,281.8319825727813 74.48780333333335,21.74024,281.4319478056107 74.48779666666665,21.74023,280.9319181620853 74.48778999999999,21.74021833333334,280.7318833950587 74.48778666666666,21.74020333333334,280.6318378319787 74.48778333333333,21.74019,280.6317973925067 74.48777833333334,21.740175,280.7317521040467 74.48777333333334,21.74016166666667,280.7317119392107 74.48776666666666,21.74014833333333,280.7316720489867 74.48775999999999,21.740135,280.631632158848 74.48775166666665,21.74012333333333,280.4315976668987 74.48774333333334,21.74011,280.2315580515146 74.48773833333333,21.74009833333334,280.3315230105827 74.48773333333334,21.740085,280.5314828461866 74.48772833333334,21.74007333333333,280.9314478053707 74.48772333333334,21.74006166666667,281.3314127646107 74.48771833333333,21.74005,281.8313777239067 74.48771166666667,21.74004,281.9313480813973 74.48770333333333,21.74003,281.8313187135947 74.48769666666666,21.74002,282.0312890712213 74.48769,21.74000833333334,281.9312543054266 74.48768666666666,21.73999666666667,282.131218990368 74.48768333333334,21.73998666666666,282.3311887988266 74.48767833333333,21.73997666666667,282.4311588820027 74.48767333333333,21.73996333333334,282.5311187182826 74.48766833333335,21.73995,282.5310785546266 74.48766166666665,21.73993833333333,282.5310437892147 74.48765166666666,21.73992666666667,282.3310095733279 74.48764333333334,21.73991333333333,282.2309699593707 74.48763666666667,21.7399,282.3309300707733 74.48763000000001,21.73988833333334,282.4308953056987 74.48762499999999,21.73987666666667,282.5308602659333 74.48762000000001,21.73986333333333,282.8308201027946 74.48761500000001,21.73985166666666,282.8307850631453 74.48760833333334,21.73983833333333,282.7307451749267 74.487605,21.739825,282.63070473718 74.4876,21.73981333333334,282.4306696977067 74.48759333333334,21.7398,282.3306298097066 74.48758833333333,21.73978833333333,282.3305947703586 74.48758333333333,21.73977666666666,282.3305597310666 74.48757833333335,21.73976666666666,282.0305298152266 74.48757333333333,21.739755,281.8304947760427 74.48756666666667,21.73974333333333,281.8304600117866 74.48756,21.73973,281.230420124224 74.487555,21.73971666666666,280.5303799618533 74.48755166666666,21.73970333333333,280.2303395246427 74.48754833333334,21.73969,280.1302990874747 74.487545,21.73968,280.030268897088 74.48753833333333,21.73966833333333,279.8302341332306 74.48753166666667,21.739655,279.5301942460893 74.48752666666665,21.73964333333333,279.2301592074347 74.48752166666667,21.73963166666666,279.030124168836 74.487515,21.73962,278.730089405264 74.48751,21.73960833333333,278.5300543667866 74.48750666666666,21.739595,278.8300139300374 74.48749833333333,21.73958166666666,278.9299743183346 74.48749333333333,21.73956833333333,278.9299341567147 74.48748999999999,21.73955666666667,279.1298988434613 74.48748666666667,21.739545,279.0298635302453 74.48748000000001,21.73953333333333,279.0298287671466 74.48747499999999,21.73952,278.92978860576 74.48747166666666,21.73950666666666,278.829748169376 74.48746833333333,21.73949333333333,278.7297077330347 74.48746833333333,21.73948166666667,278.8296718698787 74.48746666666666,21.73947166666667,278.72964140512 74.48746333333334,21.73946,278.6296060921707 74.48745833333334,21.73944833333333,278.4295710543666 74.48745333333333,21.73943666666667,278.4295360166187 74.48745000000001,21.739425,278.4295007038 74.48744499999999,21.73941166666667,278.2294605428654 74.48744000000001,21.73939833333333,278.1294203819946 74.48743833333333,21.73938666666666,278.0293847941546 74.48743666666665,21.739375,277.8293492063333 74.48743666666665,21.73936333333334,277.8293133433547 74.48743166666667,21.73935,277.5292731826533 74.48742999999999,21.73933666666667,277.4292324716213 74.48742666666666,21.73931833333334,277.2291766659947 74.48742,21.73930333333334,277.0291316574186 74.487415,21.73929,276.829091496968 74.48741,21.739275,276.62904621332 74.48740500000001,21.73926166666667,276.6290060530013 74.48740166666667,21.73924666666667,276.728960494224 74.48739833333335,21.73923333333333,276.7289200587467 74.48739333333333,21.73922,276.7288798986027 74.48739,21.73920333333333,276.6288292167307 74.48738666666667,21.73918833333333,276.4287836581547 74.48738,21.73917333333333,276.3287386502827 74.487375,21.73916166666667,276.2287036136333 74.48737,21.73915166666666,276.2286737002693 74.48736333333333,21.73914166666667,276.1286440623066 74.48735666666667,21.73913333333333,275.9286195476267 74.487345,21.73912666666667,275.9286009823093 74.48733333333332,21.73912166666667,275.9285875402667 74.48732,21.73912,275.7285846200321 74.48730500000001,21.73912,275.7285870983681 74.48729166666666,21.73912333333334,275.7285995476667 74.48727833333334,21.73912666666667,275.8286119969226 74.48726166666667,21.73912666666667,275.528614750576 74.48724833333334,21.739125,275.6286118303667 74.48723,21.73912666666667,275.5286199825173 74.48721500000001,21.73912833333333,276.0286275839106 74.4872,21.73913,276.52863518528 74.48718666666667,21.73913166666667,277.228642511264 74.48717166666667,21.73913666666666,277.728660358728 74.48715833333334,21.739145,278.1286881768867 74.487145,21.73915166666666,278.1287108718893 74.48713166666667,21.73916166666667,278.128743812884 74.48712333333333,21.73917,278.6287708047307 74.48711166666666,21.73917833333333,279.2287983471587 74.48710333333334,21.73918666666667,279.4288253388587 74.48709166666666,21.739195,279.4288528811134 74.48708000000001,21.739205,279.128885546272 74.48706833333334,21.73921333333334,279.0289130883306 74.48705833333334,21.73922166666667,278.9289403550067 74.48704333333333,21.73923166666667,278.6289735704187 74.48702833333333,21.73924,278.4290016627307 74.48701166666666,21.73925,278.0290351531333 74.48699833333333,21.73926333333333,277.5290783387226 74.48698666666665,21.73927,277.0291007572053 74.48697333333332,21.73927833333333,276.7291285737707 74.48696333333334,21.739285,276.7291507168507 74.48695333333333,21.73929333333333,276.7291779827627 74.48694500000001,21.7393,277.02919985048 74.48693,21.73930666666667,277.1292228190293 74.486915,21.73931333333333,276.9292457874827 74.48690499999999,21.73932166666667,277.0292730530653 74.48689333333333,21.73933,277.0293005937706 74.48688,21.73933833333333,277.1293284095786 74.48686500000001,21.739345,277.029351377644 74.48685,21.73935166666667,276.9293743456133 74.48684,21.73936,276.829401610752 74.48682833333334,21.73936666666667,277.0294240281867 74.48681499999999,21.739375,276.9294518435 74.48680333333333,21.73938333333333,276.8294793835466 74.48679166666668,21.73939,277.0295018007333 74.48677666666667,21.73939666666667,276.929524768144 74.48676500000001,21.739405,277.029552307916 74.48675333333334,21.73941333333333,277.1295798475946 74.48674333333334,21.73942166666667,277.3296071120507 74.48673000000001,21.73943,277.229634926672 74.486715,21.73944,276.629668139008 74.48670333333332,21.73944833333333,276.6296956782907 74.48669166666667,21.73945666666667,276.52972321748 74.48667999999999,21.739465,276.429750756576 74.48667,21.73947333333333,276.2297780204906 74.48666499999999,21.73948166666667,276.1298044590814 74.48666333333334,21.73948666666667,276.1298201021547 74.48666166666666,21.73949,275.9298306225573 74.48666333333334,21.73949,275.7298303474827 74.48666166666666,21.73949,275.5298306225573 74.48666166666666,21.73949166666666,275.32983574522 74.48666166666666,21.73949333333333,275.2298408678827 74.48666,21.73949333333333,275.0298411429546 74.48666,21.73949333333333,274.9298411429547 74.48666,21.739495,274.729846265616 74.48666166666666,21.73949833333334,274.5298562358706 74.48666166666666,21.73949833333334,274.5298562358706 74.48666166666666,21.73949833333334,274.5298562358706 74.48666166666666,21.73949833333334,274.5298562358706 74.48666166666666,21.73949833333334,274.5298562358706 74.48666166666666,21.73949833333334,274.5298562358706 74.48666166666666,21.73949833333334,274.5298562358706 74.48666166666666,21.73949833333334,274.5298562358706 74.48666166666666,21.73949833333334,274.5298562358706 74.48666166666666,21.73949833333334,274.5298562358706 74.48666166666666,21.73949833333334,274.5298562358706 74.48666166666666,21.73949833333334,274.5298562358706 74.48666166666666,21.73949833333334,274.5298562358706 74.48666166666666,21.73949833333334,274.5298562358706 74.48666166666666,21.73949833333334,274.5298562358706 74.48666166666666,21.73949833333334,274.5298562358706 74.48666166666666,21.73949833333334,274.5298562358706 74.48666166666666,21.73949833333334,274.5298562358706 74.48666166666666,21.73949833333334,274.5298562358706 74.48666166666666,21.73949833333334,274.5298562358706 74.48666166666666,21.73949833333334,274.5298562358706 74.48666166666666,21.73949833333334,274.5298562358706 74.48666166666666,21.73949833333334,274.5298562358706 74.48666166666666,21.73949833333334,274.5298562358706 74.48666166666666,21.73949833333334,274.5298562358706 74.48666166666666,21.73949833333334,274.5298562358706 74.48666166666666,21.73949833333334,274.5298562358706 74.48666166666666,21.73949833333334,274.5298562358706 74.48666166666666,21.73949833333334,274.5298562358706 74.48666166666666,21.73949833333334,274.5298562358706 74.48666166666666,21.73949833333334,274.5298562358706 74.48666166666666,21.73949833333334,274.5298562358706 74.48666166666666,21.73949833333334,274.5298562358706 74.48666166666666,21.73949833333334,274.5298562358706 74.48666166666666,21.73949833333334,274.5298562358706 74.48666166666666,21.73949833333334,274.5298562358706 74.48666166666666,21.73949833333334,274.5298562358706 74.48666166666666,21.73949833333334,274.5298562358706 74.48666166666666,21.73949833333334,274.5298562358706 74.48666166666666,21.73949833333334,274.5298562358706 74.48666166666666,21.73949833333334,274.5298562358706 74.48666166666666,21.73949833333334,274.5298562358706 74.48666166666666,21.73949833333334,274.5298562358706 74.48666166666666,21.73949833333334,274.5298562358706 74.48666166666666,21.73949833333334,274.5298562358706 74.48666166666666,21.73949833333334,274.5298562358706 74.48666166666666,21.73949833333334,274.5298562358706 74.48666166666666,21.73949833333334,274.5298562358706 74.48666166666666,21.73949833333334,274.5298562358706 74.48666166666666,21.73949833333334,274.5298562358706 74.48666166666666,21.73949833333334,274.5298562358706 74.48666166666666,21.73949833333334,274.5298562358706 74.48666166666666,21.73949833333334,274.5298562358706 74.48666166666666,21.73949833333334,274.5298562358706 74.48666166666666,21.73949833333334,274.5298562358706 74.48666166666666,21.73949833333334,274.5298562358706 74.48666166666666,21.73949833333334,274.5298562358706 74.48666166666666,21.73949833333334,274.5298562358706 74.48666166666666,21.73949833333334,274.5298562358706 74.48666166666666,21.73949833333334,274.5298562358706 74.48666166666666,21.73949833333334,274.5298562358706 74.48666166666666,21.73949833333334,274.5298562358706 74.48666166666666,21.73949833333334,274.5298562358706 74.48666166666666,21.73949833333334,274.5298562358706 74.48666166666666,21.73949833333334,274.5298562358706 74.48666166666666,21.73949833333334,274.5298562358706 74.48666166666666,21.73949833333334,274.5298562358706 74.48666166666666,21.73949833333334,274.5298562358706 74.48666166666666,21.73949833333334,274.5298562358706 74.48666166666666,21.73949833333334,274.5298562358706 74.48666166666666,21.73949833333334,274.5298562358706 74.48666166666666,21.73949833333334,274.5298562358706 74.48666166666666,21.73949833333334,274.5298562358706 74.48666166666666,21.73949833333334,274.5298562358706 74.48666166666666,21.73949833333334,274.5298562358706 74.48666166666666,21.73949833333334,274.5298562358706 74.48666166666666,21.73949833333334,274.5298562358706 74.48666166666666,21.73949833333334,274.5298562358706 74.48666166666666,21.73949833333334,274.5298562358706 74.48666166666666,21.73949833333334,274.5298562358706 74.48666166666666,21.73949833333334,274.5298562358706 74.48666166666666,21.73949833333334,274.5298562358706 74.48666166666666,21.73949833333334,274.5298562358706 74.48666166666666,21.73949833333334,274.5298562358706 74.48666166666666,21.73949833333334,274.5298562358706 74.48666166666666,21.73949833333334,274.5298562358706 74.48666166666666,21.73949833333334,274.5298562358706 74.48666166666666,21.73949833333334,274.5298562358706 74.48666166666666,21.73949833333334,274.5298562358706 74.48668833333333,21.73949,282.3298262213627 74.48667833333334,21.73949333333333,282.3298381171626 74.48666833333333,21.7395,282.4298602582667 74.48666,21.739505,282.5298770015839 74.486655,21.73951,282.629893194744 74.48665166666666,21.73951833333333,282.9299193581347 74.48664666666667,21.739525,283.0299406738933 74.48664000000001,21.73953166666667,283.0299622646613 74.48663499999999,21.73954,283.329988702992 74.48662666666668,21.73955,283.5300208139733 74.48661999999999,21.73956166666667,283.4300577724853 74.48661166666668,21.739575,283.3301001285533 74.486605,21.73958833333334,283.1301422095187 74.48659833333333,21.73960333333333,282.8301894130107 74.48658999999999,21.73962,282.730242013984 74.48658,21.73963666666667,282.5302948897813 74.48657333333334,21.73965333333333,282.4303472155307 74.48656166666666,21.73967,282.2304003659654 74.48655333333333,21.73968333333333,281.7304427212267 74.48654499999999,21.73969833333333,281.6304901989507 74.48653666666668,21.73971166666667,281.530532553992 74.48652666666666,21.739725,281.3305751838133 74.486515,21.73973666666667,281.4306129658373 74.48650833333333,21.73974333333333,281.0306345555067 74.48649833333334,21.73975666666667,280.9306771849947 74.48649166666668,21.73976333333333,280.6306987745467 74.48648333333334,21.73976833333334,280.6307155163867 74.486475,21.73977666666666,280.8307425032133 74.48646833333333,21.73978833333333,280.9307794601507 74.48646000000001,21.7398,281.03081669184 74.48645333333334,21.73980833333333,281.0308434036266 74.48645,21.73981666666667,281.2308695657334 74.48644833333333,21.739825,281.5308954530067 74.486445,21.73983333333333,281.4309216150667 74.48643999999999,21.73984166666667,281.5309480518933 74.48643833333334,21.73985,281.7309739391067 74.48643833333334,21.73985833333334,281.9309995515267 74.486435,21.73986833333333,282.1310308359747 74.48642666666666,21.73987666666667,282.331057822208 74.486425,21.73988333333334,282.3310785868666 74.48642333333333,21.7399,282.4311300863467 74.48642166666667,21.73991166666666,282.331166218388 74.48641833333333,21.73992,282.2311923802027 74.48641333333333,21.73992666666667,282.0312136942507 74.48641333333333,21.73993666666667,281.8312444290347 74.48640666666667,21.73994833333334,281.5312813851147 74.486405,21.73996333333334,281.5313277619387 74.48640166666668,21.73997666666667,281.331369290968 74.4864,21.73999,281.43141054528 74.4864,21.740005,281.53145664736 74.48639833333333,21.74002166666667,281.4315081465427 74.48639833333333,21.74003666666666,281.5315542486106 74.48639499999999,21.74005166666667,281.3316008999293 74.48639166666666,21.740065,281.2316424287533 74.48639,21.74008,281.0316888053759 74.486385,21.74008666666667,280.6317101189493 74.48638166666666,21.74009,280.5317209130213 74.48637833333333,21.740095,280.2317368295187 74.48637666666667,21.74010166666667,280.131757593848 74.486375,21.74011,280.1317834806 74.486375,21.74012,279.9318142152 74.48637833333333,21.74012833333334,279.7318392782387 74.48637666666667,21.740135,279.6318600425413 74.48637666666667,21.74014,279.5318754098453 74.48637000000001,21.740145,279.331891875352 74.48636666666667,21.74014833333333,279.1319026693067 74.48636499999999,21.74014833333333,279.0319029438546 74.48636333333334,21.74014833333333,279.0319032184026 74.48636499999999,21.74014833333333,279.1319029438546 74.48636333333334,21.74014833333333,279.2319032184027 74.48636333333334,21.74015,279.3319083408267 74.48636333333334,21.74015,279.3319083408267 74.48636166666667,21.74015166666667,279.631913737796 74.48636,21.74015333333334,279.9319191347627 74.48636166666667,21.74015666666667,280.231929105064 74.48636166666667,21.74016166666667,280.331944472332 74.48636,21.74016833333333,280.6319652365547 74.48635666666668,21.74017166666667,280.731976030456 74.48635666666668,21.74017666666667,280.831991397712 74.48635333333333,21.74018,280.9320021915947 74.48634999999999,21.74018333333333,281.0320129854666 74.486345,21.74018833333334,280.9320291762547 74.48634333333332,21.740195,280.8320499404027 74.48633833333334,21.74020666666667,280.9320866207627 74.48633166666667,21.74022333333333,281.3321389427546 74.48632500000001,21.74023833333333,281.7321861422466 74.48632166666667,21.74024833333334,281.5322174255426 74.48631333333333,21.74025666666666,281.2322444098027 74.48630499999999,21.740265,280.932271393996 74.48629833333332,21.74027166666666,280.6322929813027 74.486295,21.74028,280.332319142048 74.48628833333333,21.74028833333334,279.8323458516386 74.486285,21.74029666666667,279.6323720123173 74.48628000000001,21.74030333333333,279.3323933250347 74.48627333333334,21.740315,279.3324302791947 74.48626333333333,21.740325,279.5324626597466 74.486255,21.74033333333334,279.2324896434667 74.48624666666666,21.740345,279.2325268717814 74.48623833333333,21.740355,279.1325589776786 74.48623500000001,21.74036833333333,278.9326005050146 74.48623166666667,21.74038,278.7326369099894 74.48622999999999,21.74039166666666,278.5326730405733 74.48622666666667,21.74040166666667,278.132704323168 74.48622666666667,21.74041,277.6327299347413 74.486225,21.74042,277.13276094296 74.48622166666668,21.74043,276.7327922254854 74.48621666666666,21.74043666666666,275.93281353768 74.48621166666666,21.740445,275.3328399721453 74.48620833333332,21.740455,274.9328712545667 74.48620166666666,21.74047166666667,275.032923574724 74.486195,21.74048333333333,275.2329605279067 74.48619000000001,21.740495,275.532997206744 74.48618499999999,21.74050166666667,275.3330185186813 74.486175,21.740505,275.03303040882 74.48616333333332,21.74050833333333,274.5330425731866 74.48614999999999,21.74051,273.73304988952 74.48613833333334,21.74051166666667,273.2330569315747 74.48612499999999,21.740515,272.8330693701 74.486115,21.74051833333333,272.2330812600787 74.48610333333333,21.74051833333333,271.7330831798427 74.48608666666668,21.74051833333333,271.3330859223626 74.48607333333332,21.74052166666667,270.8330983607627 74.48606166666667,21.74052666666666,270.333115647056 74.48604999999999,21.74053166666667,269.8331329332933 74.48604,21.74053833333333,269.3331550674026 74.48603166666666,21.74054166666667,268.9331666829 74.48602333333334,21.74054833333333,268.6331885426746 74.48601333333333,21.740555,268.4332106766187 74.486,21.74056166666667,268.1332333589334 74.48598833333334,21.74056833333333,267.8332557669506 74.48598,21.74057166666666,267.6332673822453 74.48597333333333,21.740575,267.4332787233067 74.48596833333333,21.740575,267.2332795459267 74.48596833333333,21.74057666666667,267.0332846680346 74.48596999999999,21.74057666666667,267.1332843938293 74.48596999999999,21.74057666666667,267.1332843938293 74.48597166666667,21.74057833333333,267.2332892417347 74.48597333333333,21.74057833333333,267.2332889675307 74.485975,21.74057833333333,267.3332886933266 74.48597666666666,21.74058,267.5332935412373 74.48597666666666,21.74058166666667,267.633298663352 74.48597333333333,21.74058333333333,267.7333043338667 74.48596833333333,21.74058333333333,267.9333051564667 74.48596333333333,21.74059166666667,267.8333315895866 74.48595833333334,21.74059833333333,267.6333529005666 74.485955,21.74060333333334,267.4333688152347 74.48594833333333,21.740605,267.3333750340627 74.48594666666666,21.740605,267.1333753082453 74.48594499999999,21.74061166666667,267.1333960707854 74.48593833333332,21.74061833333333,267.1334176558307 74.48592833333333,21.74062833333333,267.5334500333186 74.48591833333333,21.74063333333334,267.3334670445067 74.48591166666667,21.740635,267.1334732632093 74.485905,21.74064,266.933489726016 74.48589833333334,21.740645,266.7335061887907 74.48589666666666,21.74065166666667,266.333526951144 74.4859,21.74065833333333,265.9335468910667 74.48590166666666,21.740665,265.6335671051453 74.48590166666666,21.74067666666667,265.333602959528 74.48590333333333,21.74068333333333,265.0336231736266 74.48590166666666,21.74068833333333,264.8336388139106 74.48589666666666,21.740695,264.7336601244613 74.48589333333332,21.74070166666667,264.4336811608747 74.48589166666667,21.74071,264.2337070452134 74.48588666666666,21.74071666666667,264.03372835568 74.48588500000001,21.74072333333334,263.8337491179386 74.48588166666667,21.74072666666667,263.733759910192 74.48587833333333,21.74073,263.6337707024347 74.48587833333333,21.74073166666667,263.5337758244706 74.48587333333333,21.74072666666667,263.4337612806187 74.48586833333334,21.74072166666667,263.3337467367907 74.48587000000001,21.74072333333334,263.2337515847307 74.48587166666667,21.74072333333334,263.0337513106426 74.48587166666667,21.74072333333334,262.9337513106427 74.48587166666667,21.74072333333334,262.8337513106426 74.48587166666667,21.74072166666667,262.833746188612 74.48587166666667,21.74072166666667,262.833746188612 74.48587166666667,21.74072166666667,262.833746188612 74.48587166666667,21.74072166666667,262.833746188612 74.48587166666667,21.74072166666667,262.833746188612 74.48587166666667,21.74072166666667,262.833746188612 74.48587166666667,21.74072166666667,262.833746188612 74.48587166666667,21.74072166666667,262.833746188612 74.48587166666667,21.74072166666667,262.833746188612 74.48587166666667,21.74072166666667,262.833746188612 74.48587166666667,21.74072166666667,262.833746188612 74.48587166666667,21.74072166666667,262.833746188612 74.48587166666667,21.74072166666667,262.833746188612 74.48587166666667,21.74072166666667,262.833746188612 74.48587166666667,21.74072166666667,262.833746188612 74.48587166666667,21.74072166666667,262.833746188612 74.48587166666667,21.74072166666667,262.833746188612 74.48587166666667,21.74072166666667,262.833746188612 74.48587166666667,21.74072166666667,262.833746188612 74.48587166666667,21.74072166666667,262.833746188612 74.48587166666667,21.74072166666667,262.833746188612 74.48587166666667,21.74072166666667,262.833746188612 74.48587166666667,21.74072166666667,262.833746188612 74.48587166666667,21.74072166666667,262.833746188612 74.48587166666667,21.74072166666667,262.833746188612 74.48587166666667,21.74072166666667,262.833746188612 74.48587166666667,21.74072166666667,262.833746188612 74.48587166666667,21.74072166666667,262.833746188612 74.48587166666667,21.74072166666667,262.833746188612 74.48587166666667,21.74072166666667,262.833746188612 74.48587166666667,21.74072166666667,262.833746188612 74.48587166666667,21.74072166666667,262.833746188612 74.48587166666667,21.74072166666667,262.833746188612 74.48587166666667,21.74072166666667,262.833746188612 74.48587166666667,21.74072166666667,262.833746188612 74.48587166666667,21.74072166666667,262.833746188612 74.48587166666667,21.74072166666667,262.833746188612 74.48587166666667,21.74072166666667,262.833746188612 74.48587166666667,21.74072166666667,262.833746188612 74.48587166666667,21.74072166666667,262.833746188612 74.48587166666667,21.74072166666667,262.833746188612 74.48587166666667,21.74072166666667,262.833746188612 74.48587166666667,21.74072166666667,262.833746188612 74.48586833333334,21.740725,264.0337569808466 74.48585833333333,21.74072833333333,264.2337688694067 74.48584666666667,21.74073,264.6337759100053 74.48583833333333,21.74073166666667,264.7337824024227 74.48583333333333,21.74073666666667,264.7337985906667 74.48582666666667,21.74073833333334,264.7338048089707 74.48582333333334,21.74073666666667,264.7338002351307 74.48581666666668,21.74073833333334,264.6338064534267 74.48580666666666,21.74074,264.7338132198614 74.48579500000001,21.740745,264.633830504292 74.48578833333333,21.74075166666666,264.4338520884307 74.48578000000001,21.74076333333333,264.9338893124587 74.485775,21.74077,264.73391062244 74.48576833333333,21.74077833333333,265.1339373283827 74.48576,21.740785,265.033959186368 74.485755,21.74078666666667,265.1339651304213 74.48574833333333,21.74078833333333,265.0339713485026 74.48573833333333,21.74079333333333,265.0339883584907 74.48572833333333,21.74080166666667,265.1340156122627 74.48571833333334,21.740805,265.1340275002307 74.48571,21.74081,265.334044236048 74.48570166666667,21.740815,265.4340609718253 74.48569333333333,21.74082166666667,265.5340828294507 74.485685,21.74082666666667,265.5340995651413 74.48568,21.74083,265.234110630912 74.48567666666666,21.74083333333333,265.1341214226667 74.48567,21.74084,265.2341430061441 74.48566333333333,21.74084666666667,265.3341645895787 74.48566000000001,21.74085333333333,265.6341856250027 74.48565499999999,21.74086166666667,265.7342120562413 74.48564500000001,21.74086833333333,265.7342341875027 74.48563666666668,21.74087166666667,265.634245801048 74.48562833333334,21.74087166666667,265.5342471708946 74.48561833333333,21.740875,265.4342590583667 74.48560999999999,21.74087666666667,265.3342655500213 74.48560500000001,21.74088,265.234276615552 74.48559833333334,21.74088166666667,265.1342828332147 74.48559666666667,21.740885,265.2342933507974 74.48559,21.74088666666666,265.2342995684373 74.485585,21.74088833333333,265.2343055121107 74.48557833333332,21.74088833333333,265.1343066079347 74.48557000000001,21.74089,265.0343130995039 74.48556166666667,21.74089333333333,265.0343247128426 74.48555333333334,21.740895,265.1343312043787 74.48554833333333,21.74089833333333,265.0343422697746 74.48554,21.74090333333334,264.8343590048107 74.48553333333332,21.74090666666667,264.6343703441066 74.48552666666666,21.74090833333333,264.5343765616266 74.48551500000001,21.74091333333333,264.4343938444426 74.48550333333333,21.74092,264.3344162489386 74.48549333333334,21.740925,264.2344332577067 74.48548833333332,21.740925,264.2344340794867 74.48548166666666,21.74092333333333,264.4344300534747 74.48548000000001,21.740925,264.33443544912 74.48548000000001,21.740925,264.33443544912 74.48548166666666,21.740925,264.3344351751933 74.48548166666666,21.74092333333333,264.3344300534746 74.48548333333333,21.74092333333333,264.3344297795467 74.485485,21.74092333333333,264.3344295056186 74.48548666666667,21.74092333333333,264.2344292316907 74.48548833333332,21.74092333333333,264.2344289577627 74.48548833333332,21.74092333333333,264.1344289577627 74.48548833333332,21.74092333333333,264.1344289577627 74.48548833333332,21.74092333333333,264.1344289577627 74.48548833333332,21.74092333333333,264.1344289577627 74.48548833333332,21.74092333333333,264.1344289577627 74.48548833333332,21.74092333333333,264.1344289577627 74.48548833333332,21.74092333333333,264.1344289577627 74.48548833333332,21.74092333333333,264.1344289577627 74.48548833333332,21.74092333333333,264.1344289577627 74.48548833333332,21.74092333333333,264.1344289577627 74.48548833333332,21.74092333333333,264.1344289577627 74.48548833333332,21.74092333333333,264.1344289577627 74.48548833333332,21.74092333333333,264.1344289577627 74.48548833333332,21.74092333333333,264.1344289577627 74.48548833333332,21.74092333333333,264.1344289577627 74.48548833333332,21.74092333333333,264.1344289577627 74.48548833333332,21.74092333333333,264.1344289577627 74.48548833333332,21.74092333333333,264.1344289577627 74.48548833333332,21.74092333333333,264.1344289577627 74.48548833333332,21.74092333333333,264.1344289577627 74.48548833333332,21.74092333333333,264.1344289577627 74.48548833333332,21.74092333333333,264.1344289577627 74.48548833333332,21.74092333333333,264.1344289577627 74.48548833333332,21.74092333333333,264.1344289577627 74.48548833333332,21.74092333333333,264.1344289577627 74.48548833333332,21.74092333333333,264.1344289577627 74.48548833333332,21.74092333333333,264.1344289577627 74.48548833333332,21.74092333333333,264.1344289577627 74.48548833333332,21.74092333333333,264.1344289577627 74.48548833333332,21.74092333333333,264.1344289577627 74.48548833333332,21.74092333333333,264.1344289577627 74.48548833333332,21.74092333333333,264.1344289577627 74.48548833333332,21.74092333333333,264.1344289577627 74.48548833333332,21.74092333333333,264.1344289577627 74.48548833333332,21.74092333333333,264.1344289577627 74.48548833333332,21.74092333333333,264.1344289577627 74.48548833333332,21.74092333333333,264.1344289577627 74.48548833333332,21.74092333333333,264.1344289577627 74.48548833333332,21.74092333333333,264.1344289577627 74.48548833333332,21.74092333333333,264.1344289577627 74.48548833333332,21.74092333333333,264.1344289577627 74.48548833333332,21.74092333333333,264.1344289577627 74.48548833333332,21.74092333333333,264.1344289577627 74.48548833333332,21.74092333333333,264.1344289577627 74.48548833333332,21.74092333333333,264.1344289577627 74.48548833333332,21.74092333333333,264.1344289577627 74.48548833333332,21.74092333333333,264.1344289577627 74.48548833333332,21.74092333333333,264.1344289577627 74.48548833333332,21.74092333333333,264.1344289577627 74.48548833333332,21.74092333333333,264.1344289577627 74.48548833333332,21.74092333333333,264.1344289577627 74.48548833333332,21.74092333333333,264.1344289577627 74.48548833333332,21.74092333333333,264.1344289577627 74.48548833333332,21.74092333333333,264.1344289577627 74.48548833333332,21.74092333333333,264.1344289577627 74.48548833333332,21.74092333333333,264.1344289577627 74.48548833333332,21.74092333333333,264.1344289577627 74.48548833333332,21.74092333333333,264.1344289577627 74.48548833333332,21.74092333333333,264.1344289577627 74.48548833333332,21.74092333333333,264.1344289577627 74.48548833333332,21.74092333333333,264.1344289577627 74.48548833333332,21.74092333333333,264.1344289577627 74.48548833333332,21.74092333333333,264.1344289577627 74.48548833333332,21.74092333333333,264.1344289577627 74.48548833333332,21.74092333333333,264.1344289577627 74.48548833333332,21.74092333333333,264.1344289577627 74.48548833333332,21.74092333333333,264.1344289577627 74.48548833333332,21.74092333333333,264.1344289577627 74.48548833333332,21.74092333333333,264.1344289577627 74.48548833333332,21.74092333333333,264.1344289577627 74.48548833333332,21.74092333333333,264.1344289577627 74.48548833333332,21.74092333333333,264.1344289577627 74.48548833333332,21.74092333333333,264.1344289577627 74.48548833333332,21.74092333333333,264.1344289577627 74.48548833333332,21.74092333333333,264.1344289577627 74.48549833333333,21.740915,266.8344017055347 74.48549166666666,21.74091666666667,266.834407923 74.48548000000001,21.74091833333334,266.8344149622507 74.48546833333333,21.74092,266.8344220014827 74.485455,21.74092,266.834424192928 74.48544666666666,21.74092,266.9344255625813 74.48544,21.74092,267.034426658304 74.48543333333333,21.74092,266.9344277540267 74.48542666666667,21.74092166666667,266.934433971424 74.48542,21.74092333333333,267.0344401888106 74.48540833333333,21.740925,266.9344472279667 74.48539666666667,21.74092333333333,266.7344440238027 74.48539000000001,21.74092166666667,266.6344399978693 74.48538000000001,21.74092166666667,266.5344416414453 74.48536666666668,21.74092166666667,266.43444383288 74.48535333333332,21.74092333333333,266.3344511459306 74.48534166666667,21.74091833333334,266.2344376986067 74.48533166666667,21.740915,266.1344290990014 74.48532166666668,21.74091166666666,266.0344204994279 74.485315,21.74091,265.834416473592 74.485305,21.74090333333334,265.8343976309147 74.48529166666667,21.74089333333333,265.7343690930667 74.48527333333332,21.740885,265.6343464987787 74.48525833333333,21.740875,265.6343182351666 74.48524666666667,21.740865,265.6342894237494 74.48523833333334,21.74086,265.5342754290506 74.48523333333333,21.740855,265.2342608864267 74.48523166666668,21.74085,265.0342457958533 74.48522333333334,21.74084166666666,264.9342215582267 74.48520833333333,21.74083666666667,264.8342086596667 74.48519166666667,21.74082666666667,264.73418067072 74.48517833333334,21.740815,264.6341470124307 74.48516666666666,21.740805,264.6341182017333 74.48515500000001,21.74079333333333,264.6340842696907 74.48514666666667,21.740785,264.5340600325973 74.48514333333333,21.74078166666667,264.4340503377787 74.48514,21.740775,264.43403040008 74.48513666666666,21.74076666666667,264.3340053409599 74.48513333333334,21.74076,264.2339854033067 74.48512833333332,21.74075,264.2339554968667 74.48512166666666,21.74073833333334,264.1339207431187 74.48511499999999,21.740725,264.13388086802 74.48510833333333,21.74071,264.0338358715866 74.48509666666668,21.74069833333333,264.0338019404026 74.48508333333332,21.740685,263.9337631620667 74.48507166666667,21.74067333333333,263.8337292311626 74.48506333333333,21.74066333333333,263.7336998734987 74.48505666666667,21.74065833333333,263.5336856059066 74.48505166666668,21.740655,263.2336761855773 74.48504333333334,21.74065166666667,262.9336673135547 74.48503333333333,21.74064666666667,262.7336535943467 74.48502000000001,21.74063833333333,262.8336301807946 74.48501,21.74063333333334,263.0336164617066 74.48500333333332,21.74063,263.1336073156747 74.48499833333334,21.74062833333333,263.1336030168306 74.48498833333333,21.740625,263.1335944191667 74.48497666666667,21.74062166666667,263.233586095704 74.48496666666666,21.740615,263.3335672554933 74.48495833333332,21.74061333333333,263.4335635050667 74.48494833333332,21.74061,263.5335549075386 74.48493666666667,21.74060666666667,263.833546584224 74.48492333333334,21.74060166666667,264.0335334138586 74.484915,21.74059833333333,264.3335245422546 74.484905,21.74059833333333,264.5335261873826 74.48489333333333,21.7406,264.8335332279466 74.48488333333333,21.740605,264.9335502367867 74.48487833333334,21.74061,265.0335664230427 74.48487,21.740615,265.233583157624 74.48486833333332,21.74062,265.4335987954827 74.48486166666666,21.74062,265.5335998921653 74.48485666666667,21.74062333333333,265.7336109571146 74.48484833333333,21.740625,265.9336174491667 74.48484166666667,21.740625,266.2336185458333 74.484835,21.74062333333333,266.5336145212986 74.48482666666668,21.74062166666667,266.833610770944 74.484815,21.74061833333333,267.3336024477587 74.48481,21.74061333333333,267.9335879067307 74.48480166666667,21.74060833333333,268.4335739140867 74.48479666666667,21.74060833333333,268.6335747366267 74.48479333333333,21.74060333333334,269.0335599214827 74.48479,21.74059833333333,269.3335451063547 74.48478666666666,21.74059166666667,269.73352517008 74.48478333333334,21.74058833333333,270.0335154761466 74.48478,21.74058333333333,270.2335006610667 74.48477333333334,21.74058,270.4334915155627 74.48476666666667,21.74057,270.9334618854933 74.48476000000001,21.74056166666667,271.3334373766293 74.48475666666667,21.74055333333333,271.6334123193707 74.48475333333334,21.74054333333333,272.1333821410027 74.48475000000001,21.740535,272.5333570838 74.48474666666667,21.74053333333333,272.9333525111467 74.48474,21.74053166666667,273.2333484869814 74.48473166666666,21.74052833333333,273.6333396159507 74.484725,21.74052833333333,274.0333407129266 74.48472,21.74052666666666,274.2333364145493 74.48471833333333,21.740525,274.4333315676867 74.48471666666666,21.740525,274.7333318419334 74.48471666666666,21.74052333333333,274.7333267208267 74.48471833333333,21.740525,274.6333315676866 74.48472,21.740525,274.63333129344 74.48471666666666,21.74052666666666,274.63333696304 74.48471500000001,21.74052666666666,274.6333372372853 74.48471500000001,21.74052666666666,274.6333372372853 74.48471500000001,21.74052666666666,274.6333372372853 74.48471500000001,21.74052666666666,274.6333372372853 74.48471500000001,21.74052666666666,274.6333372372853 74.48471500000001,21.74052666666666,274.6333372372853 74.48471500000001,21.74052666666666,274.6333372372853 74.48471500000001,21.74052666666666,274.6333372372853 74.48471500000001,21.74052666666666,274.6333372372853 74.48471500000001,21.74052666666666,274.6333372372853 74.48471500000001,21.74052666666666,274.6333372372853 74.48471500000001,21.74052666666666,274.6333372372853 74.48471500000001,21.74052666666666,274.6333372372853 74.48471500000001,21.74052666666666,274.6333372372853 74.48471500000001,21.74052666666666,274.6333372372853 74.48471500000001,21.74052666666666,274.6333372372853 74.48471500000001,21.74052666666666,274.6333372372853 74.48471500000001,21.74052666666666,274.6333372372853 74.48471500000001,21.74052666666666,274.6333372372853 74.48471500000001,21.74052666666666,274.6333372372853 74.48471500000001,21.74052666666666,274.6333372372853 74.48471500000001,21.74052666666666,274.6333372372853 74.48471500000001,21.74052666666666,274.6333372372853 74.48471500000001,21.74055833333334,274.6334345382867 74.48471833333333,21.74056333333333,274.6334493531706 74.48472166666667,21.740565,274.6334539258493 74.48472166666667,21.74056333333333,274.4334488047386 74.48472166666667,21.74056166666667,274.333443683628 74.48472,21.74056,274.233438836736 74.48472,21.74056,274.233438836736 74.48472,21.74056,274.233438836736 74.48472,21.74056,274.233438836736 74.48472,21.74056,274.233438836736 74.48472,21.74056,274.233438836736 74.48472,21.74056,274.233438836736 74.48472,21.74056,274.233438836736 74.48472,21.74056,274.233438836736 74.48472,21.74056,274.233438836736 74.48472,21.74056,274.233438836736 74.48472,21.74056,274.233438836736 74.48472,21.74056,274.233438836736 74.48472,21.74056,274.233438836736 74.48472,21.74056,274.233438836736 74.48472,21.74056,274.233438836736 74.48472,21.74056,274.233438836736 74.48472,21.74056,274.233438836736 74.48472,21.74056,274.233438836736 74.48472,21.74056,274.233438836736 74.48472,21.74056,274.233438836736 74.48472,21.74056,274.233438836736 74.48472,21.74056,274.233438836736 74.48472,21.74056,274.233438836736 74.48472,21.74056,274.233438836736 74.48472,21.74056,274.233438836736 74.48472,21.74056,274.233438836736 74.48472,21.74056,274.233438836736 74.48472,21.74056,274.233438836736 74.48472,21.74056,274.233438836736 74.48472,21.74056,274.233438836736 74.48472,21.74056,274.233438836736 74.48472,21.74056,274.233438836736 74.48472,21.74056,274.233438836736 74.48472,21.74056,274.233438836736 74.48472,21.74056,274.233438836736 74.48472,21.74056,274.233438836736 74.48472,21.74056,274.233438836736 74.48472,21.74056,274.233438836736 74.48472,21.74056,274.233438836736 74.48472,21.74056,274.233438836736 74.48472,21.74056,274.233438836736 74.48472,21.74056,274.233438836736 74.48472,21.74056,274.233438836736 74.48472,21.74056,274.233438836736 74.48472,21.74056,274.233438836736 74.48472,21.74056,274.233438836736 74.48472,21.74056,274.233438836736 74.48472,21.74056,274.233438836736 74.48472,21.74056,274.233438836736 74.48472,21.74056,274.233438836736 74.48472,21.74056,274.233438836736 74.48472,21.74056,274.233438836736 74.48472,21.74056,274.233438836736 74.48472,21.74056,274.233438836736 74.48472,21.74056,274.233438836736 74.48472,21.74056,274.233438836736 74.48472,21.74056,274.233438836736 74.48472,21.74056,274.233438836736 74.48472,21.74056,274.233438836736 74.48472,21.74056,274.233438836736 74.48472,21.74056,274.233438836736 74.48472,21.74056,274.233438836736 74.48472,21.74056,274.233438836736 74.48472,21.74056,274.233438836736 74.48472,21.74056,274.233438836736 74.48472,21.74056,274.233438836736 74.48472,21.74056,274.233438836736 74.48472,21.74056,274.233438836736 74.48472,21.74056,274.233438836736 74.48472,21.74056,274.233438836736 74.48472,21.74056,274.233438836736 74.48472,21.74056,274.233438836736 74.48472,21.74056,274.233438836736 74.48472,21.74056,274.233438836736 74.48472,21.74056,274.233438836736 74.48472,21.74056,274.233438836736 74.48469,21.74055333333333,277.2334232883307 74.48468166666666,21.74055666666667,276.933434901608 74.48467666666667,21.74056,276.9334459664213 74.48467166666666,21.74056,276.5334467890773 74.48466499999999,21.74056166666667,276.3334530070173 74.48466166666667,21.74056333333333,276.4334586765146 74.48465666666667,21.74056833333333,276.4334748623386 74.48465166666666,21.74057,276.3334808060293 74.48464833333334,21.74057333333333,276.4334915965547 74.48464666666668,21.740575,276.4334969918133 74.484645,21.740575,276.43349726602 74.48464166666666,21.74057666666667,276.23350293548 74.48463833333334,21.74058,276.3335137259787 74.484635,21.74058333333333,276.3335245164666 74.48463,21.74058666666667,276.3335355811413 74.48462333333333,21.74059166666667,276.3335520410266 74.48461833333334,21.74059333333333,276.4335579846347 74.48461,21.74059666666667,276.6335695976373 74.48460333333334,21.74059833333333,276.6335758154107 74.48459833333332,21.7406,276.6335817589867 74.48459166666666,21.74060333333334,276.5335930977466 74.484585,21.74060666666667,276.5336044364853 74.48457833333333,21.74061,276.6336157752027 74.48457166666667,21.740615,276.6336322348893 74.48456333333334,21.74062166666667,276.6336540896987 74.484555,21.74062666666667,276.5336708234773 74.48455,21.740635,276.53369725084 74.48454166666667,21.74064166666667,276.4337191055 74.48453333333333,21.740645,276.5337307181866 74.48452666666667,21.74064666666667,276.733736935744 74.48452166666667,21.74064666666667,276.733737758192 74.48451666666666,21.74065,276.6337488225333 74.48451166666668,21.74065333333333,276.7337598868587 74.48450833333332,21.74065666666667,276.8337706770267 74.48450333333334,21.74066333333333,276.9337919831947 74.484495,21.74066666666667,277.3338035957333 74.48448833333333,21.74066666666667,277.8338046922667 74.48448,21.74066666666667,278.1338060629333 74.48447166666666,21.74066833333333,278.4338125545107 74.48446333333332,21.74067166666667,278.9338241669787 74.48445333333333,21.740675,279.6338360535466 74.48444833333333,21.740675,280.3338368759266 74.48444166666667,21.74067833333334,280.8338482142067 74.484435,21.74068166666667,281.2338595524653 74.48442666666666,21.74068666666667,281.233876285696 74.48442,21.74069166666667,281.4338927447733 74.48441666666666,21.740695,281.6339035347333 74.48441166666666,21.7407,281.7339197196533 74.48440833333333,21.740705,281.9339356304467 74.48440333333333,21.74071166666667,282.1339569361787 74.48439666666667,21.74071833333333,282.3339785159707 74.48439,21.740725,282.53400009572 74.48438666666667,21.74072833333333,282.7340108855787 74.48438166666666,21.740735,282.9340321911853 74.48437666666668,21.74074333333333,283.3340586175946 74.48437166666666,21.74074833333333,283.5340748023027 74.48436833333334,21.74075333333333,283.8340907129227 74.48436666666666,21.74076,283.8341114702934 74.484365,21.74076666666667,283.9341322276533 74.48436166666667,21.74077333333333,283.8341532590507 74.48436,21.74078,284.034174016384 74.48435666666666,21.74079,284.2342052893814 74.48435500000001,21.74080166666667,284.2342414091373 74.48434833333334,21.740815,283.7342834717347 74.48434333333333,21.74082166666667,283.5343047770107 74.48433666666666,21.74082833333334,283.6343263562587 74.48433333333334,21.74083666666667,283.9343525082667 74.48432833333332,21.740845,284.2343789342387 74.48432166666666,21.740855,284.6344107549453 74.484315,21.74086666666667,285.0344476963733 74.48430666666667,21.74087666666667,285.434479790912 74.48429833333333,21.74088833333333,285.6345170061426 74.48429333333334,21.74090166666667,285.6345587941547 74.48429166666666,21.74091333333333,285.7345949134667 74.48429333333334,21.740925,285.6346304849067 74.48429166666666,21.74093666666667,285.3346666042 74.48429166666666,21.74094166666666,285.4346819665 74.48429166666666,21.74094833333334,285.3347024495666 74.48429166666666,21.740955,285.1347229326333 74.48429166666666,21.74096333333334,284.9347485364667 74.48429166666666,21.740975,284.7347843818334 74.48429333333334,21.74098833333333,284.8348250740906 74.4843,21.741,284.734859824 74.48430333333334,21.74100833333334,284.7348848801467 74.48430333333334,21.74101666666666,284.5349104840266 74.48430499999999,21.74102166666666,284.4349255725053 74.48430666666667,21.74103,284.3349509025493 74.48431000000001,21.74104,284.134981079552 74.48431333333333,21.74105,284.0350112565866 74.48431666666667,21.74106,283.9350414336533 74.48432,21.74106666666666,283.9350613691734 74.48432333333334,21.74107333333333,283.8350813047147 74.484325,21.741085,283.83511687646 74.48433166666668,21.741095,283.7351465060574 74.48433833333334,21.7411,283.6351607733067 74.48434166666667,21.74110666666666,283.63518070896 74.484345,21.74111333333333,283.7352006446347 74.48434999999999,21.74112166666666,283.7352254273733 74.48435333333333,21.74113,283.7352504839147 74.48435500000001,21.74113833333333,283.7352758142387 74.48435833333333,21.74115166666666,283.6353162332866 74.48436333333333,21.74116833333333,283.4353666202907 74.48436333333333,21.74118166666666,283.4354075868827 74.484365,21.74118833333334,283.3354277964627 74.484365,21.74119666666666,283.3354534005893 74.484365,21.74120333333333,283.4354738838907 74.48436333333333,21.74121,283.4354946408907 74.48436166666667,21.74122,283.4355256395253 74.48436333333333,21.74123166666667,283.4355612116027 74.48436666666666,21.741245,283.5356016308533 74.484365,21.74126,283.635647991952 74.48436166666667,21.74127166666666,283.735684385028 74.48435500000001,21.741285,283.735726446164 74.48435166666667,21.74129666666667,284.035762839144 74.48434833333334,21.74130833333334,283.9357992320867 74.48434833333334,21.74131666666666,284.1358248361466 74.48435166666667,21.74132833333333,284.2358601346227 74.48435333333333,21.74133666666667,284.1358854650987 74.48435166666667,21.74134166666667,284.23590110114 74.48434833333334,21.74134666666667,284.0359170107626 74.484345,21.74135333333334,283.7359380411787 74.48434333333333,21.74136500000001,283.7359741604187 74.484345,21.74137333333333,283.7359994908907 74.48434666666667,21.741385,283.8360350629973 74.48434666666667,21.74139666666667,283.736070908672 74.484345,21.74140333333333,283.7360916654587 74.48434333333333,21.74140999999999,283.7361124222347 74.48434333333333,21.74141833333333,283.8361380262746 74.484345,21.74143,283.936173598408 74.48434666666667,21.741445,284.0362194121813 74.48434666666667,21.74145333333333,284.1362450162346 74.48434833333334,21.74146,284.1362652259787 74.48434833333334,21.74147,284.1362959508506 74.48434666666667,21.741475,284.0363115867733 74.48434166666667,21.74148,284.0363277696533 74.48433833333334,21.74149,284.0363590414426 74.484335,21.74150166666667,284.0363954340013 74.484335,21.741515,284.236436400412 74.48433666666666,21.74152666666667,284.036471972576 74.48434,21.74153833333333,284.1365072713227 74.48433833333334,21.741545,284.4365280279746 74.48434166666667,21.74154833333334,284.6365377227266 74.48434666666667,21.74155666666666,284.636562506496 74.48434999999999,21.74156666666667,284.9365926845334 74.48435166666667,21.741575,285.2366180151934 74.48435333333333,21.74158333333333,285.4366433458667 74.48434833333334,21.74159333333334,285.5366748909387 74.48434333333333,21.74160166666666,285.4367013151547 74.48434,21.74161,285.536727465952 74.484335,21.741615,285.636743648492 74.48433333333334,21.74162,285.5367592842666 74.48432666666666,21.74163166666666,285.936796223312 74.48432,21.74163333333333,285.6368024375466 74.48431333333333,21.741635,285.2368086517707 74.48430499999999,21.74163833333334,284.9368202601187 74.48429833333333,21.741645,284.5368418366306 74.48429333333334,21.74165,284.2368580189867 74.48428666666668,21.741655,284.1368744746613 74.48427333333333,21.74166166666667,283.7368971444107 74.48425333333333,21.74166833333334,282.8369209074027 74.484245,21.74167333333333,282.7369376362507 74.48424,21.74168166666667,282.8369640598613 74.484235,21.74169333333333,282.8370007248747 74.48423166666666,21.74170166666667,282.637026875092 74.48422666666667,21.74171,282.5370532985813 74.48422000000001,21.741715,282.437069753904 74.48421166666667,21.74172166666666,282.137091603188 74.484205,21.74172666666667,282.0371080584373 74.48419666666668,21.74173166666667,282.037124786936 74.48419,21.74174,282.237151483488 74.48418833333334,21.74174833333333,282.2371773601827 74.48418666666666,21.74175666666667,282.237203236864 74.48418166666667,21.741765,282.5372296600413 74.48417999999999,21.74177333333334,282.3372555366827 74.48417333333333,21.74178166666666,282.4372822330347 74.484165,21.74178833333334,282.3373040819026 74.48416,21.741795,282.537325384256 74.484155,21.74180333333334,282.5373518072346 74.48415,21.74181166666666,282.5373782301733 74.48414333333334,21.74182,282.7374049262827 74.48414,21.74182833333333,282.7374310759307 74.48413333333333,21.741835,282.8374526513066 74.48412833333333,21.74183833333333,282.9374637121747 74.48412333333334,21.74184333333334,283.0374798936587 74.48411833333333,21.74184833333334,283.2374960751187 74.48411333333334,21.74185,283.3375020153067 74.48411333333334,21.74185,283.4375020153067 74.48410833333334,21.74184833333334,283.6374977142466 74.48410333333332,21.74185333333333,283.8375138956587 74.4841,21.74185833333333,284.1375298038666 74.48409833333334,21.741865,284.3375505594947 74.48409833333334,21.74187166666666,284.4375710419426 74.484095,21.74187833333334,284.6375920707187 74.48409166666667,21.741885,284.6376130994734 74.48408666666666,21.74189333333334,284.5376395219627 74.48408166666667,21.74189833333333,284.4376557032147 74.48407999999999,21.74190166666666,284.3376662175573 74.48407999999999,21.74190166666666,284.2376662175573 74.48407999999999,21.74190333333333,284.1376713381546 74.48407666666667,21.74190333333333,284.0376718844426 74.48407833333334,21.7419,283.9376613701067 74.48407666666667,21.74189833333333,283.9376565226586 74.48407666666667,21.74189833333333,283.8376565226586 74.48407833333334,21.74189666666667,283.8376511289147 74.48407666666667,21.741895,283.8376462814693 74.48407666666667,21.741895,283.8376462814693 74.48407666666667,21.741895,283.8376462814693 74.48407666666667,21.741895,283.8376462814693 74.48407666666667,21.741895,283.8376462814693 74.48407666666667,21.741895,283.8376462814693 74.48407666666667,21.741895,283.8376462814693 74.48407666666667,21.741895,283.8376462814693 74.48407666666667,21.741895,283.8376462814693 74.48407666666667,21.741895,283.8376462814693 74.48407666666667,21.741895,283.8376462814693 74.48407666666667,21.741895,283.8376462814693 74.48407666666667,21.741895,283.8376462814693 74.48407666666667,21.741895,283.8376462814693 74.48407666666667,21.741895,283.8376462814693 74.48407666666667,21.741895,283.8376462814693 74.48407666666667,21.741895,283.8376462814693 74.48407666666667,21.741895,283.8376462814693 74.48407666666667,21.741895,283.8376462814693 74.48407666666667,21.741895,283.8376462814693 74.48407666666667,21.741895,283.8376462814693 74.48407666666667,21.741895,283.8376462814693 74.48407666666667,21.741895,283.8376462814693 74.48407666666667,21.741895,283.8376462814693 74.48407666666667,21.741895,283.8376462814693 74.48407666666667,21.741895,283.8376462814693 74.48407666666667,21.741895,283.8376462814693 74.48407666666667,21.741895,283.8376462814693 74.48407666666667,21.741895,283.8376462814693 74.48407666666667,21.741895,283.8376462814693 74.48407666666667,21.741895,283.8376462814693 74.48407666666667,21.741895,283.8376462814693 74.48407666666667,21.741895,283.8376462814693 74.48407666666667,21.741895,283.8376462814693 74.48407666666667,21.741895,283.8376462814693 74.48407666666667,21.741895,283.8376462814693 74.48407666666667,21.741895,283.8376462814693 74.48407666666667,21.741895,283.8376462814693 74.48407666666667,21.741895,283.8376462814693 74.48407666666667,21.741895,283.8376462814693 74.48407666666667,21.741895,283.8376462814693 74.48407666666667,21.741895,283.8376462814693 74.48407666666667,21.741895,283.8376462814693 74.48407666666667,21.741895,283.8376462814693 74.48407666666667,21.741895,283.8376462814693 74.48407666666667,21.741895,283.8376462814693 74.48407666666667,21.741895,283.8376462814693 74.48407666666667,21.741895,283.8376462814693 74.48407666666667,21.741895,283.8376462814693 74.48407666666667,21.741895,283.8376462814693 74.48407666666667,21.741895,283.8376462814693 74.48407666666667,21.741895,283.8376462814693 74.48407666666667,21.741895,283.8376462814693 74.48409166666667,21.74190166666666,283.63766430554 74.48408500000001,21.74190833333334,283.6376858805266 74.48407999999999,21.74191833333333,283.8377174235306 74.48408333333333,21.74193166666667,283.7377578420667 74.48408166666667,21.74194333333333,283.8377939593786 74.48407833333334,21.74195333333333,283.8378252291786 74.48407333333333,21.74196333333333,283.8378567720426 74.48407,21.74197166666667,283.9378829211813 74.484065,21.74197833333334,284.0379042227906 74.48406166666668,21.74198666666667,284.137930371872 74.48406,21.741995,284.237956247856 74.48406,21.74200666666666,284.4379920919253 74.48406,21.742015,284.538017694832 74.48406166666668,21.74202166666667,284.538037904108 74.48405166666666,21.742025,284.7380497835533 74.48404499999999,21.74203166666667,284.7380713580174 74.48403666666667,21.74203833333333,284.7380932054747 74.48402333333334,21.74204,284.6381005103146 74.48401833333334,21.742045,284.7381166910627 74.48400833333334,21.74204833333333,285.0381285703266 74.48399999999999,21.742055,284.9381504176 74.48399166666667,21.74206,284.9381671442933 74.483985,21.74207166666667,285.0382040800173 74.48397833333334,21.74208,285.0382307746347 74.48397,21.742085,285.0382475011759 74.48396333333334,21.74209,285.1382639546827 74.48395499999999,21.74209666666667,285.2382858016454 74.48394666666667,21.742105,285.4383127690454 74.48394166666667,21.742115,286.3383443109133 74.483935,21.74211833333333,286.7383556437747 74.48392333333332,21.74212333333333,286.7383729159947 74.48391166666667,21.74213333333333,286.2384055495467 74.48390666666666,21.74214333333333,286.0384370911787 74.48390333333333,21.742155,285.8384734802747 74.48389999999999,21.74216333333333,285.9384996284267 74.483895,21.74217333333333,286.0385311699306 74.48388833333334,21.74218833333333,286.0385783456387 74.48388333333334,21.74220333333334,286.3386252483467 74.48387666666666,21.74221,286.5386468217013 74.48386833333333,21.74221833333333,286.5386737883346 74.48386166666666,21.74222666666667,286.338700482016 74.48385666666667,21.742235,286.4387269027653 74.48385666666667,21.74224833333334,286.5387678661147 74.48385,21.74225833333333,287.0387996800666 74.483845,21.74227166666667,287.1388414619213 74.483835,21.74228,287.138868701024 74.48383,21.74229,287.238900241936 74.483825,21.74229666666667,287.3389215420133 74.48381999999999,21.74230166666667,287.4389377216693 74.48381666666667,21.74231,287.4389638692533 74.48381666666667,21.74232,287.9389945915734 74.48381666666667,21.742325,288.6390099527333 74.48380999999999,21.74232166666667,289.0390008031973 74.48380666666667,21.74232,289.4389962284374 74.483805,21.74232166666667,289.6390016216253 74.48380166666668,21.74232833333333,289.6390226487426 74.4838,21.74233166666667,289.9390331622934 74.48379833333334,21.74233666666667,290.1390487962107 74.483795,21.74233833333334,290.1390544621747 74.48379166666668,21.74234166666667,290.3390652485 74.48378666666667,21.74234833333333,290.3390865483307 74.48378166666666,21.74235333333333,290.3391027277706 74.48377666666667,21.74235666666667,290.239113786832 74.48377333333333,21.74236166666667,290.2391296934507 74.48376499999999,21.742365,290.139141298028 74.48375833333333,21.742375,290.0391731111666 74.48374666666668,21.742385,290.0392057425173 74.48373666666666,21.74239333333333,290.1392329806827 74.48372833333333,21.74240166666667,289.8392599460227 74.48372333333333,21.74241166666667,289.7392914861307 74.48371833333334,21.74242166666667,289.3393230261906 74.483715,21.74243333333333,289.1393594137866 74.48370833333334,21.742445,288.8393963467666 74.4837,21.74245666666667,288.5394335523733 74.48369,21.74246666666666,288.3394659102933 74.48368000000001,21.74247666666667,288.0394982681173 74.48367,21.74248833333333,288.0395357461147 74.48366166666666,21.74249833333333,287.9395678310707 74.48365,21.742505,287.83959022076 74.48364166666667,21.74251,288.0396069448133 74.48362999999999,21.74251333333333,288.1396190938987 74.48361833333334,21.74251666666667,288.1396312429467 74.48361,21.742525,288.13965820732 74.4836,21.74253333333333,288.2396854442667 74.48359000000001,21.74254166666666,288.3397126811333 74.48358166666667,21.74254833333334,288.3397345250946 74.48357166666666,21.74255833333333,288.3397668820066 74.48356833333334,21.74256833333333,288.4397981483747 74.48356333333332,21.74257833333333,288.6398296873147 74.483555,21.74258833333333,288.5398617713986 74.48354666666667,21.7426,288.4398989755733 74.48353666666667,21.74260666666667,288.539921091744 74.48352666666666,21.742615,288.7399483280054 74.48352,21.74262333333333,288.8399750190507 74.483515,21.74263,288.939996317336 74.48350666666667,21.74264,289.0400284009813 74.48350000000001,21.74265,289.040060212 74.48349499999999,21.74266333333333,289.1401019906747 74.48349,21.74267166666667,289.0401284089093 74.48348166666666,21.74268166666667,289.340160492268 74.48347333333332,21.74269166666666,289.4401925755466 74.48346833333333,21.742705,289.5402343539506 74.48346666666666,21.74271666666667,289.7402704672 74.48346333333333,21.74272333333333,290.0402914926026 74.48346333333333,21.74273,290.1403119730186 74.48345999999999,21.742735,289.840327878288 74.48346166666667,21.74273666666666,289.940332725912 74.48345833333333,21.74273666666666,289.9403332708667 74.48345500000001,21.74273666666666,289.9403338158213 74.48345333333333,21.74274,289.8403443284907 74.48345333333333,21.74274166666667,289.9403494485867 74.48344999999999,21.742745,290.04036023372 74.48344333333333,21.74275333333333,290.3403869240427 74.48343833333334,21.74276,291.0404082217706 74.48344,21.74276,292.0404079493119 74.48344166666668,21.742755,292.4403923165934 74.48344333333333,21.742755,292.7403920441307 74.48344333333333,21.742755,292.7403920441307 74.48344333333333,21.742755,292.7403920441307 74.48344333333333,21.742755,292.7403920441307 74.48344333333333,21.742755,292.7403920441307 74.48344333333333,21.742755,292.7403920441307 74.48344333333333,21.742755,292.7403920441307 74.48344333333333,21.742755,292.7403920441307 74.48344333333333,21.742755,292.7403920441307 74.48344333333333,21.742755,292.7403920441307 74.48344333333333,21.742755,292.7403920441307 74.48344333333333,21.742755,292.7403920441307 74.48344333333333,21.742755,292.7403920441307 74.48344333333333,21.742755,292.7403920441307 74.48344333333333,21.742755,292.7403920441307 74.48344333333333,21.742755,292.7403920441307 74.48344333333333,21.742755,292.7403920441307 74.48344333333333,21.742755,292.7403920441307 74.48344333333333,21.742755,292.7403920441307 74.48344333333333,21.742755,292.7403920441307 74.48344333333333,21.742755,292.7403920441307 74.48344333333333,21.742755,292.7403920441307 74.48344333333333,21.742755,292.7403920441307 74.48344333333333,21.742755,292.7403920441307 74.48344333333333,21.742755,292.7403920441307 74.48344333333333,21.742755,292.7403920441307 74.48344333333333,21.742755,292.7403920441307 74.48344333333333,21.742755,292.7403920441307 74.48344333333333,21.742755,292.7403920441307 74.48344333333333,21.742755,292.7403920441307 74.48344333333333,21.742755,292.7403920441307 74.48344333333333,21.742755,292.7403920441307 74.48344333333333,21.742755,292.7403920441307 74.48344333333333,21.742755,292.7403920441307 74.48344333333333,21.742755,292.7403920441307 74.48344333333333,21.742755,292.7403920441307 74.48344333333333,21.742755,292.7403920441307 74.48344333333333,21.742755,292.7403920441307 74.48344333333333,21.742755,292.7403920441307 74.48344333333333,21.742755,292.7403920441307 74.48344333333333,21.742755,292.7403920441307 74.48344333333333,21.742755,292.7403920441307 74.48344333333333,21.742755,292.7403920441307 74.48344333333333,21.742755,292.7403920441307 74.48344333333333,21.742755,292.7403920441307 74.48344333333333,21.742755,292.7403920441307 74.48344333333333,21.742755,292.7403920441307 74.48344333333333,21.742755,292.7403920441307 74.48344333333333,21.742755,292.7403920441307 74.48344333333333,21.742755,292.7403920441307 74.48344333333333,21.742755,292.7403920441307 74.48344333333333,21.742755,292.7403920441307 74.48344333333333,21.742755,292.7403920441307 74.48344333333333,21.742755,292.7403920441307 74.48344333333333,21.742755,292.7403920441307 74.48344333333333,21.742755,292.7403920441307 74.48344333333333,21.742755,292.7403920441307 74.48344333333333,21.742755,292.7403920441307 74.48344333333333,21.742755,292.7403920441307 74.48344333333333,21.742755,292.7403920441307 74.48344333333333,21.742755,292.7403920441307 74.48344333333333,21.742755,292.7403920441307 74.48344333333333,21.742755,292.7403920441307 74.48344333333333,21.742755,292.7403920441307 74.48344333333333,21.742755,292.7403920441307 74.48344333333333,21.742755,292.7403920441307 74.48344333333333,21.742755,292.7403920441307 74.48344333333333,21.742755,292.7403920441307 74.48344333333333,21.742755,292.7403920441307 74.48344333333333,21.742755,292.7403920441307 74.48344333333333,21.742755,292.7403920441307 74.48344333333333,21.742755,292.7403920441307 74.48344333333333,21.742755,292.7403920441307 74.48344333333333,21.742755,292.7403920441307 74.48344333333333,21.742755,292.7403920441307 74.48344333333333,21.742755,292.7403920441307 74.48344333333333,21.742755,292.7403920441307 74.48344333333333,21.742755,292.7403920441307 74.48344333333333,21.742755,292.7403920441307 74.48344333333333,21.742755,292.7403920441307 74.48344333333333,21.742755,292.7403920441307 74.48344333333333,21.742755,292.7403920441307 74.48344333333333,21.742755,292.7403920441307 74.48344333333333,21.742755,292.7403920441307 74.48344333333333,21.742755,292.7403920441307 74.48344333333333,21.742755,292.7403920441307 74.48344333333333,21.742755,292.7403920441307 74.48344333333333,21.742755,292.7403920441307 74.48344333333333,21.742755,292.7403920441307 74.48344333333333,21.742755,292.7403920441307 74.48344333333333,21.742755,292.7403920441307 74.48344333333333,21.742755,292.7403920441307 74.48344333333333,21.742755,292.7403920441307 74.48344333333333,21.742755,292.7403920441307 74.48344333333333,21.742755,292.7403920441307 74.48344333333333,21.742755,292.7403920441307 74.48344333333333,21.742755,292.7403920441307 74.48344333333333,21.742755,292.7403920441307 74.48344333333333,21.742755,292.7403920441307 74.48344333333333,21.742755,292.7403920441307 74.48344333333333,21.742755,292.7403920441307 74.48344333333333,21.742755,292.7403920441307 74.48344333333333,21.742755,292.7403920441307 74.48344333333333,21.742755,292.7403920441307 74.48344333333333,21.742755,292.7403920441307 74.48344333333333,21.742755,292.7403920441307 74.48344333333333,21.742755,292.7403920441307 74.48344333333333,21.742755,292.7403920441307 74.48344333333333,21.742755,292.7403920441307 74.48344333333333,21.742755,292.7403920441307 74.48344333333333,21.742755,292.7403920441307 74.48344333333333,21.742755,292.7403920441307 74.48344333333333,21.742755,292.7403920441307 74.48344333333333,21.742755,292.7403920441307 74.48344333333333,21.742755,292.7403920441307 74.48344333333333,21.742755,292.7403920441307 74.48344333333333,21.742755,292.7403920441307 74.48344333333333,21.742755,292.7403920441307 74.48344333333333,21.742755,292.7403920441307 74.48344333333333,21.742755,292.7403920441307 74.48344333333333,21.742755,292.7403920441307 74.48344333333333,21.742755,292.7403920441307 74.48344333333333,21.742755,292.7403920441307 74.48344333333333,21.742755,292.7403920441307 74.48344333333333,21.742755,292.7403920441307 74.48344333333333,21.742755,292.7403920441307 74.48344333333333,21.742755,292.7403920441307 74.48344333333333,21.742755,292.7403920441307 74.48344333333333,21.742755,292.7403920441307 74.48344333333333,21.742755,292.7403920441307 74.48344333333333,21.742755,292.7403920441307 74.48344333333333,21.742755,292.7403920441307 74.48344333333333,21.742755,292.7403920441307 74.48344333333333,21.742755,292.7403920441307 74.48344333333333,21.742755,292.7403920441307 74.48344333333333,21.742755,292.7403920441307 74.48344333333333,21.742755,292.7403920441307 74.48344333333333,21.742755,292.7403920441307 74.48344333333333,21.742755,292.7403920441307 74.48344333333333,21.742755,292.7403920441307 74.48344333333333,21.742755,292.7403920441307 74.48344333333333,21.742755,292.7403920441307 74.48344333333333,21.742755,292.7403920441307 74.48344333333333,21.742755,292.7403920441307 74.48344333333333,21.742755,292.7403920441307 74.48344333333333,21.742755,292.7403920441307 74.48344333333333,21.742755,292.7403920441307 74.48344333333333,21.742755,292.7403920441307 74.48344333333333,21.742755,292.7403920441307 74.48344333333333,21.742755,292.7403920441307 74.48344333333333,21.742755,292.7403920441307 74.48344333333333,21.742755,292.7403920441307 74.48344333333333,21.742755,292.7403920441307 74.48344333333333,21.742755,292.7403920441307 74.48344333333333,21.742755,292.7403920441307 74.48344333333333,21.742755,292.7403920441307 74.48344333333333,21.742755,292.7403920441307 74.48344333333333,21.742755,292.7403920441307 74.48344333333333,21.742755,292.7403920441307 74.48344333333333,21.742755,292.7403920441307 74.48344333333333,21.742755,292.7403920441307 74.48344333333333,21.742755,292.7403920441307 74.48344333333333,21.742755,292.7403920441307 74.48344333333333,21.742755,292.7403920441307 74.48344333333333,21.742755,292.7403920441307 74.48344333333333,21.742755,292.7403920441307 74.48344333333333,21.742755,292.7403920441307 74.48344333333333,21.742755,292.7403920441307 74.48344333333333,21.742755,292.7403920441307 74.48344333333333,21.742755,292.7403920441307 74.48344333333333,21.742755,292.7403920441307 74.48344333333333,21.742755,292.7403920441307 74.48344333333333,21.742755,292.7403920441307 74.48344333333333,21.742755,292.7403920441307 74.48344333333333,21.742755,292.7403920441307 74.48344333333333,21.742755,292.7403920441307 74.48344333333333,21.742755,292.7403920441307 74.48344333333333,21.742755,292.7403920441307 74.48344333333333,21.742755,292.7403920441307 74.48344333333333,21.742755,292.7403920441307 74.48344333333333,21.742755,292.7403920441307 74.48344333333333,21.742755,292.7403920441307 74.48344333333333,21.742755,292.7403920441307 74.48344333333333,21.742755,292.7403920441307 74.48344333333333,21.742755,292.7403920441307 74.48344333333333,21.742755,292.7403920441307 74.48344333333333,21.742755,292.7403920441307 74.48344333333333,21.742755,292.7403920441307 74.48344333333333,21.742755,292.7403920441307 74.48344333333333,21.742755,292.7403920441307 74.48344333333333,21.742755,292.7403920441307 74.48344333333333,21.742755,292.7403920441307 74.48344333333333,21.742755,292.7403920441307 74.48344333333333,21.742755,292.7403920441307 74.48344333333333,21.742755,292.7403920441307 74.48344333333333,21.742755,292.7403920441307 74.48344333333333,21.742755,292.7403920441307 74.48344333333333,21.742755,292.7403920441307 74.48344333333333,21.742755,292.7403920441307 74.48344333333333,21.742755,292.7403920441307 74.48344333333333,21.742755,292.7403920441307 74.48344333333333,21.742755,292.7403920441307 74.48344333333333,21.742755,292.7403920441307 74.48344333333333,21.742755,292.7403920441307 74.48344333333333,21.742755,292.7403920441307 74.48344333333333,21.742755,292.7403920441307 74.48344333333333,21.742755,292.7403920441307 74.48344333333333,21.742755,292.7403920441307 74.48344333333333,21.742755,292.7403920441307 74.48344333333333,21.742755,292.7403920441307 74.48344333333333,21.742755,292.7403920441307 74.48344333333333,21.742755,292.7403920441307 74.48344333333333,21.742755,292.7403920441307 74.48344333333333,21.742755,292.7403920441307 74.48344333333333,21.742755,292.7403920441307 74.48344333333333,21.742755,292.7403920441307 74.48344333333333,21.742755,292.7403920441307 74.48344333333333,21.742755,292.7403920441307 74.48344333333333,21.742755,292.7403920441307 74.48344333333333,21.742755,292.7403920441307 74.48344333333333,21.742755,292.7403920441307 74.48344333333333,21.742755,292.7403920441307 74.48344333333333,21.742755,292.7403920441307 74.48344333333333,21.742755,292.7403920441307 74.48344333333333,21.742755,292.7403920441307 74.48344333333333,21.742755,292.7403920441307 74.48344333333333,21.742755,292.7403920441307 74.48344333333333,21.742755,292.7403920441307 74.48344333333333,21.742755,292.7403920441307 74.48344333333333,21.742755,292.7403920441307 74.48344333333333,21.742755,292.7403920441307 74.48344333333333,21.742755,292.7403920441307 74.48344333333333,21.742755,292.7403920441307 74.48344333333333,21.742755,292.7403920441307 74.48344333333333,21.742755,292.7403920441307 74.48344333333333,21.742755,292.7403920441307 74.48344333333333,21.742755,292.7403920441307 74.48344333333333,21.742755,292.7403920441307 74.48344333333333,21.742755,292.7403920441307 74.48344333333333,21.742755,292.7403920441307 74.48344333333333,21.742755,292.7403920441307 74.48344333333333,21.742755,292.7403920441307 74.48344333333333,21.742755,292.7403920441307 74.48344333333333,21.742755,292.7403920441307 74.48344333333333,21.742755,292.7403920441307 74.48344333333333,21.742755,292.7403920441307 74.48344333333333,21.742755,292.7403920441307 74.48344333333333,21.742755,292.7403920441307 74.48344333333333,21.742755,292.7403920441307 74.48344333333333,21.742755,292.7403920441307 74.48344333333333,21.742755,292.7403920441307 74.48344333333333,21.742755,292.7403920441307 74.48344333333333,21.742755,292.7403920441307 74.48344333333333,21.742755,292.7403920441307 74.48344333333333,21.742755,292.7403920441307 74.48344333333333,21.742755,292.7403920441307 74.48344333333333,21.742755,292.7403920441307 74.48344333333333,21.742755,292.7403920441307 74.48344333333333,21.742755,292.7403920441307 74.48344333333333,21.742755,292.7403920441307 74.48344333333333,21.742755,292.7403920441307 74.48344333333333,21.742755,292.7403920441307 74.48344333333333,21.742755,292.7403920441307 74.48344333333333,21.742755,292.7403920441307 74.48344333333333,21.742755,292.7403920441307 74.48344333333333,21.742755,292.7403920441307 74.48344333333333,21.742755,292.7403920441307 74.48344333333333,21.742755,292.7403920441307 74.48344333333333,21.742755,292.7403920441307 74.48344333333333,21.742755,292.7403920441307 74.48344333333333,21.742755,292.7403920441307 74.48344333333333,21.742755,292.7403920441307 74.48344333333333,21.742755,292.7403920441307 74.48344333333333,21.742755,292.7403920441307 74.48344333333333,21.742755,292.7403920441307 74.48344333333333,21.742755,292.7403920441307 74.48344333333333,21.742755,292.7403920441307 74.48344333333333,21.742755,292.7403920441307 74.48344333333333,21.742755,292.7403920441307 74.48344333333333,21.742755,292.7403920441307 74.48344333333333,21.742755,292.7403920441307 74.48344333333333,21.742755,292.7403920441307 74.48344333333333,21.742755,292.7403920441307 74.48344333333333,21.742755,292.7403920441307 74.48344333333333,21.742755,292.7403920441307 74.48344333333333,21.742755,292.7403920441307 74.48344333333333,21.742755,292.7403920441307 74.48344333333333,21.742755,292.7403920441307 74.48344333333333,21.742755,292.7403920441307 74.48344333333333,21.742755,292.7403920441307 74.48344333333333,21.742755,292.7403920441307 74.48344333333333,21.742755,292.7403920441307 74.48344333333333,21.742755,292.7403920441307 74.48344333333333,21.742755,292.7403920441307 74.48344333333333,21.742755,292.7403920441307 74.48344333333333,21.742755,292.7403920441307 74.48344333333333,21.742755,292.7403920441307 74.48344333333333,21.742755,292.7403920441307 74.48344333333333,21.742755,292.7403920441307 74.48344333333333,21.742755,292.7403920441307 74.48344333333333,21.742755,292.7403920441307 74.48344333333333,21.742755,292.7403920441307 74.48344333333333,21.742755,292.7403920441307 74.48344333333333,21.742755,292.7403920441307 74.48344333333333,21.742755,292.7403920441307 74.48344333333333,21.742755,292.7403920441307 74.48344333333333,21.742755,292.7403920441307 74.483425,21.74276166666667,291.4404155215134 74.48342833333332,21.74275333333333,291.4403893762187 74.48343166666668,21.74274833333333,291.3403734710546 74.48343333333334,21.74274833333333,291.2403731985867 74.48343833333334,21.74275166666666,291.1403826213506 74.48344,21.742755,291.2403925890561 74.48344,21.742755,291.2403925890561 74.48344,21.742755,291.2403925890561 74.48344,21.742755,291.2403925890561 74.48344,21.742755,291.2403925890561 74.48344,21.742755,291.2403925890561 74.48344,21.742755,291.2403925890561 74.48344,21.742755,291.2403925890561 74.48344,21.742755,291.2403925890561 74.48344,21.742755,291.2403925890561 74.48344,21.742755,291.2403925890561 74.48344,21.742755,291.2403925890561 74.48344,21.742755,291.2403925890561 74.48343833333334,21.74281333333333,294.1405720644586 74.48343333333334,21.74283666666667,294.4406445628267 74.48342833333332,21.74286,294.7407170610827 74.48342666666667,21.74288,294.8407787743573 74.48342166666666,21.74289833333333,294.9408359122227 74.48342,21.742915,295.440887385264 74.48341499999999,21.742935,295.740949643052 74.48341333333333,21.74295166666667,295.8410011160107 74.48341166666667,21.74297,295.9410577090053 74.48340666666667,21.742985,296.3411046064053 74.48340499999999,21.74299666666667,296.6411407190853 74.48340333333334,21.74301166666667,296.7411870718587 74.48340333333334,21.74302833333333,297.0412382724186 74.4834,21.74304166666667,297.3412797773333 74.483395,21.74305333333333,297.6413164343787 74.48339166666666,21.74306666666666,297.8413579392 74.48338833333334,21.74307833333333,298.0413943239346 74.48338666666668,21.74309,298.5414304364373 74.483385,21.74309833333333,298.7414563088387 74.48338,21.74310666666667,298.9414827255894 74.483375,21.74312,299.1415245024 74.48337166666667,21.74313,299.3415557669253 74.48336666666667,21.74314,299.2415873035733 74.48335999999999,21.74315166666667,299.2416242323413 74.483355,21.743165,299.241666008916 74.48335166666668,21.743175,299.1416972732733 74.48334666666666,21.74318666666666,299.041733929728 74.48334,21.7432,299.14177597824 74.48333333333333,21.74321666666667,299.3418282666667 74.48332833333333,21.74322666666667,299.6418598029227 74.48332666666667,21.74323666666667,299.541890794976 74.48332166666667,21.74324666666666,299.341922331152 74.48331166666667,21.74325666666667,299.141954683464 74.48330333333334,21.74326666666667,298.8419867636267 74.48329666666667,21.74328166666667,298.942033931576 74.48328833333333,21.743295,298.9420762514947 74.48327833333333,21.743305,298.8421086034147 74.48327333333333,21.74331333333334,298.3421350192427 74.48326999999999,21.74332333333333,298.2421662829707 74.48326333333333,21.74333166666667,298.1421929707226 74.48325333333334,21.74334333333334,298.0422304422826 74.48324666666667,21.74335333333334,298.0422622498347 74.48324333333333,21.74336333333333,297.9422935133707 74.48323666666667,21.74337166666667,298.142320200888 74.48323333333333,21.74337666666667,298.1423361045867 74.48323166666667,21.743375,298.4423312566333 74.48323166666667,21.743375,298.5423312566333 74.48322833333333,21.743375,298.6423318005666 74.48322499999999,21.743375,298.8423323445 74.48322166666667,21.743375,299.0423328884333 74.48322,21.74337333333334,299.1423280404907 74.48322,21.74337333333334,299.1423280404907 74.48322166666667,21.74337333333334,299.0423277685227 74.48322166666667,21.74337333333334,298.8423277685226 74.48322166666667,21.74337333333334,298.8423277685226 74.48322166666667,21.74337333333334,298.8423277685226 74.48322166666667,21.74337333333334,298.8423277685226 74.48322166666667,21.74337333333334,298.8423277685226 74.48322166666667,21.74337333333334,298.8423277685226 74.48322166666667,21.74337333333334,298.8423277685226 74.48322166666667,21.74337333333334,298.8423277685226 74.48322166666667,21.74337333333334,298.8423277685226 74.48322166666667,21.74337333333334,298.8423277685226 74.48322166666667,21.74337333333334,298.8423277685226 74.48322166666667,21.74337333333334,298.8423277685226 74.48322166666667,21.74337333333334,298.8423277685226 74.48322166666667,21.74337333333334,298.8423277685226 74.48322166666667,21.74337333333334,298.8423277685226 74.48322166666667,21.74337333333334,298.8423277685226 74.48322166666667,21.74337333333334,298.8423277685226 74.48322166666667,21.74337333333334,298.8423277685226 74.48322166666667,21.74337333333334,298.8423277685226 74.48322166666667,21.74337333333334,298.8423277685226 74.48322166666667,21.74337333333334,298.8423277685226 74.48322166666667,21.74337333333334,298.8423277685226 74.48322166666667,21.74337333333334,298.8423277685226 74.48322166666667,21.74337333333334,298.8423277685226 74.48322166666667,21.74337333333334,298.8423277685226 74.48322166666667,21.74337333333334,298.8423277685226 74.48322166666667,21.74337333333334,298.8423277685226 74.48322166666667,21.74337333333334,298.8423277685226 74.48322166666667,21.74337333333334,298.8423277685226 74.48322166666667,21.74337333333334,298.8423277685226 74.48322166666667,21.74337333333334,298.8423277685226 74.48322166666667,21.74337333333334,298.8423277685226 74.48322166666667,21.74337333333334,298.8423277685226 74.48322166666667,21.74337333333334,298.8423277685226 74.48322166666667,21.74337333333334,298.8423277685226 74.48322166666667,21.74337333333334,298.8423277685226 74.48322166666667,21.74337333333334,298.8423277685226 74.48322166666667,21.74337333333334,298.8423277685226 74.48322166666667,21.74337333333334,298.8423277685226 74.48322166666667,21.74337333333334,298.8423277685226 74.48322166666667,21.74337333333334,298.8423277685226 74.48322166666667,21.74337333333334,298.8423277685226 74.48322166666667,21.74337333333334,298.8423277685226 74.48322166666667,21.74337333333334,298.8423277685226 74.48322166666667,21.74337333333334,298.8423277685226 74.48322166666667,21.74337333333334,298.8423277685226 74.48322166666667,21.74337333333334,298.8423277685226 74.48322166666667,21.74337333333334,298.8423277685226 74.48322166666667,21.74337333333334,298.8423277685226 74.48322166666667,21.74337333333334,298.8423277685226 74.48322166666667,21.74337333333334,298.8423277685226 74.48322166666667,21.74337333333334,298.8423277685226 74.48322166666667,21.74337333333334,298.8423277685226 74.48322166666667,21.74337333333334,298.8423277685226 74.48322166666667,21.74337333333334,298.8423277685226 74.48322166666667,21.74337333333334,298.8423277685226 74.48322166666667,21.74337333333334,298.8423277685226 74.48322166666667,21.74337333333334,298.8423277685226 74.48322166666667,21.74337333333334,298.8423277685226 74.48322166666667,21.74337333333334,298.8423277685226 74.48322166666667,21.74337333333334,298.8423277685226 74.48322166666667,21.74337333333334,298.8423277685226 74.48322166666667,21.74337333333334,298.8423277685226 74.48322166666667,21.74337333333334,298.8423277685226 74.48322166666667,21.74337333333334,298.8423277685226 74.48322166666667,21.74337333333334,298.8423277685226 74.48322166666667,21.74337333333334,298.8423277685226 74.48322166666667,21.74337333333334,298.8423277685226 74.48322166666667,21.74337333333334,298.8423277685226 74.48322166666667,21.74337333333334,298.8423277685226 74.48322166666667,21.74337333333334,298.8423277685226 74.48322166666667,21.74337333333334,298.8423277685226 74.48322166666667,21.74337333333334,298.8423277685226 74.48322166666667,21.74337333333334,298.8423277685226 74.48322166666667,21.74337333333334,298.8423277685226 74.48322166666667,21.74337333333334,298.8423277685226 74.48322166666667,21.74337333333334,298.8423277685226 74.48322166666667,21.74337333333334,298.8423277685226 74.48322166666667,21.74337333333334,298.8423277685226 74.48322166666667,21.74337333333334,298.8423277685226 74.48322166666667,21.74337333333334,298.8423277685226 74.48322166666667,21.74337333333334,298.8423277685226 74.48322166666667,21.74337333333334,298.8423277685226 74.48322166666667,21.74337333333334,298.8423277685226 74.48322166666667,21.74337333333334,298.8423277685226 74.48322166666667,21.74337333333334,298.8423277685226 74.48322166666667,21.74337333333334,298.8423277685226 74.48322166666667,21.74337333333334,298.8423277685226 74.48322166666667,21.74337333333334,298.8423277685226 74.48322166666667,21.74337333333334,298.8423277685226 74.48322166666667,21.74337333333334,298.8423277685226 74.48322166666667,21.74337333333334,298.8423277685226 74.48322166666667,21.74337333333334,298.8423277685226 74.48322166666667,21.74337333333334,298.8423277685226 74.48322166666667,21.74337333333334,298.8423277685226 74.48322166666667,21.74337333333334,298.8423277685226 74.48322166666667,21.74337333333334,298.8423277685226 74.48322166666667,21.74337333333334,298.8423277685226 74.48322166666667,21.74337333333334,298.8423277685226 74.48322166666667,21.74337333333334,298.8423277685226 74.48322166666667,21.74337333333334,298.8423277685226 74.48322166666667,21.74337333333334,298.8423277685226 74.48322166666667,21.74337333333334,298.8423277685226 74.48322166666667,21.74337333333334,298.8423277685226 74.48322166666667,21.74337333333334,298.8423277685226 74.48322166666667,21.74337333333334,298.8423277685226 74.48322166666667,21.74337333333334,298.8423277685226 74.48322166666667,21.74337333333334,298.8423277685226 74.48322166666667,21.74337333333334,298.8423277685226 74.48322166666667,21.74337333333334,298.8423277685226 74.48322166666667,21.74337333333334,298.8423277685226 74.48321833333333,21.74339333333333,302.9423897513547 74.48323166666667,21.74339166666667,302.64238245582 74.48324666666667,21.74338833333334,302.3423697683787 74.48326333333333,21.74338166666666,301.9423465690427 74.48327999999999,21.74337333333334,301.6423182496427 74.48329833333334,21.74336666666666,301.5422947781066 74.48331166666667,21.74335833333334,301.7422670024067 74.48332666666667,21.74334833333333,301.9422338346187 74.48333833333332,21.74333666666666,302.0421960906746 74.48335333333333,21.74333,302.0421731626346 74.48336666666667,21.743325,302.1421556265333 74.483375,21.74332166666666,302.1421440264333 74.483385,21.74331833333333,302.1421321542946 74.483395,21.74331166666667,301.9421100420253 74.48340666666667,21.74330833333334,301.5420978977866 74.48341333333333,21.74330166666667,301.2420763294507 74.48342,21.74329333333333,301.0420496410026 74.48342833333332,21.74328666666667,300.8420278005387 74.48343666666666,21.74328166666667,300.642011080104 74.483445,21.74327666666666,300.5419943596293 74.48345166666667,21.74326833333334,300.4419676709747 74.48345833333333,21.74326166666667,300.3419461023666 74.483465,21.74325666666667,300.1419296538213 74.48347,21.74325166666667,299.8419134773093 74.48347333333332,21.74324833333333,299.5419026929546 74.48347833333334,21.743245,299.1418916365187 74.483485,21.74324,299.241875187872 74.48349499999999,21.74323666666667,299.1418633151653 74.48350499999999,21.74323,298.941841202152 74.483515,21.743225,298.74182420922 74.48352166666668,21.74322,298.4418077604213 74.48353333333333,21.74321666666667,298.0417956154666 74.48354666666667,21.74321333333333,297.8417831983787 74.48356166666667,21.74321166666667,297.641775629332 74.48357666666668,21.74321,297.4417680602613 74.48358166666667,21.74321333333333,297.3417774843626 74.48359000000001,21.74322166666667,297.0418017249093 74.48359666666667,21.74322666666667,296.741815997184 74.48359833333333,21.74322666666667,296.2418157250987 74.48359833333333,21.74322666666667,296.0418157250986 74.48359499999999,21.743225,296.04181114906 74.48359166666667,21.74322166666667,296.04180145282 74.48359333333333,21.74321833333333,295.9417909403147 74.48359333333333,21.74321833333333,296.1417909403146 74.48359000000001,21.74321666666667,296.3417863642933 74.48358666666667,21.74321666666667,296.64178690848 74.48358499999999,21.743215,296.741782060372 74.48358666666667,21.743215,296.5417817882773 74.48358666666667,21.743215,296.5417817882773 74.48358666666667,21.743215,296.5417817882773 74.48358666666667,21.743215,296.5417817882773 74.48358666666667,21.743215,296.5417817882773 74.48358666666667,21.743215,296.5417817882773 74.48358666666667,21.743215,296.5417817882773 74.48358666666667,21.743215,296.5417817882773 74.48358666666667,21.743215,296.5417817882773 74.48359666666667,21.743205,297.0417494344453 74.48360666666667,21.74320333333333,297.0417426816106 74.48362,21.743205,297.0417456250079 74.48363500000001,21.74320166666666,297.0417329356013 74.48365166666667,21.74319833333333,297.1417199740387 74.48366666666668,21.743195,296.9417072845333 74.48368000000001,21.74319166666667,296.8416948670933 74.483695,21.74318833333333,296.8416821774946 74.48370666666666,21.74318999999999,296.7416853929813 74.48371833333334,21.74319166666667,296.7416886084867 74.48373333333333,21.74318999999999,296.8416810391466 74.483745,21.74318833333333,296.9416740140147 74.48375833333333,21.74318666666666,296.9416667167467 74.48377000000001,21.74318666666666,297.3416648119253 74.483785,21.74318666666666,297.5416623628693 74.4838,21.743185,297.64165479344 74.48381333333333,21.743185,297.9416526164907 74.48382666666666,21.74318333333333,298.2416453191467 74.48383833333334,21.74318166666667,298.2416382939027 74.48385,21.74318,298.14163126864 74.48386000000001,21.74317833333334,298.1416245154827 74.48387,21.743175,297.94161264188 74.483885,21.74317333333333,297.7416050722987 74.48389666666667,21.74317,297.3415929265013 74.48390833333333,21.74316833333333,296.9415859011267 74.48392,21.74316333333334,296.6415686347947 74.48392833333334,21.74315666666666,296.2415467922107 74.48394,21.74315166666667,296.0415295257653 74.48395166666666,21.74314833333334,295.8415173797587 74.48396333333334,21.74314499999999,295.5415052337146 74.483975,21.74314,295.44148796712 74.48398666666667,21.743135,295.1414707004693 74.48399833333333,21.74312833333333,295.0414483132307 74.48400666666666,21.74312166666667,294.741426470256 74.484015,21.743115,294.441404627228 74.484025,21.74311,294.14138763252 74.48403499999999,21.743105,294.141370637764 74.48404499999999,21.74309833333333,293.9413485223907 74.48405833333332,21.74309333333333,293.8413309831466 74.48407166666667,21.74309166666667,293.54132368502 74.48408666666666,21.74308833333334,293.3413109940747 74.48410333333332,21.74308333333333,292.9412929102667 74.48411833333333,21.74307666666667,292.8412699779547 74.48413166666666,21.74307666666667,292.541267800312 74.48414166666666,21.74307,292.5412456844933 74.48415333333334,21.74306333333333,292.4412232963947 74.48416833333334,21.74306166666667,292.3412157257827 74.48417999999999,21.74306166666667,292.4412138202613 74.48419666666668,21.74306,292.1412059773974 74.48420666666667,21.74306333333333,291.8412145854826 74.48422000000001,21.74306666666666,291.6412226491733 74.48423333333334,21.74307,291.5412307129066 74.484245,21.74307333333334,291.2412390488907 74.48425333333333,21.74307333333334,291.0412376878506 74.48426166666667,21.74307333333334,290.6412363268107 74.484275,21.74307333333334,290.4412341491467 74.48428333333332,21.743075,290.0412379088666 74.48429,21.743075,289.84123682004 74.48429833333333,21.743075,289.7412354590067 74.48431000000001,21.74307333333334,289.4412284327787 74.48432333333334,21.74307333333334,289.0412262551146 74.48433333333334,21.74307666666667,288.5412348634667 74.48434333333333,21.74307833333333,288.1412383510427 74.48435333333333,21.74308,287.7412418386347 74.48436166666667,21.743085,287.3412558400893 74.48437166666666,21.74309,287.1412695693893 74.48438166666666,21.74309166666667,286.64127305706 74.48439333333334,21.74309666666666,286.2412865142506 74.48440333333333,21.74310166666667,285.8413002436827 74.48441333333334,21.743105,285.3413088522987 74.48442166666668,21.74311,284.8413228539973 74.484425,21.74311333333333,284.4413325513867 74.484425,21.74311666666667,283.8413427931333 74.48442333333334,21.743125,283.2413686696667 74.48442333333334,21.74313166666667,282.9413891531547 74.48442166666668,21.74314166666666,282.44142015054 74.48441666666666,21.74315,282.0414465713333 74.48441,21.74315666666666,281.5414681433653 74.48440166666666,21.74316166666667,281.241484866636 74.48439166666667,21.74317166666667,281.04151722454 74.48438333333334,21.74318,281.0415441893866 74.48437333333332,21.74318999999999,280.7415765471147 74.484365,21.74320166666666,280.7416137534653 74.48435166666667,21.74321,280.6416415343813 74.48433833333334,21.74321666666667,280.6416641943866 74.484325,21.743225,280.6416919751 74.48431333333333,21.74323333333333,280.5417194836267 74.48430333333334,21.743245,280.6417569615386 74.48429666666667,21.743255,280.6417887744453 74.48429333333334,21.743265,280.5418200431786 74.48429333333334,21.74327666666666,280.4418558885546 74.48428666666668,21.743285,280.4418825805494 74.48428333333332,21.743295,280.5419138491866 74.48428,21.74330166666667,280.8419348762773 74.48427833333334,21.74330833333334,281.1419556313267 74.48427666666666,21.743315,281.5419763863653 74.484275,21.74332333333333,281.6420022621467 74.48427,21.74333,282.142023561168 74.48426500000001,21.74334166666667,282.3420602223933 74.48426166666667,21.74335166666667,282.542091490836 74.48425999999999,21.74336,282.642117366528 74.48425833333334,21.74336833333333,282.7421432422067 74.48425999999999,21.74337666666667,282.7421685739413 74.48425833333334,21.74338666666667,282.8421995703467 74.48425999999999,21.7434,282.94224026432 74.48425833333334,21.74340833333333,283.0422661399666 74.484255,21.74341333333333,283.2422820460587 74.48425166666667,21.74342666666666,283.542323555808 74.48425333333333,21.74343666666667,283.8423540082987 74.48425666666667,21.74344333333334,284.2423739474187 74.48425999999999,21.74344833333334,284.7423887658187 74.48426166666667,21.74345333333333,285.0424038561387 74.48426500000001,21.74346,285.742423795312 74.48426833333333,21.743465,286.2424386137587 74.484275,21.743475,286.6424682507 74.48428166666666,21.743485,287.1424978877053 74.48428,21.74349333333333,287.7425237633707 74.48428,21.74350166666666,288.2425493671573 74.48428166666666,21.74351,288.6425746990853 74.48428333333332,21.74351666666666,289.1425949102667 74.48428333333332,21.74352166666667,289.2426102725467 74.484285,21.74352666666667,289.4426253629813 74.484285,21.74353166666667,289.8426407252653 74.48428666666668,21.74354166666667,290.342671178 74.48429333333334,21.74355,290.5426956945066 74.48430333333334,21.74356166666666,290.8427299089786 74.48431166666666,21.74357333333333,291.3427643953706 74.48431666666667,21.74358833333333,291.7428096670267 74.48431833333333,21.7436,291.9428452407467 74.48432,21.74361,291.942875693696 74.484315,21.74361666666667,292.1428969921733 74.48431166666666,21.74362,292.6429077772854 74.48430666666667,21.74362333333334,293.0429188341546 74.48430333333334,21.74363,293.4429398607947 74.4843,21.74363666666666,293.7429608874133 74.48429166666666,21.743645,293.5429878500333 74.48428166666666,21.74365333333333,293.4430150843307 74.48427166666667,21.74366,293.4430371977973 74.48425999999999,21.74366666666667,293.4430595829334 74.48424666666666,21.74367333333333,293.5430822397226 74.48423666666666,21.74368,293.6431043529814 74.484225,21.743685,293.64312161718 74.48421333333334,21.74369,293.5431388813226 74.48420166666666,21.74369333333333,293.4431510247147 74.48419,21.74370166666667,293.3431785301253 74.48418333333333,21.74371,293.4432052203467 74.48417500000001,21.74372,293.54323730288 74.484165,21.74373,293.343269657016 74.484155,21.74374,293.343302011056 74.484145,21.74374666666667,293.4433241237014 74.48413333333333,21.74375166666667,293.4433413873067 74.48412166666667,21.74376166666667,293.143374012748 74.48411333333334,21.74377166666666,292.7434060947787 74.48410333333332,21.74378333333333,292.2434435689867 74.48409333333333,21.74379166666667,291.9434708018667 74.48408500000001,21.7438,291.74349776304 74.48407666666667,21.74381,291.3435298447413 74.48407166666667,21.743815,291.2435460213694 74.48406166666668,21.74382333333333,290.9435732539707 74.48405166666666,21.74383166666667,290.943600486492 74.48404166666666,21.74384166666667,290.6436328395 74.48403499999999,21.74385333333333,290.4436697698027 74.48403,21.743865,290.443706428456 74.48402666666667,21.74387666666667,290.243742815488 74.484025,21.74389166666667,290.1437891720333 74.48402333333334,21.743905,289.9438304080027 74.48402333333334,21.74392,290.1438764929707 74.48402166666666,21.74393333333333,290.2439177289067 74.48402166666666,21.74394333333333,290.3439484522107 74.48402,21.743955,290.243984567568 74.48402,21.74396666666667,290.5440204114133 74.48401333333332,21.74397666666667,290.7440522206507 74.48400833333334,21.74398333333334,290.8440735172667 74.48400333333333,21.74398833333333,291.2440896933147 74.48399666666666,21.743995,291.8441112613413 74.48398999999999,21.74400333333333,291.8441379498506 74.483985,21.74401166666667,291.7441643668493 74.48397833333334,21.74402,291.6441910552587 74.48397166666668,21.74402666666667,291.444212623104 74.48397,21.74403333333333,291.4442333765867 74.48396833333332,21.74404666666667,291.7442746120907 74.48396666666666,21.74405666666667,292.04430560656 74.483965,21.74407,292.344346842024 74.48396166666666,21.74408166666666,292.744383228364 74.48396166666666,21.744095,293.1444241923853 74.48395833333333,21.74410833333333,293.5444656991666 74.48395833333333,21.74412166666667,293.9445066631666 74.48395833333333,21.74413333333333,294.0445425066666 74.48395666666667,21.74414666666667,294.144583742016 74.48395166666666,21.74415666666666,294.144615279032 74.48394499999999,21.74416333333334,294.5446368463546 74.48393666666666,21.74417,294.9446586849654 74.483925,21.74417833333333,295.2446861866467 74.48391666666666,21.744185,294.8447080251333 74.48390666666666,21.74419166666667,294.34473013488 74.483895,21.74420333333333,294.2447678772187 74.48388833333334,21.744215,294.1448048055427 74.48387833333332,21.744225,294.0448371559266 74.48386666666667,21.74423166666666,294.44485953664 74.48386166666666,21.744245,294.6449013138653 74.48385833333333,21.74425833333333,294.8449428197666 74.48385166666667,21.74426333333333,295.3449592660506 74.48384666666668,21.74427,295.4449805614613 74.48384166666666,21.74427833333333,295.8450069772467 74.48383333333332,21.744285,295.9450288150667 74.483825,21.74429333333334,296.0450557732266 74.48381666666667,21.74430166666667,295.94508273132 74.48380333333333,21.74431,296.1451105030027 74.483795,21.74431833333333,296.3451374609427 74.48378666666667,21.74432333333333,296.3451541780906 74.48377833333333,21.74432666666667,296.7451657748427 74.48376833333333,21.744335,296.8451930038146 74.48375666666668,21.74434333333334,297.1452205038987 74.48374666666668,21.74435166666666,296.945247732704 74.48373333333333,21.74435666666666,296.6452652631467 74.48372500000001,21.74436,296.14527685968 74.48371666666667,21.74436833333333,296.0453038171066 74.48371,21.74438,296.245340743904 74.483705,21.74438666666667,296.2453620385813 74.48370166666668,21.74439166666667,296.44537794178 74.48369833333332,21.74440166666666,296.6454092058386 74.48369833333332,21.744415,296.7454501681747 74.48369,21.74442833333334,296.5454924861306 74.48368333333333,21.74444,296.4455294125867 74.48367666666667,21.74445,296.4455612186933 74.48367333333334,21.74446,296.4455924825387 74.48367,21.74447333333334,296.3456339868907 74.48366666666668,21.74448333333333,296.4456652506667 74.48366666666668,21.74449333333333,296.4456959722667 74.48366666666668,21.74450833333334,296.7457420546667 74.483665,21.74452333333334,296.8457884081147 74.483665,21.744535,296.945824249972 74.48366833333333,21.744545,296.9458544295027 74.48367166666667,21.74455,296.8458692482533 74.48367,21.74455666666667,297.0458900003573 74.483665,21.74456166666666,297.0459061742173 74.48366833333333,21.74456666666667,297.4459209929867 74.48367166666667,21.74457166666667,297.545935811772 74.48367666666667,21.74458,297.7459606001173 74.48367666666667,21.74459,297.7459913217654 74.48367833333333,21.74459833333334,297.7460166521507 74.48368666666667,21.74460666666666,298.046040898624 74.48369333333333,21.74461333333334,298.3460602958506 74.483705,21.74462,298.446078880208 74.48371333333333,21.74463,298.7461082471787 74.48371666666667,21.74463666666666,299.44612818648 74.48372333333333,21.74464333333334,299.8461475838986 74.48372666666667,21.74465,300.1461675232533 74.48372833333333,21.74465833333334,300.3461928538867 74.48372666666667,21.744665,300.5462136060853 74.48372666666667,21.74467,300.6462289670293 74.48372333333333,21.74467166666667,301.1462346292026 74.48371999999999,21.74467833333333,301.5462556522987 74.48371999999999,21.74468666666667,302.2462812538454 74.48371999999999,21.744695,302.746306855392 74.48372333333333,21.74470833333333,303.2463472760667 74.48372166666667,21.74472,303.5463833891413 74.48371999999999,21.74473333333334,303.8464246225067 74.48371666666667,21.74474666666667,304.14646612672 74.48371666666667,21.74476,304.2465070891733 74.48371833333334,21.74477166666667,304.8465426604706 74.48371833333334,21.744785,305.4465836229347 74.48372166666667,21.74479833333333,305.6466240437427 74.48372333333333,21.74481166666667,306.1466647354107 74.48372166666667,21.74482,306.9466906077813 74.48372166666667,21.74483,307.1467213296453 74.48371833333334,21.74484166666667,307.1467577134067 74.48371999999999,21.74485333333334,306.9467932847787 74.48372166666667,21.74486833333334,306.7468390967907 74.48372166666667,21.74488166666667,306.646880059276 74.48371666666667,21.74489333333333,306.6469167137067 74.48371666666667,21.74490333333333,306.6469474355467 74.483715,21.744915,306.746983548428 74.48371999999999,21.744925,306.64701345808 74.48372666666667,21.74493333333333,306.6470379767467 74.48373166666667,21.74494333333334,306.5470678864987 74.48373833333333,21.74495333333333,306.4470975255947 74.483745,21.74496333333333,306.2471271647547 74.48375333333334,21.74497166666667,305.8471514129546 74.48376166666667,21.74498,305.7471756612214 74.48377333333333,21.74498333333333,305.2471840071467 74.48378166666666,21.74498833333334,304.3471980148227 74.48379,21.74499666666667,303.4472222632693 74.48379666666666,21.745005,302.8472467824453 74.48380333333333,21.745015,302.3472764220506 74.48381166666667,21.74502166666667,301.947295550308 74.48381833333333,21.74502833333333,301.4473149492626 74.483825,21.745035,301.14733434826 74.48383333333332,21.74504166666667,300.6473534766666 74.48384333333334,21.74504666666667,300.2473672140907 74.48385499999999,21.745055,299.547390921772 74.48386666666667,21.74506666666667,299.0474248704 74.48388,21.74507833333333,298.4474585485547 74.48388833333334,21.74509166666667,298.0474981590867 74.48389999999999,21.74510333333334,297.7475321081067 74.48390999999999,21.74511166666667,297.5475560869093 74.48392166666666,21.74511833333333,297.4475746747507 74.48392833333334,21.74512333333333,297.2475889538907 74.483935,21.74512833333333,296.9476032330627 74.48394166666667,21.74513333333334,296.6476175122667 74.48394666666667,21.74513833333333,296.7476320620586 74.48394833333333,21.74514666666666,296.7476573939626 74.48395000000001,21.745155,296.54768272588 74.48395166666666,21.745165,296.2477131783053 74.48395499999999,21.74517833333334,295.9477536012147 74.48395666666667,21.74519166666666,295.74779429468 74.48397,21.74521166666667,295.3478535766853 74.48397666666666,21.745235,295.4479241819013 74.48398,21.74525833333333,295.3479953281866 74.48398,21.74527166666667,295.5480362923253 74.48398166666666,21.74528333333334,295.6480718655067 74.48398,21.74529333333333,296.0481028590506 74.48397833333334,21.74530833333333,296.4481492141267 74.48397833333334,21.74531833333333,296.7481799372227 74.48397333333334,21.74533,296.8482165920427 74.48397166666668,21.745345,297.0482629470413 74.48397166666668,21.74535833333334,297.3483039111267 74.48397166666668,21.74537,297.4483397547014 74.48397,21.74538,297.548370748128 74.48397166666668,21.74539166666667,297.74840632134 74.48397166666668,21.74540166666667,297.848437044404 74.483975,21.74541,297.84846210628 74.48397333333334,21.74541833333334,298.3484879791787 74.48396833333332,21.74542833333333,298.8485195132226 74.483965,21.74544166666667,299.1485610179133 74.48396333333334,21.745455,299.4486022522586 74.483965,21.74547,299.848648066504 74.48397333333334,21.74548333333333,300.4486876791466 74.483985,21.74549666666667,301.1487267513573 74.48398999999999,21.745505,301.848751543176 74.48399666666666,21.74551666666667,302.24878630584 74.48400166666667,21.74552833333333,302.6488213388226 74.48401,21.74554,303.248855831392 74.48401333333332,21.74555166666666,303.7488911347307 74.48401666666668,21.74556333333333,303.9489264381067 74.48402166666666,21.745575,304.1489614713133 74.484025,21.745585,304.34899165422 74.48402166666666,21.745595,304.5490229179213 74.48402,21.74560833333333,304.9490641525067 74.48402,21.74561833333333,305.0490948758026 74.48401666666668,21.74562833333334,305.3491261394266 74.48401333333332,21.745635,305.6491471619307 74.48401,21.74564166666666,305.5491681844133 74.48400833333334,21.74564833333333,305.5491889367266 74.48400666666666,21.74565666666667,305.449214809568 74.484005,21.74566666666666,305.4492458029333 74.48400833333334,21.74567833333333,305.3492811064467 74.48401333333332,21.74569,305.1493161398827 74.48401666666668,21.7457,305.0493463229333 74.48401666666668,21.74571,304.9493770462133 74.48401666666668,21.74571833333334,305.1494026489466 74.48402166666666,21.74572666666666,305.549427441424 74.48402666666667,21.74573666666667,305.649457354496 74.48403666666667,21.74574666666667,305.549486457408 74.48404333333333,21.74575833333333,305.5495212211066 74.48405166666666,21.74577,305.4495557148293 74.48405666666666,21.74577833333334,305.3495805075706 74.48406333333334,21.74578833333333,304.9496101508987 74.48407333333333,21.7458,304.8496443748267 74.48407999999999,21.74581166666667,304.6496791389013 74.48408500000001,21.74581666666666,304.3496936906533 74.48408999999999,21.74582333333334,304.1497133630347 74.48409666666666,21.745835,304.0497481272773 74.48410333333332,21.74584333333333,304.1497726503626 74.48411166666666,21.74585333333334,304.0498020241387 74.484115,21.745865,303.949837328548 74.48412166666667,21.74587666666666,303.849872093064 74.48412833333333,21.74588666666667,303.5499017370186 74.48413499999999,21.74589666666667,303.5499313810373 74.484145,21.74590666666666,303.6499604852373 74.48415,21.74592,303.55000064064 74.48415333333334,21.74593166666667,303.6500359453707 74.48415666666666,21.74594166666667,303.85006612948 74.48416,21.74594833333333,303.5500860722987 74.48416666666667,21.74596,303.3501208373333 74.48417166666667,21.74596833333333,303.3501456309907 74.48417666666666,21.74598166666666,303.650185786712 74.48418166666667,21.74599333333333,303.9502208218187 74.48418166666667,21.746005,304.1502566665693 74.48417666666666,21.74601166666666,304.650277958856 74.48417500000001,21.746015,304.95028847006 74.48417500000001,21.74601833333334,305.0502987114066 74.48417500000001,21.74602833333334,305.0503294354467 74.48417500000001,21.74604,304.95036528016 74.48417833333333,21.74605333333333,304.8504057058987 74.48418333333333,21.746065,304.6504407411866 74.48419,21.74607333333334,304.7504652653547 74.484195,21.74608333333333,304.4504951800666 74.48419666666668,21.74609666666667,304.450535875792 74.48419666666668,21.74611166666667,304.950581962008 74.484195,21.74612333333334,305.2506180766107 74.48419666666668,21.74613333333333,305.4506485309867 74.484195,21.74614666666666,305.4506897662613 74.484195,21.74616,305.450730731776 74.48419333333332,21.746175,305.6507770877067 74.48419166666666,21.74618666666667,305.95081320224 74.484195,21.746195,305.950838266252 74.48419333333332,21.74620333333333,305.9508641394027 74.48419166666666,21.74621333333334,305.9508951332267 74.48418833333334,21.746225,306.3509315174067 74.484185,21.74623666666666,306.7509679015494 74.48419,21.74624833333333,307.0510029373146 74.48419,21.74625333333334,307.3510182993707 74.48419,21.746265,307.651054144168 74.48419166666666,21.746275,307.6510845986333 74.48418833333334,21.74628666666667,307.7511209827147 74.484185,21.74629666666666,307.9511522460773 74.484185,21.74630833333333,308.4511880908467 74.48418333333333,21.74631833333334,308.8512190845466 74.48418166666667,21.74633,309.1512551989093 74.48417833333333,21.74634333333334,309.4512967035227 74.48417666666666,21.746355,309.5513328178373 74.48417333333333,21.74636666666667,309.6513692017066 74.48417166666667,21.74638,309.7514104366454 74.48416999999999,21.74639333333334,309.6514516715627 74.48416666666667,21.746405,309.4514880553334 74.48416666666667,21.74641833333333,309.3515290206666 74.484165,21.74642833333333,309.1515600141906 74.484165,21.74643833333334,308.8515907381827 74.484165,21.74644833333333,308.4516214621747 74.48416666666667,21.74645666666667,308.051646796 74.48416666666667,21.74647,307.6516877613333 74.48416666666667,21.74648166666667,307.551723606 74.48416333333333,21.74649333333333,307.3517599896106 74.48416166666667,21.74650166666667,307.651785862396 74.484165,21.74651,307.851810926792 74.48417333333333,21.74651833333333,307.7518351828587 74.484185,21.74652833333334,307.6518640207827 74.48419666666668,21.74654,307.4518979795093 74.48420666666667,21.74655166666667,307.251932207792 74.48421666666667,21.74655833333334,307.0519510740667 74.48422833333333,21.746565,307.0519696709906 74.48424,21.74657,306.851983147264 74.484255,21.746575,306.65199608478 74.48426833333333,21.746585,306.4520246540147 74.48428333333332,21.74659166666667,306.1520427124667 74.4843,21.746595,306.05205026008 74.484315,21.74660333333334,305.7520734394907 74.48432,21.74661666666667,305.5521135976533 74.484325,21.74663,305.45215375588 74.48432333333334,21.74664333333333,305.2521949915787 74.48432166666666,21.74665666666666,304.952236227256 74.48431833333333,21.74667333333333,304.9522879738187 74.48431333333333,21.74668833333333,305.1523348688587 74.48431000000001,21.74669666666667,305.3523610113973 74.48430499999999,21.74671166666667,305.2524079063214 74.4843,21.74672666666667,305.2524548011734 74.48429333333334,21.74673666666667,305.2524866029227 74.48428833333334,21.74675,305.2525283768667 74.48428166666666,21.74676166666666,305.352565299244 74.484275,21.74677,305.55259198004 74.48426833333333,21.74677666666667,305.8526135400347 74.48425999999999,21.746785,306.052640489968 74.48425,21.74679333333334,306.1526677090667 74.48424,21.74680666666666,306.1527102902613 74.48423333333334,21.74682,306.0527523329067 74.48422666666667,21.746835,306.1527994961813 74.48422000000001,21.74684833333333,306.4528415386507 74.48421499999999,21.74686166666667,306.5528833118573 74.48420833333333,21.74687333333333,306.8529202334666 74.48419833333334,21.74688333333334,306.6529525726266 74.48419,21.746895,306.652989763224 74.48417833333333,21.746905,306.4530223713347 74.48416833333334,21.74691333333334,306.1530495895307 74.484155,21.74692333333333,305.7530824665627 74.48414333333334,21.74693166666667,305.7531099536987 74.48413333333333,21.74694,305.6531371716267 74.48412499999999,21.74694833333333,305.8531641203666 74.48411666666667,21.74695666666667,305.65319106904 74.48411,21.74696666666667,305.3532228691734 74.4841,21.74697833333333,305.1532603280266 74.48408999999999,21.74699,305.153297786768 74.48407833333334,21.74700166666667,305.4533355144627 74.48406833333334,21.74701,305.6533627317946 74.48406,21.74701833333334,305.8533896799947 74.484055,21.74702666666667,305.1534160900374 74.48404666666667,21.74703666666667,304.453448158688 74.48403666666667,21.747045,303.9534753757254 74.48402833333333,21.74705166666667,303.5534972031027 74.48401666666668,21.74705833333333,303.3535195684667 74.484005,21.747065,303.353541933756 74.48399333333333,21.74707166666667,303.3535642989706 74.48398166666666,21.74707666666666,303.053581543592 74.48396833333332,21.74708833333333,302.6536195391907 74.48395833333333,21.74710166666667,302.7536621171667 74.48395000000001,21.74711333333333,302.6536993055466 74.48394333333334,21.74712166666666,302.7537259838907 74.483935,21.74712833333333,302.8537478106626 74.483925,21.747135,303.05376990634 74.483915,21.74714333333333,303.1537971224186 74.48390500000001,21.74715166666666,303.4538243384173 74.48389666666667,21.74716166666666,303.653856405848 74.48389,21.74716833333333,304.1538779633786 74.48387833333332,21.74717833333333,304.6539105685187 74.48387,21.74718833333333,304.6539426357147 74.48386000000001,21.74719833333334,304.8539749717387 74.48385333333334,21.74721,305.0540118902827 74.48384666666668,21.747225,305.1540590495733 74.48383666666668,21.74723666666666,305.554096505712 74.48383166666667,21.74725,305.8541382755333 74.483825,21.74725833333333,305.9541649529667 74.48381666666667,21.74726666666666,306.4541918992 74.48380999999999,21.747275,306.75421857652 74.48380333333333,21.747285,306.8542503741627 74.48379833333334,21.747295,306.9542819029107 74.48379333333334,21.747305,306.9543134316107 74.48378666666667,21.74731666666667,307.15435034944 74.48377666666667,21.74732833333333,307.4543878048026 74.48376833333333,21.74734,307.5544249912587 74.48376166666667,21.74735166666667,307.654461908836 74.483755,21.74736166666667,307.7544937060014 74.48374833333334,21.74737166666666,308.0545255031026 74.48374333333332,21.74737833333334,308.1545467907227 74.483735,21.74738666666666,308.4545737361493 74.48372999999999,21.74739666666667,308.5546052643253 74.48372666666667,21.74740666666667,308.754636523712 74.48371666666667,21.74741333333333,309.0546586173866 74.48370833333334,21.74742166666666,309.3546855625667 74.48369833333332,21.74743,309.6547127764027 74.48369166666666,21.74743666666667,309.75473433244 74.48367833333333,21.747445,309.5547620835587 74.48366666666668,21.747455,309.2547946861333 74.48366,21.74746333333333,309.1548213622507 74.483655,21.74747166666667,308.8548477696253 74.48365,21.74748,308.55487417696 74.48363999999999,21.74749,308.454906510528 74.48362999999999,21.7475,308.354938844 74.48362,21.74751166666666,308.1549762976053 74.48361333333334,21.74752333333333,307.7550132138027 74.48360333333333,21.74753333333333,307.5550455469866 74.48359333333333,21.74754,307.4550676396587 74.48358166666667,21.74754833333333,307.1550951210946 74.48357333333334,21.74755666666666,307.0551220651946 74.483565,21.747565,307.155149009228 74.48355666666666,21.74757166666667,307.255170833016 74.48354500000001,21.74757833333333,307.2551931939587 74.483535,21.74758333333333,307.3552101660666 74.483525,21.74759,307.5552322582799 74.48351833333332,21.74759666666666,307.9552538132506 74.48350833333333,21.74760333333334,308.2552759053467 74.48350166666667,21.74761333333333,308.5553077004906 74.48349666666667,21.74761833333334,308.8553238666107 74.48348833333333,21.74762666666667,309.0553508100907 74.48348166666666,21.74763333333334,308.9553723648267 74.48347333333332,21.74764333333333,308.9554044282987 74.483465,21.74765,309.05542625148 74.48345666666667,21.74765833333333,309.2554531947067 74.48344833333334,21.74766833333333,309.6554852579587 74.483445,21.74767833333334,309.9555165155587 74.48344333333333,21.74768833333333,310.2555475046107 74.48344,21.74770166666666,310.5555890023253 74.48343833333334,21.74771333333333,311.0556251114186 74.48343666666666,21.747725,311.2556612204933 74.483435,21.74773833333334,311.2557024496307 74.48343,21.74775166666667,311.3557442156773 74.483425,21.74776166666667,311.4557757415133 74.48342333333333,21.74777,311.3558016103306 74.48342,21.74777833333333,311.2558277475787 74.48341499999999,21.747785,311.755849033172 74.48340833333333,21.74779666666667,312.1558859473466 74.48340333333334,21.74780833333334,312.3559225930267 74.48340166666667,21.74782,312.5559587018293 74.48340499999999,21.74783,312.655988885352 74.48340333333334,21.74784,312.8560198740906 74.48339833333333,21.74785333333334,313.0560616396907 74.48339333333334,21.74786833333333,313.3561085252746 74.48338833333334,21.74788333333333,313.3561554107866 74.48338333333332,21.74789666666667,313.3561971761866 74.48338166666667,21.74790666666667,313.356228164768 74.48338,21.74791833333334,313.2562642733707 74.483375,21.74793,313.1563009186 74.48337166666667,21.74794166666667,313.35633729546 74.48336833333333,21.74795,313.4563634322267 74.48336166666667,21.74796,313.4563952255893 74.48335666666667,21.74796666666667,313.45641651056 74.48335,21.74797166666666,313.4564329437733 74.48333833333332,21.74797833333334,313.7564553018147 74.48332833333333,21.74798833333334,313.9564876314947 74.48332166666667,21.748,314.1565245445333 74.48331666666667,21.74801166666667,314.25656118924 74.48331333333334,21.74802166666667,314.3565924456586 74.48331,21.74803166666667,314.4566237020454 74.48330333333334,21.74804166666667,314.4566554948667 74.483295,21.74804833333333,314.4566773159107 74.48328666666666,21.74805333333334,314.4566940169387 74.48327833333333,21.74805666666667,314.4567055979707 74.48327666666667,21.74806333333333,314.3567263460106 74.48326833333334,21.74807,314.2567481668827 74.48326166666668,21.74808,314.1567799593813 74.48325166666667,21.74809,313.8568122882053 74.48324333333333,21.74809666666667,313.5568341088906 74.48323666666667,21.74810166666667,313.456850541416 74.48322666666667,21.74811,313.4568777501013 74.48322,21.74812166666667,313.2569146621814 74.483215,21.74813333333333,313.2569513060267 74.48320666666667,21.74814833333333,313.1569987259147 74.48319666666666,21.74816333333333,313.2570464138187 74.48318999999999,21.74818166666666,313.3571038051013 74.48318166666667,21.74819833333333,313.4571563444947 74.483175,21.74821166666667,313.6571983759133 74.483165,21.74822666666666,313.8572460632853 74.48315833333332,21.74824166666667,314.0572932143666 74.48315666666667,21.74825333333333,313.9573293214506 74.48314999999999,21.74826666666667,313.9573713525334 74.48314333333333,21.74827833333333,313.7574082636826 74.48314000000001,21.74829166666667,313.1574497585333 74.48313333333334,21.748305,313.0574917893866 74.48312833333333,21.748315,313.1575233124706 74.48312666666668,21.74832666666667,313.257559419328 74.48312666666668,21.74833666666667,313.657590138336 74.48312,21.74834666666667,313.8576219293013 74.483115,21.74835666666667,314.0576534522213 74.48311333333332,21.74837,314.1576946787947 74.48311333333332,21.74838166666667,314.0577305175626 74.48311333333332,21.74839333333334,314.1577663563307 74.48311166666667,21.74839666666667,313.957776863928 74.48310499999999,21.74840666666666,313.6578086546293 74.48309833333333,21.74841333333333,313.5578302056426 74.48309333333333,21.74842333333333,313.3578617282986 74.48308833333334,21.74843333333333,313.3578932509067 74.483085,21.748445,313.357929625356 74.483075,21.74845833333333,313.4579721911667 74.483075,21.74847166666667,313.5580131495133 74.48307666666666,21.748485,313.6580538399813 74.48307833333334,21.748495,313.2580842908787 74.48308333333333,21.74850333333333,312.9581090862666 74.483085,21.748515,312.758144657012 74.48309166666667,21.748525,312.7581743044334 74.48309999999999,21.748535,312.95820368408 74.48310499999999,21.74854333333333,313.2582284796507 74.48310833333333,21.748555,313.2582637827267 74.48310666666666,21.748565,313.1582947694613 74.48310333333333,21.74857666666667,313.1583311438027 74.48309999999999,21.74859,312.95837263792 74.48309666666667,21.7486,312.8584038923733 74.48308999999999,21.74861,313.058435682352 74.483085,21.74861833333334,313.3584620846947 74.48308166666668,21.748625,313.4584830994334 74.48308,21.74862833333333,313.4584936067947 74.48308166666668,21.74863666666667,313.558518938024 74.48308166666668,21.748645,313.6585445370173 74.48308166666668,21.74865666666667,313.658580375608 74.48307833333334,21.74866666666667,313.8586116298666 74.483075,21.748675,314.0586377643 74.48307333333334,21.74868333333333,314.1586636309867 74.48307166666667,21.74869333333334,314.1586946174507 74.48307,21.74870666666667,314.2587358434774 74.483065,21.74872166666666,314.7587827246493 74.48306333333333,21.74873166666666,315.1588137110426 74.48306333333333,21.74874166666667,315.3588444297467 74.48307,21.74875166666667,315.5588740777893 74.48307,21.74876333333333,315.6589099163147 74.48306833333332,21.74877166666667,315.9589357829107 74.483065,21.74878333333334,316.3589721567067 74.48305999999999,21.74879,316.558993438752 74.48305499999999,21.74879833333334,316.4590198405427 74.48304833333333,21.748805,316.5590413901426 74.48304166666667,21.74881333333333,316.8590680594667 74.48303833333333,21.74881833333333,316.9590839539907 74.483035,21.74882666666667,317.1591100880214 74.483035,21.748835,317.359135686828 74.48302833333334,21.748845,317.4591674757587 74.48302333333332,21.74885333333333,317.6591938772907 74.48301666666666,21.74886333333333,317.8592256661067 74.48300999999999,21.74887333333334,318.1592574548587 74.48300500000001,21.74888,318.259278736512 74.48299999999999,21.74889,318.5593102576 74.482995,21.7489,318.6593417786401 74.48299166666668,21.74890833333333,318.4593679123667 74.48299,21.74891833333334,318.5593988982587 74.482985,21.74892666666666,318.5594252994613 74.48298166666667,21.74893833333333,318.7594616725427 74.48298166666667,21.74895,318.7594975105734 74.48298166666667,21.74896,318.8595282288854 74.48298,21.74896833333333,318.8595540949707 74.482975,21.74897833333334,319.2595856157267 74.48296999999999,21.74898833333333,319.7596171364347 74.48296666666667,21.74899833333333,320.0596483896267 74.48296166666667,21.74900666666667,320.2596747905441 74.48296000000001,21.74901166666667,320.2596904171094 74.48296000000001,21.749015,319.959700656512 74.48295666666667,21.74902000000001,319.5597165505174 74.48295666666667,21.74902666666667,319.359737029312 74.48295499999999,21.749035,319.359762895244 74.48295499999999,21.74904166666667,319.5597833740334 74.48294833333333,21.74905333333334,319.5598202816107 74.482945,21.74906166666666,319.5598464149053 74.48294,21.74907166666667,319.4598779352694 74.482935,21.74908166666667,319.6599094555854 74.48293166666667,21.74909333333333,319.7599458281387 74.48292833333333,21.74910333333333,319.8599770809787 74.48292499999999,21.749115,319.96001345346 74.48292333333333,21.749125,320.0600444388667 74.48292333333333,21.74913666666667,320.3600802765707 74.48291999999999,21.74914833333333,320.4601166489707 74.48291833333333,21.74915333333333,319.9601322753227 74.48290999999999,21.74916,319.660154090688 74.4829,21.74916833333333,319.6601812929867 74.482895,21.74917833333333,319.8602128128787 74.48288833333332,21.74918666666667,319.8602394803947 74.48288333333333,21.74919166666667,319.6602556412667 74.48287833333333,21.74919666666666,319.8602718021147 74.48287499999999,21.74920333333334,320.1602928152667 74.48287166666667,21.74921166666666,320.160318948028 74.48286833333333,21.74922166666667,320.2603502003907 74.48286833333333,21.74923166666667,320.1603809181587 74.48286499999999,21.74924166666666,320.4604121704734 74.48286666666667,21.74925,320.9604375013333 74.48286333333334,21.74926166666667,321.3604738732347 74.48286,21.74927166666667,321.8605051254773 74.48285833333333,21.74928166666667,321.9605361104467 74.48285333333334,21.74929333333334,322.2605727494827 74.48284666666667,21.7493,322.4605942968534 74.48284,21.74931,322.460626083392 74.48283333333333,21.74931833333333,322.3606527502666 74.48282500000001,21.74932833333333,322.2606848038867 74.48281666666666,21.74933833333334,322.1607168574267 74.48281166666668,21.74934666666666,322.160743256928 74.48280500000001,21.74935166666667,322.0607596844173 74.482795,21.74935666666667,321.6607766462374 74.48278833333333,21.749365,321.5608033127826 74.48277833333333,21.74937166666667,321.4608253940547 74.48276333333334,21.74937833333333,321.5608482767547 74.48274666666666,21.74938,321.7608560679254 74.48273500000001,21.74938166666667,322.1608630575853 74.48272,21.74938,322.360860342528 74.48271,21.749385,322.860877304008 74.48269666666667,21.74938833333333,323.2608896802586 74.48268666666667,21.74939166666666,323.86090152216 74.48267833333333,21.74939666666667,324.5609182163547 74.48266833333334,21.74940333333333,325.0609402971227 74.48266,21.74940666666667,325.1609518717653 74.48265166666667,21.749415,325.2609788047454 74.48264166666667,21.74941833333333,325.4609906464467 74.48263166666668,21.74942333333333,325.6610076075547 74.48262333333334,21.74942666666667,325.7610191820587 74.48261333333333,21.74943333333333,326.1610412625067 74.48260333333333,21.74943666666666,326.1610531040587 74.482595,21.74943666666666,325.8610544396453 74.482585,21.74943833333333,325.6610611617507 74.482575,21.74943833333333,325.6610627644467 74.48256833333333,21.74943666666666,325.4610587135227 74.48256333333333,21.749435,325.1610543954907 74.48256166666667,21.749435,324.7610546626094 74.48255999999999,21.74943333333333,324.5610498103467 74.48255833333333,21.74943166666667,324.7610449580867 74.482555,21.74943166666667,324.7610454923294 74.48255,21.74943333333333,324.8610514130667 74.48254833333334,21.749435,324.7610567995587 74.48254666666666,21.749435,324.9610570666774 74.48254666666666,21.74943666666666,325.061062186048 74.48254666666666,21.74943666666666,325.061062186048 74.48254666666666,21.74943666666666,325.061062186048 74.48254666666666,21.74943666666666,325.061062186048 74.48254666666666,21.74943666666666,325.061062186048 74.48254666666666,21.74943666666666,325.061062186048 74.48254666666666,21.74943666666666,325.061062186048 74.48254666666666,21.74943666666666,325.061062186048 74.48254666666666,21.74943666666666,325.061062186048 74.48254666666666,21.74943666666666,325.061062186048 74.48254666666666,21.74943666666666,325.061062186048 74.48254666666666,21.74943666666666,325.061062186048 74.48254666666666,21.74943666666666,325.061062186048 74.48254666666666,21.74943666666666,325.061062186048 74.48254666666666,21.74943666666666,325.061062186048 74.48254666666666,21.74943666666666,325.061062186048 74.48254666666666,21.74943666666666,325.061062186048 74.48254666666666,21.74943666666666,325.061062186048 74.48254666666666,21.74943666666666,325.061062186048 74.48254666666666,21.74943666666666,325.061062186048 74.48254666666666,21.74943666666666,325.061062186048 74.48254666666666,21.74943666666666,325.061062186048 74.48254666666666,21.74943666666666,325.061062186048 74.48254666666666,21.74943666666666,325.061062186048 74.48254666666666,21.74943666666666,325.061062186048 74.48254666666666,21.74943666666666,325.061062186048 74.48254666666666,21.74943666666666,325.061062186048 74.48254666666666,21.74943666666666,325.061062186048 74.48254666666666,21.74943666666666,325.061062186048 74.48254666666666,21.74943666666666,325.061062186048 74.48254666666666,21.74943666666666,325.061062186048 74.48254666666666,21.74943666666666,325.061062186048 74.48254666666666,21.74943666666666,325.061062186048 74.48254666666666,21.74943666666666,325.061062186048 74.48254666666666,21.74943666666666,325.061062186048 74.48254666666666,21.74943666666666,325.061062186048 74.48254666666666,21.74943666666666,325.061062186048 74.48254666666666,21.74943666666666,325.061062186048 74.48254666666666,21.74943666666666,325.061062186048 74.48254666666666,21.74943666666666,325.061062186048 74.48254666666666,21.74943666666666,325.061062186048 74.48254666666666,21.74943666666666,325.061062186048 74.48254666666666,21.74943666666666,325.061062186048 74.48254666666666,21.74943666666666,325.061062186048 74.48254666666666,21.74943666666666,325.061062186048 74.48254666666666,21.74943666666666,325.061062186048 74.48254666666666,21.74943666666666,325.061062186048 74.48254666666666,21.74943666666666,325.061062186048 74.48254666666666,21.74943666666666,325.061062186048 74.48254666666666,21.74943666666666,325.061062186048 74.48254666666666,21.74943666666666,325.061062186048 74.48254666666666,21.74943666666666,325.061062186048 74.48254666666666,21.74943666666666,325.061062186048 74.48254666666666,21.74943666666666,325.061062186048 74.48254666666666,21.74943666666666,325.061062186048 74.48255333333333,21.749455,326.1611174307147 74.48254666666666,21.74946833333333,326.2611594540907 74.48254166666668,21.74947833333333,326.2611909715667 74.48253500000001,21.74949166666667,326.2612329947934 74.48253,21.749505,326.1612747508721 74.48252000000001,21.749515,325.661307069344 74.48250833333333,21.74952333333333,325.7613345354267 74.48249666666668,21.74953333333334,325.6613671207467 74.482485,21.74954333333334,325.3613997059547 74.48247333333333,21.749555,325.1614374103627 74.48246666666667,21.74956833333333,325.3614794329067 74.48245666666666,21.74957833333334,325.1615117507707 74.48244666666666,21.74958833333334,325.2615440685387 74.48244166666667,21.74959833333333,325.3615755852467 74.48243000000001,21.74960833333334,325.3616081698267 74.48242166666667,21.74961833333333,325.0616402203507 74.482415,21.74962666666667,324.6616668845654 74.48240333333334,21.749635,324.3616943496027 74.482395,21.74964833333333,324.3617366383907 74.48238333333333,21.74966166666666,324.2617794609467 74.48237333333333,21.749675,324.0618220164267 74.48236,21.74968166666667,323.8618446287254 74.48235166666667,21.749695,323.6618869170493 74.48234000000001,21.74970666666666,323.6619246198613 74.48233166666667,21.74971666666667,323.86195666956 74.48231833333332,21.74973,323.9619997582107 74.48230666666667,21.74973833333333,324.4620272222827 74.48229833333333,21.74974833333333,324.5620592716947 74.48228999999999,21.74975833333333,324.3620913210266 74.48228,21.74977333333333,323.9621389946027 74.48226666666666,21.749785,323.3621769634133 74.48225666666667,21.74979333333333,322.9622041601387 74.48224833333333,21.749795,322.3622106134307 74.48223833333333,21.74980166666667,321.9622326909107 74.48223,21.74981,321.562259620624 74.48222000000001,21.74981833333333,321.1622868170827 74.48220833333333,21.74982833333333,320.7623193993667 74.48219999999999,21.749845,320.36237192432 74.48219333333333,21.74986166666667,319.8624241823627 74.48218166666668,21.74987666666667,319.762472121512 74.48217500000001,21.74988833333333,319.6625090220867 74.48217166666667,21.74989666666667,319.662535150952 74.48216499999999,21.74990333333334,319.4625566942107 74.48215499999999,21.74991166666667,319.3625838899613 74.48214166666666,21.74992833333333,318.9626372143267 74.48213000000001,21.74994166666667,318.4626800336933 74.48211500000001,21.74995166666667,318.6627131482654 74.48210666666667,21.74995833333333,318.9627349578667 74.4821,21.74996833333333,318.8627667387467 74.482095,21.74997666666667,318.9627931338694 74.48208500000001,21.74998833333333,318.9628305669907 74.48207333333333,21.75000333333333,317.6092907431538 74.48206499999999,21.750015,317.709317744352 74.48205166666666,21.75003,317.9093523558827 74.48203833333334,21.75004333333333,318.0093830629405 74.48202833333333,21.75005333333333,318.1094060935325 74.48202333333333,21.75006,318.4094215139414 74.48202166666667,21.75006666666667,318.5094370674844 74.48201999999999,21.75007333333333,318.509452621056 74.48201333333333,21.75008333333334,318.8094757852445 74.48200666666666,21.7501,318.9095145698134 74.48199666666666,21.75012166666667,319.1095649370525 74.48199,21.75014,319.4096076273921 74.48198333333333,21.750155,319.70964250784 74.48197499999999,21.75016666666667,320.009669512 74.48196833333333,21.75017666666667,320.1096926775609 74.48196833333333,21.750185,320.509712203232 74.48196833333333,21.75019166666667,320.7097278237689 74.481965,21.75020333333334,321.0097550272427 74.48196333333334,21.75021666666667,321.3097862021689 74.48196166666666,21.750235,321.5098290925973 74.48196,21.750255,321.509875888256 74.48195833333332,21.75027,321.9099109685334 74.48195333333334,21.75028,322.8099342012587 74.48194833333334,21.75028666666666,323.2099496237582 74.48194333333332,21.750295,323.6099689515307 74.48193166666667,21.75030166666666,324.0099841101191 74.481925,21.750315,324.01001508784 74.48192166666666,21.75033,323.8100501029547 74.48191666666666,21.75034,323.5100733365334 74.48191166666668,21.75035,323.9100965702401 74.48191,21.75036,323.910119935872 74.48191,21.75036833333333,324.3101394621654 74.48190666666666,21.75037666666666,324.4101588567325 74.48190333333334,21.75038666666667,324.7101821566436 74.48189833333332,21.75040166666667,324.6102171066701 74.48189666666667,21.75041666666667,325.1102521884445 74.48189499999999,21.75043333333333,325.6102911755734 74.48189333333333,21.75044833333333,325.8103262574791 74.48189166666666,21.750455,325.91034181296 74.48189000000001,21.75046666666666,326.1103690843734 74.48188333333333,21.75048,326.1104000642133 74.48188333333333,21.75049166666667,326.0104274014222 74.48187666666666,21.75051,325.4104700975787 74.48187333333334,21.75052333333333,325.0105012091165 74.48187333333334,21.75053166666667,324.8105207358009 74.481875,21.75054,324.910540328 74.48187166666666,21.75054666666666,325.1105558183325 74.481865,21.750555,325.310575083104 74.481855,21.750565,325.610598122464 74.48184833333333,21.750575,326.71062129296 74.48184333333333,21.75058666666666,327.9106484344463 74.48183999999999,21.750595,328.710667830656 74.481835,21.75060833333334,329.1106988778134 74.48183,21.75062333333334,329.2107338305707 74.481825,21.75064,329.61077268896 74.481825,21.750655,330.21080783792 74.48182833333334,21.75066166666666,330.6108235901903 74.481825,21.75066666666667,330.810835176 74.48182,21.75067833333333,331.2108623184213 74.48181166666667,21.75069,331.2108893306026 74.48180333333333,21.75070166666667,331.4109163430329 74.48180000000001,21.75071166666667,331.4109396456533 74.48179499999999,21.75072,331.710958977728 74.48179499999999,21.75072666666667,331.910974599744 74.48179333333333,21.75073666666666,332.0109979676729 74.48179,21.750745,332.4110173650561 74.481785,21.75075333333333,332.3110366974507 74.48178833333333,21.75076333333333,332.4110602606792 74.48178833333333,21.75076833333333,333.0110719772338 74.48179166666667,21.75078,333.3110994458667 74.48179333333333,21.75079166666667,333.6111268494222 74.48179333333333,21.75081,333.6111698100054 74.48178833333333,21.75082166666667,333.7111969538169 74.48178333333334,21.75083333333334,334.0112240977778 74.48178166666666,21.75084666666667,334.3112552771485 74.481775,21.75086166666667,334.5112901676267 74.48176833333333,21.75088,334.6113328694827 74.48176333333335,21.75089833333333,334.9113756364018 74.48175833333333,21.75090833333334,335.0113988756444 74.48175166666667,21.75091666666667,335.4114181447111 74.48174999999999,21.75092166666667,335.6114297968001 74.48174666666667,21.75093166666666,335.7114531010417 74.48174333333333,21.75094333333333,335.7114803109831 74.48174166666666,21.75094833333333,336.4114919631822 74.48173333333334,21.75095333333334,336.8115033568711 74.48172333333333,21.750965,336.411530308672 74.48171666666667,21.75097333333333,336.6115495785956 74.48170833333333,21.75098166666667,336.7115687840889 74.4817,21.75099,336.4115879897601 74.48169666666666,21.75099833333334,336.5116073892195 74.48169166666666,21.75101,336.31163453568 74.481685,21.75102166666666,336.3116616178027 74.48167833333333,21.75103166666667,336.5116847943715 74.481675,21.751045,336.71171591152 74.48166999999999,21.75105833333334,336.8117469643734 74.48165999999999,21.75106833333333,336.911770012672 74.481655,21.75107666666667,336.7117893485226 74.48164833333334,21.751085,336.311808620128 74.48164333333334,21.75109333333333,336.3118279562098 74.48163666666666,21.75110166666667,336.2118472280818 74.48163,21.75111166666666,335.711870405952 74.48162666666667,21.751125,335.1119015242667 74.48162499999999,21.751135,334.8119248952 74.48162166666665,21.75114166666667,334.7119403902045 74.48161833333333,21.751145,334.611948073504 74.48161333333334,21.75115166666667,334.4119635043983 74.48160666666666,21.75116333333334,334.2119905888995 74.48159666666668,21.75117666666667,334.1120214512072 74.481585,21.75118833333334,334.312048343776 74.48157999999999,21.751195,334.212063775232 74.48157500000001,21.751205,334.21208701872 74.48156666666667,21.751215,334.4121101341867 74.48156,21.75122833333333,334.5121411259307 74.481555,21.75124333333333,334.612176087936 74.48155166666668,21.751255,334.7122033020693 74.48155166666668,21.751265,334.712226738208 74.48155166666668,21.751275,335.0122501743467 74.48155166666668,21.75128666666667,335.1122775165085 74.48155,21.75129833333334,335.4123047947734 74.48154500000001,21.75131,335.612331945344 74.48154500000001,21.75132166666667,335.9123592876054 74.48154166666667,21.75132833333333,336.1123747840888 74.48153666666667,21.75133333333333,336.4123863107556 74.48153000000001,21.75134,336.412401679744 74.48152499999999,21.75134833333333,336.21242101872 74.48152333333334,21.75136,336.4124482975147 74.48151666666666,21.75137,336.71247147904 74.481515,21.75138166666666,337.0124987580053 74.48151,21.75139,337.612518097408 74.48150833333334,21.75139666666666,338.3125336581689 74.48150833333334,21.75140833333333,338.8125610009778 74.48150666666668,21.75141666666667,339.0125804679111 74.48149833333333,21.75142333333333,339.1125957742365 74.48149166666667,21.75143,339.11261114432 74.48148500000001,21.75144166666666,339.4126382330134 74.48148166666667,21.75144666666667,339.8126498243485 74.48147166666666,21.75145166666667,340.0126611614471 74.48146166666668,21.751455,340.4126685924587 74.48145500000001,21.75146,340.412680056896 74.48144333333333,21.75146166666667,341.0126835182862 74.48143499999999,21.751465,341.912691013088 74.48142666666666,21.75147,342.3127024142507 74.48142,21.75147833333333,343.012721691648 74.48141666666668,21.751485,343.2127371898667 74.48141166666666,21.75149166666667,343.2127526246578 74.48140833333333,21.75150333333334,343.5127798419911 74.481405,21.751515,344.012807059424 74.48140166666667,21.751525,344.0128303706134 74.48139666666665,21.751535,344.112853618496 74.48139333333333,21.75154166666667,343.7128691171555 74.481385,21.751545,343.712876613024 74.48137666666666,21.75154666666667,344.1128802025671 74.48137166666667,21.75154666666667,344.5128800124657 74.48136833333334,21.75155,344.81288769856 74.48136,21.75155333333333,345.012895194624 74.48135166666665,21.75156166666666,345.3129144101085 74.48134166666667,21.75157,345.7129335624533 74.48133166666666,21.751575,345.9129449020267 74.48132666666667,21.75158166666667,346.0129603381191 74.48132000000001,21.751585,346.112967897984 74.48131166666667,21.75159166666667,346.3129832076978 74.48130333333333,21.7516,346.3130024241067 74.48129666666667,21.75160666666666,346.3130177973618 74.48129166666666,21.75161666666667,346.5130410471111 74.48128833333334,21.751625,346.3130604536 74.48128166666667,21.75163666666667,346.6130875469938 74.48127500000001,21.75164333333333,346.5131029207467 74.48126999999999,21.75164833333333,346.613114451136 74.48126666666667,21.75165333333333,346.8131260447289 74.48126000000001,21.75165833333333,347.0131375121067 74.48125333333334,21.75166166666667,347.0131450729102 74.481245,21.75166666666667,347.1131564773334 74.48123666666667,21.75167,346.913163975168 74.48122666666667,21.75167833333333,346.6131831301262 74.48121999999999,21.751685,346.613198504704 74.48121666666665,21.75169333333333,347.113217912249 74.48121166666667,21.75170166666667,347.5132372568285 74.48120333333333,21.75171,347.8132564754774 74.48119833333334,21.75172333333333,348.0132875406365 74.481195,21.75173166666667,348.4133069485761 74.48118666666666,21.75173833333333,348.8133222609209 74.48117833333335,21.75174833333333,349.1133453870472 74.48117166666665,21.75176,349.613372483136 74.48116499999999,21.751765,350.1133839520321 74.48115833333333,21.75177166666667,350.1133993278756 74.48115333333334,21.75177666666667,350.1134108598329 74.48115166666666,21.75178166666667,350.5134225175858 74.48115,21.75178166666667,350.91342245472 74.48114833333334,21.751785,351.1134302056214 74.48114833333334,21.75178666666666,351.1134341125049 74.481145,21.75178833333333,351.1134378936854 74.48114333333334,21.75179333333333,351.4134495515165 74.48114333333334,21.7518,351.9134651790934 74.48114333333334,21.75180833333333,352.0134847135644 74.48114333333334,21.751815,352.0135003411414 74.48114000000001,21.75181666666667,351.8135041224534 74.48113666666667,21.75181833333334,351.6135079037796 74.48113499999999,21.75181833333334,351.613507840992 74.48113499999999,21.75181833333334,351.613507840992 74.48113499999999,21.75181833333334,351.613507840992 74.48113499999999,21.75181833333334,351.613507840992 74.48112833333333,21.75182666666666,351.9135271244729 74.48112500000001,21.75183,352.4135348128 74.48112166666667,21.75183,352.5135346872747 74.48111833333334,21.751825,352.6135228409067 74.48111833333334,21.75182,352.713511120064 74.48111833333334,21.75181833333334,352.7135072131165 74.48111833333334,21.75181833333334,352.7135072131165 74.48111833333334,21.75181833333334,352.7135072131165 74.48111666666667,21.75182,352.71351105728 74.481115,21.75182,352.713510994496 74.481115,21.75182,352.713510994496 74.481115,21.75182,352.713510994496 74.481115,21.75182,352.713510994496 74.481115,21.75182,352.713510994496 74.481115,21.75182,352.713510994496 74.481115,21.75182,352.713510994496 74.481115,21.75182,352.713510994496 74.481115,21.75182,352.713510994496 74.481115,21.75182,352.713510994496 74.481115,21.75182,352.713510994496 74.481115,21.75182,352.713510994496 74.481115,21.75182,352.713510994496 74.481115,21.75182,352.713510994496 74.481115,21.75182,352.713510994496 74.481115,21.75182,352.713510994496 74.481115,21.75182,352.713510994496 74.481115,21.75182,352.713510994496 74.481115,21.75182,352.713510994496 74.481115,21.75182,352.713510994496 74.481115,21.75182,352.713510994496 74.481115,21.75182,352.713510994496 74.48111999999999,21.75183833333333,353.213554159232 74.48111333333333,21.751845,353.4135695360854 74.48110166666667,21.75185,353.71358081792 74.48108999999999,21.751855,353.813592099904 74.48107833333333,21.75186,354.3136033820374 74.48106666666666,21.75186833333333,354.5136224784355 74.48106166666666,21.75187833333333,354.8136457328036 74.48105833333334,21.75188666666666,355.4136651428623 74.481055,21.7519,355.71369627424 74.48105166666666,21.75191333333333,355.8137274057316 74.48104666666667,21.751925,355.61375456768 74.48104666666667,21.75193666666667,355.5137819173831 74.48105166666666,21.75194333333333,355.8137977333475 74.481055,21.75195833333333,356.2138330221333 74.48105333333334,21.75197166666667,356.9138642163343 74.48105166666666,21.751985,357.313895410592 74.48105000000001,21.752,357.413930512 74.48105000000001,21.75202,357.71397739712 74.48104333333335,21.75204166666667,358.1140279400889 74.48103500000001,21.75206333333333,358.4140784211626 74.48102999999999,21.75208,358.814117305728 74.48102833333334,21.75209166666667,359.0141445934756 74.48102666666666,21.75210666666667,359.2141796955591 74.48102,21.75211833333334,359.9142067969707 74.481015,21.75212333333333,360.314218332032 74.48101333333334,21.75212333333333,360.3142182698952 74.48101333333334,21.75212,360.014210455552 74.48101,21.75211833333334,359.8142064240853 74.48100666666666,21.75211666666667,359.8142023926044 74.48100833333334,21.75211333333333,359.8141946403911 74.48101166666667,21.75211333333333,359.8141947647076 74.48101166666667,21.75211333333333,359.7141947647075 74.48101333333334,21.75211333333333,359.7141948268658 74.481015,21.752115,359.614198796192 74.481015,21.752115,359.4141987961921 74.481015,21.752115,359.4141987961921 74.481015,21.752115,359.4141987961921 74.481015,21.752115,359.4141987961921 74.481015,21.752115,359.4141987961921 74.481015,21.752115,359.4141987961921 74.481015,21.752115,359.4141987961921 74.481015,21.752115,359.4141987961921 74.481015,21.752115,359.4141987961921 74.481015,21.752115,359.4141987961921 74.481015,21.752115,359.4141987961921 74.481015,21.752115,359.4141987961921 74.481015,21.752115,359.4141987961921 74.481015,21.752115,359.4141987961921 74.481015,21.752115,359.4141987961921 74.481015,21.752115,359.4141987961921 74.481015,21.752115,359.4141987961921 74.481015,21.752115,359.4141987961921 74.481015,21.752115,359.4141987961921 74.481015,21.752115,359.4141987961921 74.481015,21.752115,359.4141987961921 74.481015,21.752115,359.4141987961921 74.481015,21.752115,359.4141987961921 74.481015,21.752115,359.4141987961921 74.481015,21.752115,359.4141987961921 74.481015,21.752115,359.4141987961921 74.481015,21.752115,359.4141987961921 74.481015,21.752115,359.4141987961921 74.481015,21.752115,359.4141987961921 74.481015,21.752115,359.4141987961921 74.481015,21.752115,359.4141987961921 74.481015,21.752115,359.4141987961921 74.481015,21.752115,359.4141987961921 74.481015,21.752115,359.4141987961921 74.481015,21.752115,359.4141987961921 74.481015,21.752115,359.4141987961921 74.481015,21.752115,359.4141987961921 74.481015,21.752115,359.4141987961921 74.481015,21.752115,359.4141987961921 74.481015,21.752115,359.4141987961921 74.481015,21.752115,359.4141987961921 74.481015,21.752115,359.4141987961921 74.481015,21.752115,359.4141987961921 74.481015,21.752115,359.4141987961921 74.481015,21.752115,359.4141987961921 74.481015,21.752115,359.4141987961921 74.481015,21.752115,359.4141987961921 74.481015,21.752115,359.4141987961921 74.481015,21.752115,359.4141987961921 74.481015,21.752115,359.4141987961921 74.481015,21.752115,359.4141987961921 74.481015,21.752115,359.4141987961921 74.481015,21.752115,359.4141987961921 74.481015,21.752115,359.4141987961921 74.481015,21.752115,359.4141987961921 74.481015,21.752115,359.4141987961921 74.481015,21.752115,359.4141987961921 74.481015,21.752115,359.4141987961921 74.481015,21.752115,359.4141987961921 74.481015,21.752115,359.4141987961921 74.481015,21.752115,359.4141987961921 74.481015,21.752115,359.4141987961921 74.481015,21.752115,359.4141987961921 74.481015,21.752115,359.4141987961921 74.481015,21.752115,359.4141987961921 74.481015,21.752115,359.4141987961921 74.481015,21.752115,359.4141987961921 74.481015,21.752115,359.4141987961921 74.481015,21.752115,359.4141987961921 74.481015,21.752115,359.4141987961921 74.481015,21.752115,359.4141987961921 74.481015,21.752115,359.4141987961921 74.481015,21.752115,359.4141987961921 74.481015,21.752115,359.4141987961921 74.481015,21.752115,359.4141987961921 74.481015,21.752115,359.4141987961921 74.481015,21.752115,359.4141987961921 74.481015,21.752115,359.4141987961921 74.481015,21.752115,359.4141987961921 74.481015,21.752115,359.4141987961921 74.48103666666665,21.75212166666667,359.7142152326897 74.48104499999999,21.752115,359.814199914976 74.48104833333333,21.75211166666666,359.9141922250916 74.48107,21.752095,360.314153962688 74.48108166666665,21.75208333333333,360.4141270488889 74.48109500000001,21.75207166666667,360.2141001976854 74.48109666666666,21.75206,359.914072910976 74.48110333333334,21.75204,359.8140262763094 74.481105,21.75200833333333,359.81395210608 74.48111999999999,21.75198166666667,359.613890156416 74.48113499999999,21.75196166666666,359.313843835424 74.481145,21.75195166666667,359.1138207689707 74.48115333333334,21.75194166666667,358.913797640249 74.48116499999999,21.75193666666667,358.713786357376 74.48117833333335,21.751935,358.6137829508374 74.48119166666667,21.75193833333334,358.3137912647289 74.48120166666666,21.751945,358.1138072669974 74.48120999999999,21.75195666666667,357.813834926848 74.48121666666665,21.75196666666666,357.5138586172445 74.48122499999999,21.751975,357.2138784632 74.48122833333333,21.75197666666666,356.7138824948196 74.48123000000001,21.75198,356.113890370688 74.48123666666667,21.751985,355.713902340544 74.48124666666666,21.75199,355.0139144351573 74.48125666666667,21.75199333333333,354.6139226229902 74.48126833333335,21.75199666666667,354.1139308731449 74.48128166666667,21.75200333333333,353.4139469987983 74.48129833333334,21.75201166666666,352.5139671555449 74.48131166666667,21.75200833333333,351.7139598414756 74.48132333333334,21.75201,351.0139641846613 74.48134,21.75201166666666,350.2139687149227 74.48135499999999,21.75201333333333,349.3139731827413 74.48137,21.75201333333333,348.5139737440854 74.48138833333334,21.752015,347.513978336544 74.48140666666667,21.752015,346.813979022592 74.48142833333333,21.75201666666667,346.1139837396623 74.48144666666667,21.75202,345.5139922381654 74.48146166666668,21.75201666666667,345.0139849869511 74.48147333333333,21.75201166666666,344.6139737049316 74.48149166666667,21.75201,344.0139704849067 74.48150666666668,21.752005,343.5139593279574 74.48152166666667,21.75200333333333,342.7139559833742 74.48154,21.75200166666667,342.1139527636481 74.48155666666666,21.751995,341.4139377635627 74.48157500000001,21.75199333333333,341.1139345441067 74.48159333333334,21.75199166666666,341.0139313247289 74.48160833333333,21.75198666666667,340.8139201687823 74.48162333333333,21.751975,340.3138933895467 74.48163333333333,21.75196833333333,339.8138781408711 74.48164333333334,21.75196166666666,339.3138628923662 74.48165666666667,21.751955,339.113847769024 74.48166666666665,21.75194833333333,338.8138325208889 74.48168166666666,21.75194666666666,338.7138291777351 74.481695,21.751945,338.313825772128 74.48170666666667,21.75195,338.0138379268267 74.48171833333335,21.75195166666667,338.0138422700409 74.48173,21.751955,338.013850518848 74.48174,21.75196,337.813862610688 74.48175166666667,21.75196333333333,337.7138708592782 74.481765,21.751965,338.0138752646719 74.481775,21.75196833333333,338.1138834506133 74.48178666666666,21.751975,338.2138995099733 74.48180000000001,21.751985,338.31392344256 74.48181166666667,21.75199,338.5139355959893 74.48182333333332,21.752,338.6139594656 74.48183833333333,21.75200666666666,338.9139756488462 74.48184999999999,21.752015,339.21399561248 74.48186333333334,21.75202,339.5140078274987 74.48187333333334,21.752025,340.4140199176534 74.48188666666667,21.75203166666667,341.2140360376604 74.48189833333332,21.75203833333333,342.1140520951218 74.48190833333334,21.752045,342.31406809008 74.48191833333334,21.75205166666666,342.7140840848675 74.48193166666667,21.752055,343.2140923936107 74.48194333333332,21.75205833333333,343.5141006399645 74.481955,21.75206,343.714104981056 74.48196666666666,21.75206166666667,343.8141093220978 74.48198166666666,21.75206333333333,343.9141137876196 74.48199833333334,21.75206666666666,344.5141222204089 74.48200833333334,21.75207333333334,344.8141382141511 74.482015,21.75207666666667,345.4141462731947 74.482015,21.75207833333333,345.6141501782294 74.48201666666667,21.75208,345.6141541454934 74.48201999999999,21.75207833333333,345.614150364928 74.48201999999999,21.75207666666667,345.614146459904 74.48202999999999,21.75207666666667,345.8141468333227 74.48204166666666,21.752075,346.014143364 74.48205333333334,21.75207333333334,345.9141398947272 74.48206333333333,21.75207166666667,345.9141363632569 74.48207666666667,21.75206666666666,345.9141251465245 74.48209166666668,21.75205833333333,346.1141061824889 74.482105,21.75204833333333,346.7140832516373 74.48211833333333,21.75204,346.5140642259414 74.48213333333334,21.752035,346.5140530724267 74.48214333333334,21.75202833333334,346.7140378273351 74.48215166666667,21.75202333333333,346.8140264248036 74.48216166666666,21.75202,346.8140189894614 74.48217333333334,21.75201666666667,346.6140116165689 74.48218166666668,21.75201166666666,346.8140002143538 74.48219333333333,21.75200833333333,347.1139928416711 74.48220666666666,21.75200666666666,347.3139894361032 74.48221833333334,21.75200166666667,347.3139781590009 74.48223,21.752,347.0139746912 74.48224,21.751995,346.913963351936 74.48225333333333,21.75199166666666,346.5139560421689 74.48226666666666,21.75199,346.2139526370133 74.48228,21.75198833333333,346.0139492319146 74.48229166666667,21.751985,345.91394186 74.482305,21.75198,345.8139306462081 74.48232,21.75197666666666,345.813923399424 74.48233,21.75197333333333,346.0139159653974 74.48234166666666,21.75197,345.91390859392 74.48235500000001,21.75196666666666,345.7139012850133 74.48236833333334,21.75196666666666,345.1139017847822 74.48237999999999,21.75196666666666,344.81390222208 74.48239666666667,21.751965,344.4138989425707 74.482415,21.75196166666666,343.9138918214294 74.48243166666666,21.75195666666667,343.8138807338098 74.48244500000001,21.75195666666667,343.1138812337494 74.48245833333334,21.751955,342.7138778296 74.48247333333333,21.75195333333334,342.2138744880071 74.482485,21.751955,342.113878829536 74.48249666666668,21.75195666666667,342.0138831710151 74.48250833333333,21.75195333333334,341.9138758004978 74.48252000000001,21.75194666666666,342.0138606221653 74.48253,21.75194333333333,341.513853189376 74.482545,21.75194333333333,341.513853752064 74.48255999999999,21.75194166666667,341.71385041088 74.48257333333332,21.75194,341.9138470072321 74.48258666666668,21.75193666666667,342.4138396998258 74.48260000000001,21.75193333333333,342.5138323925333 74.48261166666666,21.75192833333333,342.6138211190436 74.48262333333334,21.75192666666667,342.5138176531769 74.48263666666666,21.75192833333333,342.4138220573369 74.48264999999999,21.75192833333333,342.51382255776 74.48266333333332,21.75192833333333,342.4138230581831 74.482675,21.751925,342.1138156888 74.48269000000001,21.75192,342.113804541056 74.48270333333333,21.75191833333333,342.1138011380551 74.48271333333334,21.75191666666666,342.0137976099555 74.48272666666666,21.75191666666666,342.0137981105778 74.48273833333333,21.75191833333333,341.8138024521138 74.48275,21.75191833333333,341.7138028901333 74.48276333333334,21.75192,341.6138072941654 74.48278000000001,21.75192,341.4138079198721 74.482795,21.75192,341.113808483008 74.48280500000001,21.75191666666666,340.7138010517332 74.48281999999999,21.751915,340.013797711616 74.48283499999999,21.75191166666667,339.6137904682774 74.48285,21.75191333333333,339.2137949348266 74.48286333333334,21.75191166666667,338.9137915322809 74.48287499999999,21.75191,338.6137880672001 74.48288666666667,21.75190833333334,338.1137846021689 74.48290166666668,21.751905,337.5137773592427 74.48291500000001,21.7519,337.11376615072 74.48292666666666,21.751895,336.713754879744 74.482935,21.75188666666666,336.4137356775041 74.48294166666666,21.75188,336.1137203158401 74.48295,21.751875,335.91370892 74.48295499999999,21.75186833333333,336.0136934958826 74.48296333333333,21.751865,336.113686003264 74.482975,21.75186166666667,335.9136786361067 74.48298333333334,21.75186,335.4136750466134 74.482995,21.75186166666667,334.913679388448 74.48301166666667,21.75186166666667,334.5136800153991 74.48302833333334,21.75186166666667,334.0136806423502 74.48304333333334,21.75186,333.6136773037654 74.48305999999999,21.75186,333.313677930752 74.48307666666666,21.75185666666666,333.1136707521991 74.48309333333333,21.751855,332.5136674765226 74.48311,21.75185666666666,332.1136720063147 74.48312333333334,21.75185,331.91365689728 74.48313333333334,21.75184,332.0136338577067 74.48314166666667,21.75182666666666,332.2136029503644 74.48314833333333,21.75181833333334,332.3135836883591 74.48315833333332,21.75181333333333,332.4135723572978 74.48316833333334,21.75180833333333,332.6135610263644 74.48317999999999,21.75180166666667,332.7135458558294 74.48318999999999,21.75179666666667,332.913534525184 74.48320333333332,21.75179666666667,332.7135350278542 74.48321833333333,21.75179,333.113519983488 74.48322666666667,21.751785,333.2135085903787 74.48323499999999,21.75178,333.313497197376 74.48324333333333,21.75177,333.1134740972374 74.48325166666667,21.751765,333.2134627045014 74.483255,21.75176166666667,333.2134550255253 74.48326166666668,21.75176166666667,333.1134552771591 74.483265,21.751765,333.113463207712 74.48326999999999,21.751765,332.913463396416 74.48327500000001,21.751765,332.81346358512 74.48327999999999,21.75176833333333,332.813471578496 74.48328166666667,21.75177166666667,332.9134794460551 74.48328833333333,21.75177833333333,333.0134953068765 74.48329666666667,21.75178666666666,333.1135151327431 74.48330333333334,21.75179166666667,333.1135270910223 74.48331499999999,21.75179333333333,333.0135314331947 74.48332666666667,21.751795,333.0135357753173 74.483335,21.75179833333333,333.1135438939414 74.483345,21.7518,333.21354817312 74.483355,21.75180333333333,333.413556354432 74.48336333333333,21.75180333333333,333.5135566685298 74.48336500000001,21.75180666666667,333.7135645356587 74.48337666666666,21.75181333333333,333.7135805838649 74.483385,21.75181666666667,333.71358870208 74.48339333333334,21.75181666666667,333.9135890160356 74.48339833333333,21.75181666666667,333.9135892044089 74.48340333333334,21.75182,334.213597196928 74.48340833333333,21.75182166666667,334.4136012873423 74.48341333333333,21.751825,334.6136092797867 74.48342166666666,21.75182833333333,334.7136173977209 74.48342833333332,21.75183333333333,334.9136293548445 74.483435,21.75183333333333,335.2136296058667 74.48344333333333,21.75183833333333,335.3136416256071 74.48345166666667,21.75184166666666,335.6136497432711 74.48345999999999,21.751845,335.8136578608641 74.48347,21.75184833333334,335.9136660411094 74.48348,21.75185333333333,336.2136781231787 74.48349333333334,21.75186,336.4136942324054 74.48350499999999,21.751865,336.613706376864 74.48351666666667,21.75187,336.9137185211734 74.48352166666668,21.75187333333333,337.2137265128462 74.483525,21.75188166666667,337.7137461472533 74.48352833333334,21.75189166666667,338.0137696833956 74.48353,21.7519,338.31378925504 74.48353166666668,21.75190833333334,338.6138088266489 74.48353333333333,21.75191833333333,338.6138323000178 74.48353833333334,21.75192833333333,338.6138558984498 74.48354166666667,21.75193833333334,338.6138794342223 74.48354333333333,21.75195,338.6139068091734 74.48354666666667,21.75195833333333,338.7139264430222 74.48355333333333,21.75196666666666,338.4139462017422 74.48356,21.751975,338.21396596032 74.483565,21.75198666666667,338.113993459776 74.48357,21.75199833333334,337.9140209590827 74.483575,21.75200666666666,337.7140406548266 74.48358166666667,21.752015,337.614060412832 74.48359000000001,21.75202666666667,337.3140880363947 74.48359666666667,21.75203666666666,337.2141116957297 74.48360333333333,21.75204833333333,337.1141392565405 74.48360833333332,21.75205833333333,337.1141628532445 74.48361666666666,21.752065,337.1141787710933 74.483625,21.752075,337.014202492 74.48363166666667,21.75208333333333,337.0142222488889 74.48364333333333,21.75209166666667,337.0142421922489 74.48365833333334,21.75209666666666,337.0142544566755 74.48367333333334,21.75209833333333,336.9142589179165 74.48368833333333,21.7521,336.8142633790933 74.483705,21.7521,336.61426400096 74.48371833333334,21.752095,336.4142527942507 74.48373166666667,21.75208833333334,336.3142376863396 74.48374333333332,21.752085,336.2142303191254 74.483755,21.752085,335.814230754656 74.48376666666667,21.75208333333333,335.5142272888889 74.48377499999999,21.75208,335.31421979744 74.48378333333334,21.75207666666667,335.0142123060622 74.483795,21.752075,334.71420884048 74.483805,21.75207666666667,334.314213115136 74.48381833333333,21.75208,334.0142214154027 74.48383166666667,21.75208333333333,333.7142297155556 74.48384333333334,21.752085,333.3142340522454 74.48385333333334,21.75208666666667,333.0142383266702 74.48386833333333,21.75208833333334,332.8142427876871 74.48388166666668,21.75209,332.914247186432 74.483895,21.75209333333333,332.814255486144 74.48390999999999,21.752095,332.714259946944 74.48392333333332,21.75209833333333,332.5142682464498 74.48393166666666,21.752105,332.414284161184 74.48393833333333,21.75211,332.2142961126827 74.48394499999999,21.75211333333333,332.1143041631787 74.48395499999999,21.75211833333334,331.814316238816 74.48396333333334,21.75212666666666,331.6143360539449 74.48397333333334,21.752135,331.714355931008 74.48398333333333,21.75214166666666,331.5143719070222 74.48399333333333,21.75214833333333,331.4143878828658 74.48400833333334,21.752155,331.3144040447467 74.48402166666666,21.75216333333334,331.4144240450703 74.48403,21.75216833333333,331.514436057536 74.48403499999999,21.752175,331.41445184656 74.48404000000001,21.752185,331.614475436928 74.48405,21.75219333333333,331.6144953124267 74.48405666666666,21.752205,331.6145228651307 74.48406333333334,21.75221166666667,331.414538715641 74.48407166666667,21.75221833333334,331.1145546279716 74.48408500000001,21.75222333333334,330.7145668253013 74.48409666666666,21.75223166666666,330.1145867617352 74.48411166666666,21.75223666666666,329.9145990205725 74.48412666666667,21.75224166666667,329.9146112792179 74.48413833333333,21.752245,329.6146195134187 74.48414833333332,21.75225166666667,329.6146354866169 74.48416,21.75225666666667,329.6146476210347 74.48417666666666,21.75225666666667,329.5146482395591 74.48419333333332,21.75226333333334,329.0146644596338 74.48420833333333,21.75227,328.7146806176 74.48422000000001,21.75227666666666,328.4146966516907 74.48423,21.75228333333333,328.0147126237867 74.48423833333332,21.75229,327.8147285339307 74.48425333333333,21.75229333333333,327.6147368904818 74.48426833333333,21.75229666666667,327.5147452469049 74.48428166666666,21.75230166666667,327.5147574416391 74.484295,21.752305,327.714765736032 74.48430833333333,21.75230833333334,328.0147740303111 74.48432166666666,21.75231,328.0147784243627 74.48433833333334,21.75231166666667,328.1147829418276 74.48435333333333,21.75230833333334,328.3147756973511 74.48436666666666,21.752305,328.3147683912533 74.48438,21.75230166666667,328.2147610852693 74.48439166666667,21.7523,328.1147576176 74.48440833333333,21.75229666666667,328.2147504353422 74.48441833333332,21.75229333333333,328.1147430061298 74.48442833333334,21.75229166666666,328.0147394768889 74.48443999999999,21.75229166666666,327.9147399093334 74.48444833333333,21.75229333333333,328.0147441180658 74.48445666666666,21.75229333333333,328.1147444269369 74.484465,21.75229166666666,328.214740836 74.48447166666666,21.75228833333333,328.5147332835236 74.48448166666667,21.752285,328.714725854688 74.48449166666666,21.75228333333333,328.914722325689 74.48450166666666,21.75228,329.3147148970027 74.48451166666668,21.75227666666666,329.5147074684018 74.48452166666667,21.75227333333333,329.9147000398863 74.48452999999999,21.75227333333333,330.3147003489707 74.48454,21.75227333333333,330.614700719872 74.48455166666666,21.75227,331.014693353344 74.48456,21.752265,331.214681963648 74.48456833333333,21.75226166666666,331.5146744736462 74.48458000000001,21.75225833333333,331.7146671074133 74.48459166666666,21.752255,331.91465974128 74.484605,21.752255,332.214660236128 74.48461500000001,21.75225333333334,332.314656707776 74.48462833333333,21.75225,332.3146494037334 74.48464,21.75224666666666,332.3146420379307 74.48465166666666,21.75224666666666,332.1146424710471 74.48466333333334,21.752245,332.4146390047787 74.484675,21.75223833333333,332.51462384048 74.48468666666666,21.75223,332.7146047770453 74.48469666666666,21.75222333333334,332.7145895512462 74.48470833333334,21.75222,332.5145821861333 74.48471833333333,21.75221666666666,332.5145747591822 74.48473,21.75221333333333,332.3145673942614 74.48473833333334,21.75220833333334,332.3145560063111 74.48475000000001,21.75220333333333,332.3145447424 74.48476166666666,21.75219833333333,332.2145334786382 74.484775,21.752195,332.21452617616 74.484785,21.75219166666666,332.0145187498133 74.48479666666667,21.75219166666666,331.9145191837511 74.48480833333333,21.75219,332.0145157186133 74.48482,21.75218666666666,332.1145083544747 74.48483166666666,21.75218333333333,332.1145009904356 74.48484666666667,21.75218,332.214493750528 74.48485833333334,21.75217666666667,332.3144863867022 74.48487166666668,21.75217333333334,332.4144790850063 74.48488333333333,21.75217,332.6144717213867 74.48489500000001,21.75217,332.714472155648 74.48490666666666,21.75216666666667,332.6144647921778 74.48491666666668,21.75216166666667,332.5144534679111 74.48493166666667,21.75215666666666,332.4144423299698 74.484945,21.75215333333333,332.514435028928 74.48495833333332,21.75215,332.514427728 74.48496833333334,21.75214833333333,332.7144242017458 74.48498166666667,21.75214666666666,332.9144207997085 74.48499333333332,21.75214333333333,332.9144134369565 74.485005,21.75213166666667,332.914386581024 74.48502000000001,21.75212666666666,333.314375444224 74.48503000000001,21.752125,333.5143719184 74.48504166666666,21.752125,333.3143723533333 74.48505666666667,21.75212666666666,333.0143768110791 74.48506833333333,21.75212833333334,332.8143811445084 74.48508333333332,21.75212666666666,332.7143778051556 74.48509833333333,21.752125,332.4143744658667 74.48511000000001,21.752125,332.3143749008 74.48512000000001,21.75212,332.514363578368 74.48512833333332,21.752115,332.7143521939093 74.48513833333332,21.75210833333333,332.9143369733511 74.48515,21.75210333333333,332.8143257134934 74.48516666666666,21.75209666666666,332.9143107420444 74.48517833333334,21.75208833333334,332.9142916859698 74.485185,21.752085,332.714284138272 74.48519333333334,21.75208333333333,332.4142805511112 74.48520333333333,21.75208,331.9142731279787 74.48521333333333,21.75207333333334,331.4142579085085 74.48522666666666,21.75207,331.1142506100907 74.48524166666667,21.75206666666666,330.9142433740445 74.48525500000001,21.752065,330.514239973984 74.48526666666666,21.75206333333333,330.3142365117156 74.48528,21.75206166666667,329.9142331117654 74.48528666666667,21.75206,329.814229462784 74.48529499999999,21.752055,329.4142180800321 74.48530333333333,21.75205,329.2142066973867 74.48531333333334,21.752045,328.714195377152 74.48532333333333,21.75203833333333,328.5141801590685 74.48533166666667,21.75203333333333,328.6141687767823 74.48534166666667,21.75202833333334,328.5141574569423 74.48535333333332,21.75202,328.6141384037547 74.48536666666668,21.75201666666667,328.4141311068445 74.48537333333334,21.75202333333333,328.2141469477831 74.48538166666667,21.75202833333334,328.6141589530916 74.48538666666667,21.75202333333333,329.1141474465849 74.48539333333333,21.75202,329.4141399003307 74.4854,21.75201666666667,329.7141323541333 74.48540666666666,21.75201166666666,330.1141209101938 74.48541,21.75200666666666,330.514109341568 74.485415,21.752,331.0140939376 74.48542,21.751995,331.3140824314879 74.48542500000001,21.75199,331.51407092544 74.48543333333333,21.75198833333333,331.8140673398045 74.48544,21.751985,331.814059794048 74.48545,21.75198,331.9140484755201 74.48545666666668,21.751975,331.9140370322134 74.485465,21.75197166666667,332.2140295491307 74.48547166666667,21.75197166666667,332.4140297989725 74.48547833333333,21.75197666666666,332.3140417417529 74.48549,21.75198,332.1140499741441 74.48549833333333,21.751985,332.214061979168 74.48550166666668,21.75199166666666,332.2140776944178 74.48550666666667,21.752,332.3140973696 74.48551333333333,21.752005,332.7141093119147 74.48552166666667,21.75200666666666,333.1141135214151 74.48553,21.752005,333.514109935808 74.48554,21.752,333.8140986176 74.48554666666668,21.752,334.3140988672 74.48555500000001,21.752,334.4140991792 74.48556499999999,21.75199833333334,334.5140956561387 74.48557166666666,21.752,334.5140998032 74.48557666666667,21.75200166666667,334.5141038878364 74.485585,21.75200333333333,334.7141080972373 74.48559333333333,21.75200833333333,334.8141201014045 74.48559833333334,21.75201166666666,334.9141280833316 74.48560166666667,21.75201333333333,334.9141321054649 74.48560000000001,21.752015,335.01413594048 74.48559833333334,21.75201666666667,335.2141397755022 74.48559666666667,21.75202166666666,335.5141514053191 74.48559333333333,21.752025,335.5141590754134 74.48559166666668,21.75202833333334,335.9141668078756 74.48559,21.75203166666667,336.4141745403521 74.48558666666666,21.75204,337.0141939027627 74.485585,21.752045,337.414205532704 74.48558666666666,21.75205,337.5142172872534 74.48559,21.75205833333333,338.1142368988801 74.48558833333333,21.75206666666666,338.5142563236622 74.48558666666666,21.75207333333334,339.3142718510649 74.485585,21.75207833333333,339.8142834810774 74.485585,21.75208166666666,340.6142912759147 74.48558333333334,21.752085,340.8142990085334 74.48558166666666,21.75209,341.114310638592 74.48558166666666,21.75209833333333,341.5143301257209 74.48558333333334,21.75210666666667,342.1143496750223 74.48558666666666,21.75211666666667,342.1143731838578 74.48558833333333,21.75212666666666,342.0143966304782 74.48558833333333,21.75214,342.0144278097707 74.48558666666666,21.75215333333333,341.9144589269903 74.48558833333333,21.75216833333333,341.9144940657671 74.48558833333333,21.75218,342.014521347648 74.48558833333333,21.75219333333333,342.0145525269405 74.48559166666668,21.75220666666667,342.2145838301511 74.485595,21.75221666666666,342.4146073384534 74.48560000000001,21.75222666666667,342.6146309085867 74.48560166666667,21.752235,342.7146504574187 74.48560333333333,21.75223666666666,342.9146544166969 74.48560666666667,21.752235,342.8146506431147 74.48560833333333,21.752235,342.9146507050134 74.48560999999999,21.75223333333333,343.0146468695467 74.48561166666667,21.75223333333333,343.2146469314489 74.48561166666667,21.75223166666666,343.5146430340871 74.48561166666667,21.75223166666666,343.6146430340871 74.48561333333333,21.75223333333333,343.7146469933511 74.48561333333333,21.75223666666666,343.6146547880676 74.48561500000001,21.75224,343.514662644672 74.48561500000001,21.75224,343.514662644672 74.48561500000001,21.75224,343.514662644672 74.48561500000001,21.75224,343.514662644672 74.48561500000001,21.75224,343.514662644672 74.48561500000001,21.75224,343.514662644672 74.48561500000001,21.75224,343.514662644672 74.48561500000001,21.75224,343.514662644672 74.48561500000001,21.75224,343.514662644672 74.48561500000001,21.75224,343.514662644672 74.48561500000001,21.75224,343.514662644672 74.48561500000001,21.75224,343.514662644672 74.48561500000001,21.75224,343.514662644672 74.48561500000001,21.75224,343.514662644672 74.48561500000001,21.75224,343.514662644672 74.48561500000001,21.75224,343.514662644672 74.48561500000001,21.75224,343.514662644672 74.48561500000001,21.75224,343.514662644672 74.48561500000001,21.75224,343.514662644672 74.48561500000001,21.75224,343.514662644672 74.48561500000001,21.75224,343.514662644672 74.48561500000001,21.75224,343.514662644672 74.48561500000001,21.75224,343.514662644672 74.48561500000001,21.75224,343.514662644672 74.48561500000001,21.75224,343.514662644672 74.48561500000001,21.75224,343.514662644672 74.48561500000001,21.75224,343.514662644672 74.48561500000001,21.75224,343.514662644672 74.48561500000001,21.75224,343.514662644672 74.48561500000001,21.75224,343.514662644672 74.48561500000001,21.75224,343.514662644672 74.48561500000001,21.75224,343.514662644672 74.48561500000001,21.75224,343.514662644672 74.48561500000001,21.75224,343.514662644672 74.48561500000001,21.75224,343.514662644672 74.48561500000001,21.75224,343.514662644672 74.48561500000001,21.75224,343.514662644672 74.48561500000001,21.75224,343.514662644672 74.48561500000001,21.75224,343.514662644672 74.48561500000001,21.75224,343.514662644672 74.48561500000001,21.75224,343.514662644672 74.48561500000001,21.75224,343.514662644672 74.48561500000001,21.75224,343.514662644672 74.48561500000001,21.75224,343.514662644672 74.48561500000001,21.75224,343.514662644672 74.48561500000001,21.75224,343.514662644672 74.48561500000001,21.75224,343.514662644672 74.48561500000001,21.75224,343.514662644672 74.48561500000001,21.75224,343.514662644672 74.48561500000001,21.75224,343.514662644672 74.48561500000001,21.75224,343.514662644672 74.48561500000001,21.75224,343.514662644672 74.48561500000001,21.75224,343.514662644672 74.48561500000001,21.75224,343.514662644672 74.48561500000001,21.75224,343.514662644672 74.48561500000001,21.75224,343.514662644672 74.48561500000001,21.75224,343.514662644672 74.48561500000001,21.75224,343.514662644672 74.48561500000001,21.75224,343.514662644672 74.48561500000001,21.75224,343.514662644672 74.48561500000001,21.75224,343.514662644672 74.48561500000001,21.75224,343.514662644672 74.48561500000001,21.75224,343.514662644672 74.48561500000001,21.75224,343.514662644672 74.48561500000001,21.75224,343.514662644672 74.48561500000001,21.75224,343.514662644672 74.48561500000001,21.75224,343.514662644672 74.48561500000001,21.75224,343.514662644672 74.48561500000001,21.75224,343.514662644672 74.48561500000001,21.75224,343.514662644672 74.48561500000001,21.75224,343.514662644672 74.48561500000001,21.75224,343.514662644672 74.48561500000001,21.75224,343.514662644672 74.48561500000001,21.75224,343.514662644672 74.48561500000001,21.75224,343.514662644672 74.48561500000001,21.75224,343.514662644672 74.48561500000001,21.75224,343.514662644672 74.48561500000001,21.75224,343.514662644672 74.48561500000001,21.75224,343.514662644672 74.48561500000001,21.75224,343.514662644672 74.48561500000001,21.75224,343.514662644672 74.48562333333332,21.75224333333333,342.1146707487858 74.48562,21.75225,342.6146862144 74.48561833333333,21.75226166666666,342.7147134339662 74.48561500000001,21.752275,342.81474448912 74.48561166666667,21.75228833333333,343.2147755443875 74.48560999999999,21.7523,343.9148027641601 74.48560500000001,21.75231166666667,344.514829860512 74.48560333333333,21.75232166666666,344.8148531830543 74.48560500000001,21.75233166666667,345.014876629024 74.48560666666667,21.75234333333334,344.9149039723236 74.48560666666667,21.75235666666667,344.9149351513032 74.48560833333333,21.75236666666666,345.3149585971556 74.48561666666666,21.75237666666667,345.7149822893511 74.48562833333334,21.75238166666666,346.3149944125049 74.48563833333333,21.75238666666667,346.9150064739343 74.48564833333333,21.75239166666667,347.7150185352356 74.48566166666666,21.75239666666666,348.4150307195165 74.485675,21.75240666666667,349.2150545953067 74.48568333333333,21.752415,349.8150743890134 74.48568833333334,21.75241833333333,350.4150823679538 74.48569833333333,21.75241833333333,351.0150827369991 74.48571,21.75242166666667,351.415090961856 74.48572,21.752425,351.51509912512 74.48572666666668,21.75243,351.6151110624427 74.48573500000001,21.75243666666667,351.5151269582507 74.48574000000001,21.75244666666667,351.4151505251841 74.48574666666667,21.75245833333333,351.5151780504889 74.48575000000001,21.75246833333333,351.5152015557334 74.48575166666666,21.75248333333333,351.6152366907023 74.48575166666666,21.75249333333334,352.0152600730809 74.485755,21.75250333333333,352.315283578112 74.48576333333334,21.75251166666667,352.3153033699343 74.48577333333333,21.75251833333333,352.4153193258525 74.48578333333333,21.75252666666667,352.7153391785956 74.48578999999999,21.752535,353.015358908608 74.4858,21.75254166666667,353.015374864 74.48580833333334,21.75255166666667,353.1153985518756 74.48581666666668,21.75256,353.2154183426134 74.48582166666667,21.75256666666667,353.4154341138845 74.48582666666667,21.75257,353.715442091264 74.48583666666667,21.75257333333333,354.0154502521316 74.48584666666667,21.75257666666666,354.1154584129138 74.48585333333334,21.75258166666667,354.3154703481316 74.48585833333333,21.75258666666667,354.6154822221156 74.48586333333333,21.75259166666666,354.9154940960356 74.48587000000001,21.75259666666667,355.2155060310187 74.48587500000001,21.75259833333334,355.3155101112 74.48587833333333,21.75260166666667,355.6155180270329 74.48588333333333,21.75260833333333,355.7155337975111 74.48588833333334,21.75261333333334,355.9155456711325 74.485895,21.75262166666666,356.0155653992853 74.48590166666666,21.75262833333334,356.1155812305529 74.48590833333333,21.752635,356.2155970617067 74.48591333333334,21.75264166666667,356.4156128317156 74.48591666666667,21.75265,356.5156324373334 74.48592499999999,21.75266,356.61565612256 74.48593333333334,21.75267166666667,356.7156837042489 74.48594166666666,21.75268,356.9157034923734 74.48594666666666,21.75268833333334,357.1157231584569 74.48595333333333,21.75269833333333,357.0157467819805 74.48596166666667,21.75270833333333,357.2157704662222 74.48596833333333,21.75271666666667,357.4157901927823 74.48597666666666,21.752725,357.5158099800533 74.48598333333332,21.75273333333334,357.6158297063112 74.48598999999999,21.75274333333333,357.7158533289813 74.48599666666668,21.75275,357.6158691584 74.48600166666667,21.75276,357.6158927199787 74.48600499999999,21.75277166666666,357.8159201171947 74.48601000000001,21.75277833333334,358.015935885504 74.48601499999999,21.75278833333333,358.2159594467307 74.48601833333333,21.75279833333333,358.3159829471325 74.486025,21.75280666666667,358.41600267232 74.48603166666666,21.75281333333333,358.6160185008996 74.48603833333333,21.75282166666667,358.8160382258169 74.48604333333333,21.75282833333333,359.2160539935218 74.48604999999999,21.752835,359.4160698217601 74.48605666666667,21.752845,359.7160934427093 74.48606166666667,21.75285166666667,360.2161092101085 74.48607,21.75285666666667,360.516121202176 74.48607833333334,21.75286166666666,360.7161331941369 74.48608833333333,21.75287,361.216153039232 74.48609666666667,21.752875,361.6161650309334 74.48610833333333,21.75288333333333,362.1161849361778 74.48611166666666,21.75288833333333,362.5161967460942 74.48612,21.75289166666666,362.9162048411734 74.48612666666666,21.75289666666667,363.3162167719538 74.48613666666667,21.7529,364.11622492736 74.48614500000001,21.75290166666667,364.516229125984 74.48615333333333,21.75291,364.9162489093974 74.48616166666667,21.752915,365.6162609002561 74.48617166666666,21.75291833333333,365.8162690552783 74.48618166666667,21.75292,366.0162733140693 74.48619333333333,21.75292333333334,366.2162815293725 74.4862,21.75293166666667,366.8163012516267 74.48620166666666,21.75293833333334,367.3163168964516 74.48619833333333,21.75294666666667,367.9163362562063 74.48619000000001,21.752955,368.416355434944 74.48618499999999,21.75296833333334,368.7163864229653 74.48618333333334,21.75297666666667,369.3164058433422 74.48618333333334,21.75298333333334,369.8164214279112 74.48618166666667,21.75299166666667,370.2164408483378 74.48618499999999,21.753,370.1164604496 74.48619000000001,21.75300666666667,370.116476214912 74.48619833333333,21.75301166666667,370.1164882045049 74.48621,21.75302,370.016508106624 74.486225,21.75302166666667,370.2165125446933 74.48623500000001,21.75301666666667,370.11650121792 74.486245,21.75300833333333,369.9164820992534 74.48625833333334,21.753,369.4164631013334 74.48627166666667,21.75299333333333,368.8164479996516 74.48628333333333,21.75299833333333,368.5164601094045 74.48629,21.75300166666667,367.9164681423147 74.48630166666666,21.75300333333333,367.6164724600462 74.48631166666668,21.75300166666667,367.7164689257351 74.48632333333333,21.753,367.3164654517333 74.48633,21.75299666666666,367.2164579011413 74.48633833333334,21.75299333333333,367.5164504108871 74.48634333333332,21.75298833333333,368.0164389043271 74.48634999999999,21.752985,368.41643135392 74.48635666666668,21.75298333333334,369.0164276993422 74.48636166666667,21.75297833333333,369.1164161929636 74.48636666666667,21.75297666666667,369.1164124781511 74.486375,21.75297333333333,369.2164049882667 74.48638,21.75297,369.416397377792 74.486385,21.75296666666667,369.21638976736 74.48639166666666,21.752965,369.1163861130134 74.4864,21.75296,368.71637472768 74.486405,21.752955,368.216363221728 74.48641333333333,21.75294833333333,367.8163479409351 74.486425,21.75294333333333,368.0163366766934 74.48643666666666,21.75293666666666,367.9163215169991 74.48645,21.75292833333333,367.8163025223467 74.48646666666667,21.75292333333334,367.416291439929 74.48648333333334,21.75291666666667,367.0162764622223 74.48649500000001,21.75290666666666,366.5162535124693 74.48650333333333,21.7529,366.11623823296 74.486515,21.75289,365.9162152837121 74.48651666666666,21.75288,365.8161919716267 74.48652166666668,21.75287166666667,366.1161726760925 74.486535,21.75286833333333,366.416165369632 74.48655000000001,21.75286833333333,366.11616591456 74.48656666666668,21.75286833333333,365.7161665200355 74.48658166666668,21.75286666666667,365.2161631696711 74.48659166666667,21.75286166666666,364.8161518471645 74.486605,21.75286,364.616148436416 74.486615,21.75285833333333,364.8161449045867 74.48662833333333,21.75285833333333,364.6161453891378 74.48663666666667,21.75285666666667,364.2161417968071 74.48664166666667,21.75285666666667,364.1161419785245 74.48664666666667,21.75285666666667,363.9161421602419 74.48665,21.75285166666667,364.1161305959467 74.48665333333334,21.75285,364.1161268219734 74.48665666666668,21.75284333333333,364.2161113626169 74.48666333333334,21.75284166666667,364.5161077099023 74.48667,21.75284333333333,364.416111847424 74.48667333333333,21.752845,364.4161158637227 74.48667833333334,21.752845,364.4161160455147 74.48668500000001,21.75284333333333,364.216112392832 74.48669166666667,21.75284333333333,364.2161126352356 74.48669666666666,21.75284333333333,364.1161128170382 74.4867,21.75284333333333,363.8161129382401 74.486705,21.75284666666666,363.4161209101014 74.48671166666666,21.75284833333334,363.3161250474916 74.48671666666668,21.75285,363.2161291242667 74.48672000000001,21.75285,363.51612924544 74.48672333333334,21.75285,363.6161293666133 74.48673000000001,21.752855,363.716141293888 74.48673166666667,21.75285833333333,363.7161491444089 74.48673666666667,21.75286,363.7161532210773 74.48674,21.75285833333333,363.8161494472533 74.48674666666668,21.75286,363.8161535844694 74.48675499999999,21.75285833333333,363.8161499923734 74.48676166666668,21.75285833333333,364.0161502346489 74.48676999999999,21.75285666666667,363.9161466426027 74.48677500000001,21.75285666666667,363.81614682432 74.48678333333334,21.752855,363.9161432323201 74.48679,21.75285166666667,363.9161356849281 74.48679833333334,21.75284833333334,363.6161281981832 74.48680333333333,21.752845,362.9161205903147 74.48681000000001,21.752845,362.116120832704 74.48681499999999,21.75284666666666,361.5161249092907 74.48682333333333,21.75284833333334,361.2161291070364 74.48683833333332,21.75285166666667,360.8161374418382 74.48684833333333,21.75285333333334,360.1161417000605 74.48685333333333,21.75285,359.8161340923733 74.48685666666667,21.75284333333333,359.6161186347236 74.48686333333333,21.752835,359.1160994036694 74.486875,21.75282833333333,358.4160842493334 74.48688166666668,21.75282166666667,357.9160689132552 74.48689166666666,21.75281833333333,357.4160614878756 74.48690000000001,21.75281666666666,356.5160578965333 74.48690833333333,21.75281833333333,356.2160620944178 74.48691833333334,21.75281833333333,355.8160624583431 74.48692833333332,21.75281666666666,355.1160589277156 74.48693833333333,21.75281833333333,354.6160631861938 74.48694500000001,21.75282,354.116067323328 74.48694999999999,21.752825,353.2160791888 74.48695333333333,21.75283166666667,352.6160948880782 74.48695500000001,21.75283666666667,352.216106632192 74.48695166666667,21.75284333333333,351.7161220889742 74.48695166666667,21.75285,351.3161376669867 74.48694833333334,21.75286,350.9161609128747 74.48694666666667,21.75287333333333,350.4161920084196 74.48695166666667,21.75288166666667,349.7162116625457 74.48696166666667,21.75288666666667,348.9162237091058 74.48696833333334,21.75289166666666,348.2162356345422 74.486975,21.75289333333334,347.6162397709867 74.48697833333334,21.75289166666666,347.1162359975289 74.48699000000001,21.75289,347.416232526592 74.48700166666666,21.75289166666666,347.2162368444978 74.48701166666666,21.75289,347.0162333131094 74.48701666666666,21.75288666666667,346.7162257058844 74.48702499999999,21.752885,346.61622211408 74.48703833333335,21.752885,346.716222598176 74.48704666666666,21.752885,346.316222900736 74.48705,21.752885,346.4162230217601 74.48705666666666,21.75288166666667,346.6162154752498 74.48706166666666,21.75287833333334,346.6162078682703 74.48706666666666,21.75288,346.8162119441067 74.48707166666667,21.75288166666667,346.8162160199218 74.48707666666665,21.752885,346.6162239899521 74.48708333333335,21.75288666666667,346.3162281262223 74.48708833333333,21.75288833333333,345.7162322019591 74.48709833333334,21.75289166666666,345.4162403533689 74.4871,21.752895,345.31624820224 74.48710166666666,21.75289833333333,345.4162560510969 74.48710333333334,21.75290333333333,345.3162677941191 74.487105,21.75290666666666,345.116275642944 74.48710666666666,21.75291333333333,345.0162912800996 74.48711333333334,21.75292333333334,345.2163148868551 74.48712,21.75292333333334,345.216315128576 74.48712166666665,21.752925,345.1163190831467 74.48712333333333,21.75292666666667,345.0163230377102 74.48712333333333,21.75293166666667,344.8163347201209 74.48712500000001,21.75294,344.4163542512001 74.48712833333335,21.75294333333333,344.3163621602418 74.48712999999999,21.75294833333333,344.0163739029973 74.48713333333333,21.75295333333333,343.6163857060978 74.48714,21.75295666666667,343.2163937357653 74.48714333333334,21.75295833333333,343.1163977505778 74.48714833333334,21.752965,342.9164135079787 74.48715333333332,21.75296666666667,342.7164175830756 74.48715833333334,21.75296833333334,342.6164216581511 74.48716666666665,21.75296833333334,342.6164219598223 74.48717166666667,21.75296666666667,342.6164182467912 74.48717666666667,21.75297166666667,342.7164301098738 74.487185,21.75297333333333,343.0164343055147 74.48719333333334,21.75297333333333,343.0164346071325 74.48720333333334,21.752975,343.01643886304 74.48721166666665,21.75297333333333,343.2164352706915 74.48721333333333,21.75297,343.6164275431254 74.48721999999999,21.75296833333334,343.9164238905174 74.48722500000001,21.75296666666667,344.1164201776 74.48723166666667,21.75296333333333,344.4164126311396 74.48724,21.75295666666667,344.516397357312 74.48725166666667,21.75294666666667,344.5163744166471 74.48726166666667,21.75293666666666,344.5163514158791 74.48726833333333,21.75293166666667,344.6163399760036 74.48727833333334,21.75292666666667,344.6163286570596 74.48729333333334,21.75292333333334,344.2163214133191 74.48730500000001,21.75292,344.116314048832 74.48731333333333,21.75292,344.0163143510187 74.48732166666667,21.75291833333333,344.0163107594915 74.48733166666666,21.75291833333333,344.0163111221369 74.48734333333333,21.75291666666667,343.8163076515556 74.48735833333333,21.75291333333333,343.7163004082844 74.48737333333334,21.75290666666666,343.6162853779343 74.48738666666667,21.75290166666667,343.116274180935 74.48740333333333,21.7529,342.71627089216 74.48741333333334,21.75290166666667,342.1162751485583 74.48742333333333,21.75290333333333,342.2162794049137 74.48743166666667,21.75291,342.0162952811947 74.48744333333335,21.75291333333333,341.6163034913138 74.48745666666667,21.75291666666667,341.7163117617778 74.48747,21.75291666666667,341.3163122453334 74.48748166666665,21.75291333333333,340.8163048816996 74.48749166666667,21.75290666666666,340.4162896710045 74.48749666666666,21.75290333333333,339.7162820657209 74.487505,21.752905,339.316286261408 74.48751333333333,21.75291,338.9162982436694 74.48752333333333,21.75291,338.3162986064214 74.48753000000001,21.75291333333333,338.2163066347946 74.48754000000001,21.75291666666667,337.9163147840001 74.48754833333334,21.75292,337.6163228726827 74.487555,21.752925,337.21633479408 74.48756,21.75293333333333,337.3163544413867 74.48756833333333,21.75294333333333,337.3163781025564 74.48757833333335,21.75295333333333,337.4164018238791 74.487595,21.75296,337.416418000064 74.48760833333334,21.752965,337.5164301621867 74.48762000000001,21.75297166666667,337.5164461568854 74.487635,21.75297833333333,337.6164622720107 74.48765,21.752985,337.71647838688 74.48766666666667,21.75299,337.5164906688 74.48768333333334,21.75299166666667,337.0164951646223 74.48769833333334,21.75299333333333,336.4164996000925 74.48771333333335,21.752995,336.2165040354987 74.48772166666666,21.75299833333333,335.7165121226062 74.48772833333334,21.753,335.6165162565334 74.48773666666666,21.753,335.7165165578667 74.48775000000001,21.753005,335.7165287184 74.48776166666667,21.75301,335.7165408185173 74.48776833333334,21.753015,335.3165527377814 74.48777833333334,21.75302166666667,335.0165686701476 74.48778999999999,21.75302666666666,334.6165807698347 74.48780166666667,21.75303166666667,334.4165928693725 74.48781166666666,21.753035,333.716601015904 74.48782166666666,21.75304,333.3166130549973 74.48783499999999,21.753045,333.216625214304 74.48784833333335,21.75304833333333,333.4166334808498 74.48785666666666,21.75305,333.81663767424 74.48786833333334,21.75304833333333,334.4166342028125 74.48788166666667,21.75305333333333,334.6166463616782 74.48789166666667,21.75305666666667,334.6166545075911 74.48790000000001,21.75305833333334,334.7166587008 74.48791166666666,21.75306,334.6166630142507 74.48792166666667,21.75306,334.6166633750827 74.48793833333335,21.75306333333333,334.5166717612658 74.48794666666666,21.75306166666667,334.1166681695432 74.48795833333334,21.75305333333333,333.9166491287111 74.48796833333334,21.75305,334.31664170496 74.48798166666667,21.75304333333333,334.416626617017 74.48799333333334,21.753035,334.716607576832 74.48800333333334,21.75303166666667,335.2166001534649 74.48800833333333,21.75302666666666,335.8165886573155 74.48801666666667,21.75302166666667,336.5165772816711 74.48802333333333,21.75301833333333,337.0165697381191 74.48802666666667,21.75302166666667,337.5165776429938 74.48802999999999,21.75302166666667,338.0165777634347 74.48803333333333,21.753025,338.4165856682667 74.48803500000001,21.75302833333334,338.616593512864 74.48804,21.75303333333333,338.8166053700267 74.48804333333332,21.75304166666666,339.0166249512889 74.48804833333334,21.75305333333333,338.9166523769671 74.488055,21.75306833333333,338.8166876469226 74.48805833333333,21.75308333333333,338.5167227964445 74.48806166666667,21.75309833333333,338.2167579458382 74.48807166666667,21.753115,337.7167972273173 74.48807666666667,21.75313,337.6168324363094 74.48807333333333,21.753135,337.8168439926613 74.48806833333333,21.75314,338.316855489088 74.48806333333333,21.75314166666667,338.7168592013156 74.48806333333333,21.75314833333334,338.9168747698418 74.48806500000001,21.75315833333333,339.11689818256 74.48806500000001,21.75316666666667,339.2169176432 74.48806333333333,21.75317833333333,339.4169448282098 74.48806166666667,21.75319,339.6169720132694 74.48806666666665,21.753205,340.1170072219734 74.48806333333333,21.75321666666667,340.6170343472356 74.48806333333333,21.75322833333333,341.2170615921564 74.48806333333333,21.75324,341.4170888370774 74.48805833333333,21.75325,341.6171120106667 74.48805166666666,21.75325833333333,342.3171312325156 74.488045,21.75326666666666,342.5171504545066 74.48803500000001,21.75327666666667,342.817173449472 74.48802833333333,21.753285,343.3171926717973 74.48802500000001,21.75329166666667,344.1172081213334 74.48802166666665,21.75329666666666,344.7172196787058 74.48801499999999,21.753305,345.517238901344 74.48801166666667,21.75331166666667,346.3172543510791 74.48800666666666,21.75331833333333,346.7172697412835 74.488,21.75332333333333,347.3172811797334 74.487995,21.753335,347.617308246944 74.48799166666666,21.75334333333334,347.9173275892623 74.48799000000001,21.75335166666667,348.017346991168 74.48799000000001,21.75335833333333,348.11736256032 74.48799333333334,21.753365,348.317378248448 74.487995,21.75337333333334,348.2173977693227 74.488,21.75338666666666,348.5174290858667 74.48800833333333,21.75339666666666,348.3174527365689 74.48801666666667,21.753405,348.9174724948267 74.48802500000001,21.75341333333333,349.2174922529067 74.48802666666667,21.75341833333334,349.5175039889209 74.48802666666667,21.75342833333333,349.3175273421796 74.48802833333333,21.75344,349.517554646976 74.48802999999999,21.75345333333333,349.7175858439253 74.48803500000001,21.75346666666667,349.51761715936 74.48804,21.75348,349.117648474624 74.488045,21.75349,348.817672005376 74.48804833333334,21.7535,348.9176954768001 74.48804833333334,21.75350833333334,349.2177149376178 74.48804666666666,21.753515,349.617730447104 74.48804833333334,21.75352333333334,350.1177499670898 74.48804833333334,21.75353166666666,350.5177694279076 74.48805333333333,21.75354,350.7177890660693 74.48805666666667,21.75354833333333,350.7178086450276 74.48805666666667,21.75355666666667,351.0178281057565 74.48805833333333,21.75356166666666,351.7178398412622 74.48806166666667,21.753565,352.1178477436693 74.48806666666665,21.75357,352.3178595972267 74.48807166666667,21.75358,352.3178831270614 74.48807499999999,21.75358666666667,352.4178988135467 74.48808000000001,21.75358833333333,352.4179028826881 74.48809,21.75359333333333,352.4179149129814 74.48810333333333,21.75359666666667,352.1179231690809 74.48811500000001,21.75359833333334,351.4179274740587 74.48812666666666,21.75360166666667,351.3179356709832 74.48813333333332,21.75360333333333,351.2179397988978 74.48813833333334,21.75360333333333,351.2179399758364 74.48814,21.75360666666666,351.317947818752 74.48814833333333,21.75361166666666,351.5179597894649 74.48815500000001,21.75361833333333,351.417975593056 74.488165,21.753625,351.7179915144 74.48817833333332,21.75363166666667,351.9180075534116 74.48819166666667,21.75363833333333,351.9180235921956 74.48820500000001,21.75364166666667,351.8180318470934 74.48821833333334,21.75364666666667,351.7180439936782 74.48823166666666,21.75365166666666,351.7180561400925 74.48824166666667,21.753655,351.7180642768533 74.48825166666667,21.75366166666667,351.7180801969885 74.488265,21.75366833333333,352.0180962346347 74.488275,21.75367333333334,352.1181082627201 74.48828333333333,21.75367833333333,352.4181202318578 74.48829500000001,21.753685,352.018136210144 74.48830500000001,21.75369333333333,351.518156021056 74.48831666666666,21.75369666666666,351.1181642157511 74.48832833333333,21.7537,350.7181724103467 74.48833666666665,21.75370333333334,350.2181804873102 74.48834833333333,21.75370666666667,349.7181886817209 74.48835833333332,21.75370666666667,349.1181890342756 74.488365,21.75370666666667,348.318189269312 74.48837333333333,21.75370666666667,347.8181895631076 74.48837666666667,21.75370833333333,347.1181935720889 74.48838333333333,21.75371,346.51819769856 74.48839,21.753715,345.3182096078721 74.48839666666666,21.753715,344.6182098428374 74.48840333333332,21.75372,344.1182217520214 74.48840666666666,21.75372333333333,343.918229652281 74.488415,21.75373,343.818245511424 74.48842500000001,21.75373333333334,343.9182536464 74.48843333333333,21.75373666666667,343.5182617225956 74.48845,21.753735,342.91825841824 74.48846,21.75374,342.518270444288 74.48847166666665,21.75374833333334,342.1182903114063 74.48848333333333,21.75375833333333,342.1183140695111 74.48849333333332,21.75376666666667,341.6183338774756 74.48850166666666,21.75377333333333,341.7183497354169 74.48850833333333,21.75377166666666,342.2183460787022 74.48851500000001,21.75376666666667,342.41833463968 74.48852333333333,21.75375833333333,342.4183154770845 74.48853166666666,21.75374833333334,342.5182924235343 74.48854166666666,21.75374166666666,342.8182772111111 74.48854833333333,21.75373666666667,342.8182657725582 74.48855666666667,21.75373333333334,342.7182582838756 74.48856333333333,21.75373333333334,342.6182585186845 74.48857166666667,21.75372833333333,342.8182471390543 74.48858,21.753725,342.9182396505601 74.48859166666666,21.75372166666667,342.8182322795911 74.48859833333333,21.75372,342.9182286235094 74.48860500000001,21.75372,343.218228858432 74.48861000000001,21.75371666666667,343.3182212526933 74.48862000000001,21.753715,343.218217714176 74.48862666666668,21.753715,343.3182179491414 74.488635,21.753715,343.9182182428481 74.48864333333333,21.75371666666667,344.7182224274489 74.48865166666666,21.75371666666667,345.2182227211377 74.48865666666667,21.75371833333334,345.8182267882169 74.48866166666667,21.75372,346.4182308552747 74.48867,21.75372333333333,347.0182389306027 74.48867833333334,21.75372833333333,347.3182508966792 74.48868666666667,21.75373166666667,347.6182589718471 74.48869333333333,21.75373666666667,348.1182708790329 74.488705,21.75373833333333,348.7182751806614 74.48871166666666,21.75374333333333,348.8182870876729 74.48872166666666,21.75375166666667,348.7183068933938 74.48872833333333,21.753755,348.718314909472 74.48873333333333,21.75375833333333,349.2183228668445 74.48874333333333,21.75376333333334,349.3183348907805 74.48875166666667,21.75376666666667,349.8183429652978 74.48875833333334,21.75377,350.31835098112 74.488765,21.75377333333333,350.9183589968854 74.48877166666666,21.75377666666667,351.5183670125938 74.48878500000001,21.75377833333334,351.918371372064 74.48879833333334,21.75378,352.3183757314774 74.48881666666666,21.753785,352.51838804768 74.48882833333333,21.75378333333333,353.1183845673245 74.48883500000001,21.75377666666667,353.3183692397654 74.48884500000001,21.75377166666666,353.718357920032 74.48885833333334,21.75377,354.1183544985601 74.48886666666667,21.75376833333333,354.3183509012622 74.48887833333333,21.75376833333333,354.4183513116552 74.48889000000001,21.75376666666667,354.61834783168 74.4889,21.75376333333334,355.0183404027733 74.48890666666667,21.753765,355.1183445276587 74.48891499999999,21.753765,355.4183448208319 74.48892166666666,21.753765,355.6183450553707 74.48892833333333,21.75376833333333,355.8183530704818 74.48893500000001,21.75377,356.118357195264 74.48894333333332,21.75377166666666,356.6183613786383 74.48894833333334,21.75377333333333,357.0183654447432 74.48895333333333,21.75377333333333,357.4183656205938 74.48896333333333,21.753775,357.5183698625067 74.488975,21.75377166666666,357.8183624924267 74.48898000000001,21.75377333333333,357.818366558464 74.48899,21.753775,357.71837080032 74.48900333333333,21.75377666666667,357.8183751593529 74.48901666666667,21.75378,358.1183834084267 74.48903,21.75378166666667,358.3183877673173 74.48904166666667,21.75378,358.5183842874667 74.48905166666667,21.75377833333334,358.7183807490596 74.48906000000001,21.753775,359.21837326208 74.48907166666666,21.75377166666666,359.7183658924124 74.48908499999999,21.75377,360.3183624714241 74.48909833333333,21.75376666666667,360.6183551605689 74.48911166666667,21.75376666666667,361.0183556296178 74.48912333333332,21.75376666666667,361.4183560400356 74.48913666666667,21.75377,361.818364288768 74.48915333333333,21.75377166666666,362.2183687648142 74.48916333333334,21.75377333333333,362.1183730063218 74.48917333333334,21.75377833333334,362.5183850273138 74.48917666666667,21.75377666666667,362.4183812547698 74.48918666666667,21.753775,362.8183777166934 74.48919333333333,21.753775,362.9183779511467 74.4892,21.753775,362.6183781856 74.489205,21.75378333333333,362.21839780992 74.48921166666668,21.75379166666666,362.0184174927111 74.48922166666667,21.753805,361.5184489614613 74.48923166666667,21.75381333333333,361.1184687609529 74.48924166666667,21.75382166666667,361.2184885602311 74.48925333333334,21.75383166666666,360.918512307385 74.48926833333333,21.75383833333334,360.4185283920605 74.48927999999999,21.753845,360.518544359552 74.48929166666667,21.753845,360.4185447688 74.48930666666666,21.75385,360.4185569634134 74.48931999999999,21.753855,360.218569099392 74.48933166666667,21.75386,360.218581176768 74.48934333333334,21.75386,360.018581585792 74.48935333333334,21.75386,359.518581936384 74.48936166666667,21.75385833333333,359.1185783391822 74.48937333333333,21.75385833333333,358.8185787482311 74.48938333333334,21.75386,358.41858298816 74.48939666666666,21.75386,358.118583455616 74.48941166666667,21.75386,358.218583981504 74.48942833333334,21.75386,358.218584565824 74.48944499999999,21.75385666666667,358.218577371776 74.48945999999999,21.75385333333334,358.4185701194241 74.48947166666667,21.75384833333333,358.6185588611663 74.489485,21.75384666666666,358.7185554397225 74.48949833333333,21.75384833333333,358.8185597964764 74.48951000000001,21.75384833333333,359.2185602056746 74.48952,21.75385,359.51856444544 74.48952833333333,21.753855,359.6185764047254 74.48954166666667,21.75386,359.5185885392 74.48955333333333,21.75386333333334,359.2185967261298 74.48956833333334,21.75386333333334,359.1185972519538 74.48957999999999,21.753865,359.218601549824 74.48959333333333,21.75386333333334,359.3185981283272 74.48960666666667,21.75386333333334,359.2185985957262 74.48961833333333,21.75386166666666,359.2185951158862 74.48963166666667,21.75386,359.4185916945281 74.48964500000001,21.75386,359.4185921619841 74.48965833333334,21.75385333333334,359.4185770745245 74.48966999999999,21.75384666666666,359.2185619288319 74.48968166666667,21.75384,359.4185467833387 74.489695,21.753835,359.618535585184 74.48970833333333,21.75382833333333,359.7185204985778 74.48972333333333,21.75382333333334,360.0185093593032 74.48974166666667,21.75382,360.1185022258134 74.48975666666666,21.75382,360.5185027524694 74.48977333333333,21.75381833333334,360.6184994491591 74.48978666666667,21.75381333333333,360.5184882519609 74.48980333333334,21.75380833333334,360.1184771720178 74.48981666666667,21.75380833333334,359.9184776403556 74.48982500000001,21.75381,360.01848182144 74.48983666666666,21.75381166666667,359.9184861195591 74.48984999999999,21.75380833333334,359.7184788112 74.48985999999999,21.75380666666667,360.1184752741547 74.48987166666667,21.75380333333333,360.7184679074276 74.48988,21.75380166666666,361.118464311936 74.489885,21.75380666666667,361.2184761523413 74.48988833333333,21.75381,361.6184840459094 74.48989166666667,21.753815,361.71849582768 74.48990000000001,21.75382166666667,361.8185116731734 74.48990666666667,21.75382166666667,362.0185119072285 74.48991333333333,21.75382166666667,362.1185121412836 74.48991666666667,21.75382,362.2185083701333 74.48992,21.75381833333334,362.4185045989974 74.489925,21.75382,362.9185086627201 74.48993,21.75382166666667,363.0185127264214 74.48993333333333,21.75382166666667,362.8185128434489 74.489935,21.753815,362.518497349408 74.48994166666667,21.75380833333334,362.1184820310223 74.48994666666667,21.75380666666667,361.8184783185351 74.48995166666667,21.75380833333334,361.5184823822756 74.48995833333333,21.75380833333334,361.3184826164445 74.48996333333334,21.75381166666667,361.0184905682275 74.48996666666667,21.753815,360.81849846144 74.48996666666667,21.75381833333334,360.6185062375823 74.48996833333334,21.75381833333334,360.4185062961031 74.48996833333334,21.75381833333334,360.2185062961031 74.48996666666667,21.75382,359.9185101256534 74.48996666666667,21.75382,359.6185101256534 74.48996833333334,21.75382333333334,359.4185179603058 74.48996833333334,21.75382333333334,359.4185179603058 74.48997,21.75384,358.6185568994561 74.48997333333334,21.75385166666667,358.4185842328036 74.48998166666667,21.75386666666667,358.3186195174044 74.48999000000001,21.75388,358.4186509136641 74.48999999999999,21.75389666666667,358.018690144 74.49001,21.75391,357.618721597952 74.49001833333334,21.75392166666666,357.7187491053049 74.49002666666667,21.75393333333333,357.1187766124089 74.49003166666667,21.75394666666667,356.7188078906951 74.49003500000001,21.75395666666667,356.6188313347413 74.49003833333333,21.753965,356.0188508907841 74.49004333333333,21.753975,355.6188743928534 74.49004499999999,21.75398666666667,355.318901666368 74.49004833333333,21.75399833333334,355.0189289979698 74.49005000000001,21.75401,354.9189562713601 74.49005333333334,21.75402333333333,354.6189874906738 74.49005833333334,21.75403333333334,354.6190109921778 74.49006,21.75404333333334,355.019034377472 74.49006333333334,21.75405333333333,355.1190578207431 74.49007166666667,21.75406,355.2190736622293 74.49007833333333,21.754065,355.2190855577493 74.49008666666667,21.75407333333333,355.5191052867982 74.49009333333333,21.75408333333333,355.7191288455111 74.49009666666667,21.75408833333334,355.7191406248036 74.49009833333334,21.75409833333333,355.7191640094898 74.490105,21.75410666666667,356.019183680064 74.49011166666666,21.75411666666666,355.8192072382578 74.49011333333333,21.75412666666667,356.1192306226916 74.49011833333334,21.754135,355.9192502350187 74.49012500000001,21.754145,356.0192737928 74.49013166666667,21.754155,356.0192973504107 74.490135,21.754165,356.219320792288 74.49013833333333,21.754175,356.31934423408 74.49014333333334,21.754185,356.5193677335253 74.49014833333334,21.75419666666667,356.7193951205262 74.49014833333334,21.754205,356.719414558944 74.49015,21.75421666666667,356.9194418304 74.490155,21.75422666666667,357.1194653294294 74.49016166666667,21.754235,357.119484998304 74.49016666666667,21.75424333333334,357.0195046094223 74.49017000000001,21.75425166666666,357.0195241628373 74.49017499999999,21.75426,357.21954377376 74.49017666666667,21.754275,357.5195788199467 74.49018166666666,21.754285,357.6196023182613 74.49018333333333,21.754295,357.61962570144 74.49018833333334,21.75429833333333,357.6196336491485 74.49019166666668,21.75430333333334,357.6196454269156 74.490195,21.75431166666666,357.619664979808 74.49019666666666,21.75432166666667,357.5196883627591 74.4902,21.754335,357.71971957824 74.49020999999999,21.75435,357.71975491072 74.49021999999999,21.75436,358.019778580224 74.49022833333333,21.75437,358.119802192128 74.49023666666668,21.75437833333334,358.5198219163236 74.49024666666666,21.75438666666667,358.5198416976498 74.49025833333333,21.75439666666667,358.2198654235023 74.49027,21.75440166666666,358.219877486784 74.49028,21.75440333333334,358.5198817178454 74.49028833333334,21.75440833333334,358.7198936663644 74.49029833333334,21.75441166666667,359.1199017846649 74.49030333333333,21.75441333333333,359.4199058437832 74.49030999999999,21.754415,359.4199099601281 74.490315,21.75441666666666,359.2199140192 74.49032000000001,21.75441666666666,358.9199141909334 74.490325,21.75442333333334,358.5199299118934 74.49032833333334,21.75442666666667,358.0199378009529 74.49033333333334,21.75443166666667,357.9199496344889 74.49033666666666,21.75443666666667,357.7199614107591 74.49034166666667,21.75443833333333,357.7199654696356 74.49034666666667,21.75444166666667,357.7199734157511 74.49035666666667,21.754445,357.6199815333761 74.49036500000001,21.75444833333334,357.8199895937387 74.49037,21.75445166666667,357.8199975396907 74.49037333333334,21.75445666666667,357.9200093156409 74.490375,21.75445833333333,358.02001326 74.49037666666666,21.75445666666667,358.2200094299591 74.49038166666666,21.75445833333333,358.6200134886222 74.49039166666667,21.75445833333333,359.1200138315556 74.49039166666667,21.75445333333333,359.3200021700623 74.49039500000001,21.75445333333333,359.8200022843947 74.49039833333333,21.75445333333333,360.0200023987271 74.490405,21.75445166666667,360.219998740256 74.49041166666666,21.75445166666667,360.3199989689351 74.49042,21.75445333333333,360.620003141888 74.49043,21.754455,361.220007371968 74.49044333333333,21.75445166666667,361.6200000551609 74.49045333333333,21.75444833333334,361.9199926241138 74.49046166666668,21.75444833333334,361.8199929099982 74.49046833333334,21.75444833333334,361.6199931387058 74.49047666666667,21.75445,361.3199973115734 74.49048666666665,21.75444833333334,361.6199937676516 74.49049166666667,21.75444666666666,361.9199900522311 74.49049666666666,21.75444333333333,362.4199824498916 74.49050666666668,21.75444333333333,362.5199827930169 74.49052,21.75443833333333,362.7199715898453 74.49053000000001,21.75443166666667,362.8199563855574 74.49054166666666,21.754425,362.6199412386667 74.49055666666666,21.75442166666667,362.9199339800819 74.49056833333334,21.75442166666667,363.3199343807182 74.49057166666667,21.75441833333333,363.5199267216249 74.49057833333333,21.75441666666666,363.7199230638222 74.490585,21.75441833333333,363.919927179552 74.49059000000001,21.75442,364.119931238016 74.49059333333334,21.75442166666667,364.4199352392249 74.49059833333334,21.75442166666667,364.4199354109263 74.49060166666666,21.75442333333334,364.4199394121103 74.49060333333334,21.75442333333334,364.4199394693405 74.490605,21.75442333333334,364.1199395265707 74.49060666666666,21.75442333333334,363.8199395838009 74.49060666666666,21.754425,363.5199434705067 74.49060666666666,21.754425,363.4199434705067 74.49060666666666,21.754425,363.4199434705067 74.49060666666666,21.754425,363.4199434705067 74.49060666666666,21.754425,363.4199434705067 74.49060666666666,21.754425,363.4199434705067 74.49060666666666,21.754425,363.4199434705067 74.49060666666666,21.754425,363.4199434705067 74.49061833333333,21.75442666666667,363.1199477577743 74.49062666666667,21.75442666666667,363.1199480438898 74.49064,21.754425,363.01994461504 74.49065,21.754425,362.9199449584 74.49066166666667,21.75442833333333,362.9199531321636 74.49066999999999,21.75442833333333,363.0199534182614 74.49067333333333,21.75443333333333,363.0199651923911 74.49067833333334,21.754445,362.819992569888 74.490685,21.75445666666667,362.5200200043947 74.49069,21.75446,362.1200279489281 74.49069666666666,21.754465,361.9200398370774 74.4907,21.75447333333333,361.7200593838933 74.49070333333334,21.75448166666667,361.3200789306383 74.49071000000001,21.75449,361.320098591488 74.49072,21.754495,361.320110593408 74.49073166666668,21.7545,361.2201226522667 74.49074166666666,21.75450333333333,360.9201307675023 74.49075333333333,21.75450833333333,360.8201428260978 74.490765,21.75451,360.920147111808 74.49077333333334,21.75450666666666,360.8201396243342 74.49078166666666,21.75450333333333,361.0201321369316 74.49078833333333,21.75449666666667,361.2201168198969 74.49079833333333,21.754495,361.4201132760427 74.49080499999999,21.75449666666667,361.4201173906347 74.49081500000001,21.75449833333333,361.7201216193387 74.49082666666666,21.7545,361.9201259050667 74.490835,21.75450666666666,362.1201417352747 74.49084500000001,21.75451,362.220149849984 74.49084999999999,21.75451333333333,362.4201577934933 74.49085833333334,21.75451666666667,362.6201658510223 74.49087333333334,21.75451833333333,362.4201702504391 74.49088666666667,21.75452166666667,362.2201784788764 74.49089833333333,21.75452666666667,362.1201905362703 74.49090500000001,21.75453166666667,362.2202024225173 74.49091666666666,21.75453333333333,362.1202067075556 74.49092999999999,21.75453833333334,361.820218821568 74.49094166666667,21.75453666666666,361.8202153344711 74.490955,21.75453333333333,361.7202080184533 74.49096833333333,21.75453166666667,361.7202045884836 74.49098333333333,21.75452833333333,361.6201973296712 74.49099500000001,21.75453166666667,361.3202055004693 74.491005,21.75453333333333,361.4202097283201 74.49101833333334,21.75453666666666,361.7202179559396 74.49102833333333,21.754545,361.4202377269013 74.49104000000001,21.754545,361.720238125696 74.49105,21.754545,361.9202384675201 74.49105833333333,21.754545,362.0202387523734 74.49106666666667,21.75454833333333,362.1202468086756 74.49107333333333,21.75455,362.22025092224 74.49108166666666,21.75455166666666,362.1202550927325 74.49109333333334,21.75455333333333,361.8202593770951 74.4911,21.75455333333333,361.7202596049067 74.49110999999999,21.75455333333333,361.6202599466241 74.49111666666666,21.754555,361.4202640600533 74.49112333333333,21.75455666666667,361.2202681734542 74.491125,21.75456,361.1202760016 74.49113000000001,21.75456333333333,360.9202839435947 74.491135,21.75456666666667,360.6202918855467 74.49114333333334,21.75456833333334,360.4202960557298 74.49115166666667,21.75456666666667,360.220292454791 74.491165,21.75457,360.220300681216 74.49117333333334,21.75457,360.0203009658027 74.49118,21.754575,359.82031284992 74.49118833333334,21.75457833333333,359.7203209053831 74.49119833333333,21.754585,359.3203367885546 74.49121,21.75459166666667,359.1203527284267 74.49122000000001,21.75459833333333,359.0203686112427 74.49123166666666,21.754605,359.4203845507307 74.49124,21.75461,359.520396491008 74.49125166666666,21.75461666666667,359.9204124301511 74.49126,21.75462166666667,360.220424370176 74.49126666666666,21.75463166666667,360.4204479091912 74.49127333333333,21.75464,360.820467562752 74.49128166666667,21.75464666666667,360.8204833876551 74.49128999999999,21.75465333333333,360.9204992124161 74.49129833333333,21.75466333333333,361.2205228074951 74.49130666666666,21.75466666666667,361.3205308615111 74.49131333333334,21.75466833333333,361.0205349735538 74.49132,21.75467,360.9205390855681 74.49133166666667,21.75467,360.820539482496 74.49134333333333,21.754665,360.6205282240214 74.49135500000001,21.75465833333334,360.6205130805867 74.49137,21.754655,360.320505820992 74.49139166666667,21.754655,359.8205065585601 74.49140666666668,21.754655,359.020507069184 74.49142000000001,21.754655,358.320507523072 74.49143000000001,21.75465333333333,357.6205039785387 74.49144,21.75465,356.82049654912 74.49144833333334,21.75464833333333,356.3204929479431 74.491455,21.75464666666667,356.020489290048 74.49146166666667,21.754645,355.4204856321814 74.49147166666667,21.754645,355.0204859727253 74.49147833333333,21.75464333333333,354.6204823149085 74.49148833333334,21.75464166666666,354.0204787706489 74.49149666666668,21.75464,353.620475169664 74.49150333333334,21.75464166666666,353.0204792815289 74.49151000000001,21.75464666666667,352.5204911629227 74.49151333333333,21.75465,352.0204990459733 74.49151666666667,21.754655,351.6205108137601 74.49151833333333,21.75466166666667,351.2205264095396 74.49152000000001,21.75466833333333,351.0205420052907 74.49152333333333,21.754675,350.5205576577067 74.49153166666666,21.75468166666667,350.3205734801031 74.49153833333334,21.75469,350.1205931304107 74.49154333333333,21.75469833333333,349.4206127239325 74.49154833333334,21.75470833333333,349.0206362020444 74.49155166666667,21.75472,348.7206635081174 74.49154833333334,21.75472833333333,348.8206828184071 74.49154666666666,21.75474,348.7207099547306 74.491545,21.75474666666667,348.320725436992 74.49154666666666,21.75475166666667,348.3207371476338 74.49154666666666,21.75475666666667,348.0207488017351 74.49154666666666,21.75476,347.720756571136 74.49154666666666,21.75476166666666,347.3207604558365 74.49155,21.75476333333334,347.0207644535467 74.49155500000001,21.75476166666666,346.7207607383787 74.49155833333333,21.75476333333334,346.5207647360712 74.49155999999999,21.754765,346.420768677248 74.49155999999999,21.75476666666667,346.32077256192 74.49155833333333,21.75476833333333,346.2207763900978 74.49155833333333,21.75476833333333,346.2207763900978 74.49155833333333,21.75476833333333,346.2207763900978 74.49155833333333,21.75476833333333,346.2207763900978 74.49155833333333,21.75476833333333,346.2207763900978 74.49155833333333,21.75476833333333,346.2207763900978 74.49155833333333,21.75476833333333,346.2207763900978 74.49155833333333,21.75476833333333,346.2207763900978 74.49155833333333,21.75476833333333,346.2207763900978 74.491575,21.75476166666666,344.62076141648 74.49157666666666,21.75477,344.7207808961707 74.49157833333334,21.75478,344.6208042604587 74.49158166666666,21.75479,344.520827681152 74.49158000000001,21.75480166666667,344.7208548171093 74.491575,21.75481666666667,344.9208896096001 74.49157166666667,21.75483166666667,345.1209244586418 74.491575,21.75484666666667,345.32095953312 74.49157333333332,21.75486,345.6209905539413 74.49157333333332,21.75487666666667,345.8210294003769 74.49157333333332,21.754895,345.821072131456 74.491575,21.75491,346.02110714944 74.49157833333334,21.75492666666667,346.1211461081529 74.49157666666666,21.75494,346.521177129088 74.491575,21.75495166666666,346.4212042654401 74.49157833333334,21.75496166666667,346.4212276854436 74.49158000000001,21.754975,346.22125881856 74.49158333333334,21.75498666666666,346.3212861230222 74.49158666666668,21.75499666666666,346.4213095427698 74.49158833333333,21.75500666666667,346.7213329064462 74.49159,21.755015,346.9213523854721 74.49159166666666,21.755025,347.3213757490667 74.491595,21.75503,347.221387514752 74.49159666666667,21.75503666666667,347.0214031090631 74.49160000000001,21.75504666666667,347.4214265284267 74.49160333333333,21.75505666666666,347.5214499477049 74.49160666666667,21.75507,347.8214811360427 74.49160499999999,21.75508333333333,347.6215121568 74.49160166666667,21.75509666666667,347.6215431218205 74.49160333333333,21.75511166666667,347.6215781388303 74.49160499999999,21.75512666666667,347.6216131557761 74.49160499999999,21.755145,347.621655886112 74.49160333333333,21.75516833333334,347.6217102145351 74.49160166666667,21.75519333333333,347.8217684276409 74.49160499999999,21.75522,348.021830692032 74.49161000000001,21.75523833333333,348.2218735888426 74.49161666666667,21.75525,348.1219010026667 74.49161666666667,21.75526166666667,348.1219281945245 74.49161666666667,21.75527166666667,348.0219515018311 74.49162333333334,21.75528333333333,348.3219789152711 74.49163666666666,21.755295,348.9220065499947 74.49164333333333,21.75530666666667,349.1220339629369 74.49164333333333,21.75531666666667,349.4220572699023 74.49164,21.75533,349.5220882352641 74.49163666666666,21.75533666666667,349.5221036627058 74.49163833333334,21.75534666666666,349.3221270250169 74.49163833333334,21.75535166666667,349.0221386785316 74.49163666666666,21.75535666666666,349.0221502768071 74.49163666666666,21.75535666666666,348.7221502768071 74.49164166666667,21.75536333333334,348.7221659805156 74.49164333333333,21.75536666666667,348.7221738047289 74.49164333333333,21.75536833333333,348.8221776892231 74.49164500000001,21.75537,348.822181628928 74.49164999999999,21.75537333333333,349.02218956352 74.49166,21.75537833333334,349.3222015481174 74.49167166666666,21.75538166666667,349.7222097033351 74.49168666666667,21.755395,350.0222412752213 74.49169833333333,21.755405,350.322264967584 74.49171500000001,21.75541166666667,350.5222810563093 74.49172833333334,21.75541166666667,350.7222814972836 74.49173999999999,21.75541,351.122277998848 74.49174833333333,21.755405,351.622266621664 74.49175166666667,21.75540166666666,352.4222589634098 74.491755,21.75540333333333,353.022262957952 74.49175666666666,21.75540166666666,353.6222591288391 74.49175833333334,21.75539833333333,353.9222514154845 74.49175833333334,21.75539833333333,354.2222514154844 74.49176333333334,21.75539833333333,354.5222515809351 74.49176666666668,21.755395,354.9222439227734 74.49176833333333,21.75538833333333,355.2222284410204 74.49177166666666,21.75538,355.2222091302613 74.49177333333334,21.75537333333333,355.4221936485832 74.49177666666667,21.75536666666667,355.2221782221511 74.49178000000001,21.75536,355.222162795776 74.49178666666667,21.75535333333333,355.3221474799502 74.49179000000001,21.75534833333334,355.6221359378987 74.49179666666667,21.75534333333333,355.9221245064249 74.49180333333334,21.75533666666667,356.2221091908835 74.49181,21.75533,356.222093875456 74.49182,21.75532666666667,356.3220864389974 74.49182999999999,21.75532166666667,356.422075118528 74.49184166666667,21.75532,356.6220716216534 74.49185333333334,21.75532,356.7220720088746 74.49186333333334,21.755315,356.9220606887041 74.49187166666667,21.75530666666667,357.3220415453085 74.49187833333333,21.755295,357.5220145787413 74.49189,21.75528833333334,357.921999430464 74.4919,21.75528666666667,358.7219958788266 74.49191333333333,21.75528333333333,359.1219885540978 74.49192166666667,21.75528,359.7219810632747 74.49193166666667,21.75527333333334,360.2219658601742 74.49194000000001,21.75526833333333,360.6219544856747 74.49195,21.75526666666666,361.1219509344 74.49195833333333,21.75526666666666,361.3219512115556 74.49196666666667,21.75526,361.3219359534934 74.49197833333332,21.75525666666666,361.1219285740516 74.49198833333334,21.75525333333333,361.1219211392498 74.492,21.75524833333333,360.8219098762667 74.49200999999999,21.755245,360.921902441664 74.49202,21.75524333333334,360.6218988908373 74.49202666666666,21.75524333333334,360.7218991127609 74.492035,21.755245,360.721903273824 74.49204166666667,21.75525,360.8219151466667 74.49204833333333,21.75525666666666,360.7219309030542 74.49205333333333,21.755265,360.8219504875094 74.49206166666666,21.75527333333334,360.9219701826916 74.49207333333334,21.75527833333333,360.9219822213405 74.49208166666668,21.75528333333333,360.9219941490488 74.49209333333333,21.755285,361.021998420352 74.49210333333333,21.75528666666667,361.2220026362168 74.49211333333332,21.75528666666667,361.5220029685476 74.49211666666666,21.755285,361.62199919584 74.492125,21.75528666666667,361.6220033562667 74.49213,21.75529,361.522011289344 74.492135,21.75529333333333,361.4220192223787 74.492135,21.755295,361.122023105824 74.49213333333334,21.75529666666666,361.1220269339022 74.49213333333334,21.755295,360.9220230504534 74.49213333333334,21.75529666666666,361.0220269339022 74.492135,21.75529666666666,361.1220269892693 74.49213333333334,21.75529666666666,361.1220269339022 74.49213333333334,21.75529666666666,361.0220269339022 74.49213333333334,21.75529666666666,361.0220269339022 74.49213333333334,21.75529666666666,361.0220269339022 74.49213333333334,21.75529666666666,361.0220269339022 74.49213333333334,21.75529666666666,361.0220269339022 74.49213333333334,21.75529666666666,361.0220269339022 74.49213333333334,21.75529666666666,361.0220269339022 74.49213333333334,21.75529666666666,361.0220269339022 74.49213333333334,21.75529666666666,361.0220269339022 74.49213333333334,21.75529666666666,361.0220269339022 74.49213333333334,21.75529666666666,361.0220269339022 74.49213333333334,21.75529666666666,361.0220269339022 74.49213333333334,21.75529666666666,361.0220269339022 74.49213333333334,21.75529666666666,361.0220269339022 74.49213333333334,21.75529666666666,361.0220269339022 74.49213333333334,21.75529666666666,361.0220269339022 74.49213333333334,21.75529666666666,361.0220269339022 74.49213333333334,21.75529666666666,361.0220269339022 74.49213333333334,21.75529666666666,361.0220269339022 74.49213333333334,21.75529666666666,361.0220269339022 74.49213333333334,21.75529666666666,361.0220269339022 74.49213333333334,21.75529666666666,361.0220269339022 74.49213333333334,21.75529666666666,361.0220269339022 74.49213333333334,21.75529666666666,361.0220269339022 74.49213333333334,21.75529666666666,361.0220269339022 74.49213333333334,21.75529666666666,361.0220269339022 74.49213333333334,21.75529666666666,361.0220269339022 74.49213333333334,21.75529666666666,361.0220269339022 74.49213333333334,21.75529666666666,361.0220269339022 74.49213333333334,21.75529666666666,361.0220269339022 74.49213333333334,21.75529666666666,361.0220269339022 74.49213333333334,21.75529666666666,361.0220269339022 74.49213333333334,21.75529666666666,361.0220269339022 74.49213333333334,21.75529666666666,361.0220269339022 74.49213333333334,21.75529666666666,361.0220269339022 74.49213333333334,21.75529666666666,361.0220269339022 74.49213333333334,21.75529666666666,361.0220269339022 74.49213333333334,21.75529666666666,361.0220269339022 74.49213333333334,21.75529666666666,361.0220269339022 74.49214666666667,21.75530833333333,360.7220545607822 74.49215333333333,21.75531333333333,360.6220664323698 74.49216,21.75531666666667,360.32207442048 74.49216833333334,21.75532,360.0220824638507 74.49217,21.75532166666667,359.8220864025387 74.49217166666668,21.75532166666667,359.5220864578524 74.49217,21.755325,359.32209416928 74.49216833333334,21.75532833333333,359.2221018807218 74.49216333333334,21.75533333333334,359.2221133649778 74.49215666666667,21.75534,359.2221286774187 74.49215333333333,21.755345,359.322140217088 74.49215000000001,21.75535333333333,359.1221595236267 74.49214666666667,21.75536333333334,359.0221827136569 74.49214499999999,21.755375,358.9222098424001 74.49214499999999,21.75538666666666,359.222237026368 74.49214000000001,21.75539833333333,359.3222640448853 74.49213833333333,21.75540833333334,359.1222872903645 74.49213333333334,21.75541666666667,358.8223065422222 74.492125,21.75542666666667,358.8223295674667 74.49212000000001,21.755435,358.722348819584 74.492115,21.755445,358.722371955296 74.49211333333332,21.75545166666667,358.3223874342116 74.49211,21.75545833333333,358.0224028581333 74.49210333333333,21.75546666666667,358.0224220556089 74.49209999999999,21.75547333333333,358.12243747968 74.49209833333333,21.75547666666666,358.4224451917369 74.49209166666667,21.75548166666666,358.4224566224178 74.49208666666667,21.755485,358.4224642245974 74.49207666666666,21.75549166666666,358.7224794290844 74.49206000000001,21.75549666666667,358.9224905303894 74.49205166666667,21.75549833333334,359.4224941393103 74.49204666666667,21.75549666666667,359.3224900908658 74.492035,21.75549833333334,359.4224935899414 74.49202833333334,21.75550333333333,359.5225050212125 74.49202333333332,21.75550833333334,359.5225165074845 74.49201666666666,21.75551,359.52252017152 74.49200999999999,21.75551666666667,359.4225354867201 74.49200666666667,21.75552166666666,359.3225470280818 74.49200166666667,21.75552666666666,359.1225585146098 74.49199833333334,21.75552833333334,359.0225622885938 74.49199166666668,21.75553,358.9225659528534 74.49198833333334,21.75553333333333,358.7225736106311 74.49198333333334,21.755535,358.7225773298134 74.49197666666667,21.75554,358.722588761728 74.49197000000001,21.755545,358.722600193728 74.49196499999999,21.75555,358.62261168064 74.49196166666667,21.75554833333333,358.4226076871716 74.49195666666667,21.75554833333333,358.3226075226809 74.49194833333333,21.75554833333333,358.2226072485298 74.49194333333334,21.75555,357.9226109678934 74.49193833333334,21.75555,357.8226108034133 74.49193166666667,21.75555166666667,357.7226144679858 74.49192166666667,21.75555333333334,357.7226180229476 74.49191166666667,21.75556,357.6226332297174 74.49190666666667,21.75556166666667,357.5226369492338 74.4919,21.75556,357.22263284608 74.49189333333334,21.75556166666667,357.1226365108196 74.49188666666667,21.75556333333333,357.1226401755876 74.49187833333333,21.755565,357.1226437855894 74.49186666666667,21.75556833333333,357.0226511700622 74.491855,21.75557166666666,357.1226585546347 74.49184333333332,21.75557166666666,357.2226581711715 74.49183333333333,21.75557166666666,357.4226578424889 74.49182500000001,21.75557166666666,357.1226575685867 74.49181333333333,21.75557166666666,357.1226571851236 74.49179833333332,21.75557333333334,357.1226605762632 74.49178499999999,21.75558666666667,357.622691211584 74.491775,21.7556,357.9227219568 74.49177333333334,21.75561666666666,358.3227607442489 74.49177833333333,21.75562833333333,358.5227880977458 74.49177833333333,21.75564,358.5228152871894 74.49178000000001,21.75564833333334,358.3228347628374 74.49178166666667,21.755655,358.1228503542507 74.49178499999999,21.75566833333333,357.722881536992 74.49179000000001,21.75567833333334,357.3229050058027 74.49179666666667,21.75569,357.322932413184 74.49179833333332,21.75569666666667,357.0229480043662 74.49179833333332,21.75570666666666,356.8229713093476 74.4918,21.755715,356.72299078464 74.49180166666666,21.75573166666667,356.9230296806792 74.49180333333334,21.75574833333333,357.1230685766471 74.49180166666666,21.75575833333333,357.0230918271822 74.49179833333332,21.75577,357.0231189075627 74.491795,21.75578,357.323142103872 74.49179166666666,21.755785,357.0231536477334 74.49179333333333,21.75578666666667,357.0231575862329 74.49179166666666,21.755785,357.2231536477333 74.49179166666666,21.75578166666667,357.2231458793778 74.49178833333333,21.75578,357.323141886528 74.49178666666667,21.75578333333334,357.3231496005689 74.49178499999999,21.75578333333334,357.32314954624 74.49178833333333,21.75578333333334,357.0231496548978 74.49178833333333,21.75578333333334,357.0231496548978 74.49178666666667,21.755785,357.2231534847573 74.49178666666667,21.755785,357.2231534847573 74.49178666666667,21.75579833333334,356.9231845582649 74.49178166666667,21.755805,356.7231999321707 74.49178166666667,21.75581,356.223211584768 74.49178333333333,21.75581666666667,356.2232271758222 74.49178499999999,21.75582333333334,356.223242766848 74.49178833333333,21.755825,356.22324675952 74.49178666666667,21.75582666666667,356.1232505894685 74.49178666666667,21.75582666666667,356.2232505894684 74.49178499999999,21.75583,356.323258303616 74.49178499999999,21.75583166666667,356.523262187808 74.49178499999999,21.755835,356.523269956192 74.49178166666667,21.75583833333333,356.6232776161529 74.49178166666667,21.75584166666667,357.2232853845511 74.49178166666667,21.75584333333334,357.9232892687503 74.49178166666667,21.75584166666667,358.3232853845511 74.49178166666667,21.75584166666667,358.3232853845511 74.49178166666667,21.75584166666667,358.3232853845511 74.49178166666667,21.75584166666667,358.3232853845511 74.49178166666667,21.75584166666667,358.3232853845511 74.49178166666667,21.75584166666667,358.3232853845511 74.49178166666667,21.75584166666667,358.3232853845511 74.49178166666667,21.75586166666667,361.7233319949404 74.49178499999999,21.75587333333334,362.023359292608 74.49178666666667,21.75588333333333,362.0233826518756 74.49179000000001,21.75589,361.823398296832 74.49179333333333,21.75589333333333,361.6234061733832 74.49179333333333,21.75589666666666,361.6234139417316 74.49179333333333,21.7559,361.42342171008 74.49179333333333,21.75590166666667,361.4234255942542 74.49179333333333,21.755905,361.2234333626027 74.491795,21.755905,361.123433416672 74.491795,21.755905,361.123433416672 74.49179666666667,21.75590333333334,361.0234295865743 74.49179666666667,21.75590333333334,360.9234295865743 74.49179666666667,21.75590333333334,360.8234295865743 74.49179666666667,21.75590166666667,360.7234257024071 74.49179666666667,21.75590166666667,360.7234257024071 74.49179666666667,21.75590166666667,360.7234257024071 74.49179666666667,21.75590166666667,360.7234257024071 74.49179666666667,21.75590166666667,360.7234257024071 74.49179833333332,21.75590166666667,361.2234257564836 74.4918,21.75590666666667,361.52343746304 74.49180333333334,21.75591,361.7234453394773 74.49180666666666,21.75591,361.8234454475947 74.49180833333334,21.75591166666667,361.9234493857956 74.49180833333334,21.75591166666667,361.9234493857956 74.49180833333334,21.75591166666667,361.9234493857956 74.49180833333334,21.75591166666667,361.9234493857956 74.49183333333333,21.75591833333334,361.5234657329778 74.49183833333333,21.75592333333333,361.6234775473351 74.49184833333334,21.75593166666667,361.7234972918009 74.49186333333334,21.75594333333333,362.1235249660871 74.49187499999999,21.75595,362.3235408799999 74.49188666666667,21.75595666666667,362.7235567937138 74.49190166666668,21.755955,362.9235533954027 74.49191333333333,21.75595333333333,362.9235498892232 74.49193166666667,21.75595666666667,362.8235582506098 74.49194833333333,21.75595666666667,362.8235587902009 74.49196166666667,21.75595166666667,362.4235475704285 74.49197666666667,21.75594333333333,361.7235286372409 74.49199166666668,21.75593833333333,361.3235174718756 74.49200333333333,21.75593666666667,361.2235139661369 74.49201333333333,21.755935,360.8235104064427 74.492025,21.75593333333334,360.3235069008001 74.49203833333333,21.75593333333334,360.4235073328712 74.49204833333333,21.75593166666667,360.4235037732943 74.49205666666667,21.75593166666667,360.0235040433565 74.49206333333333,21.75592833333333,360.0234964922098 74.49207666666666,21.75592833333333,360.0234969243662 74.49209,21.75593,360.223501240064 74.49210166666667,21.75593166666667,360.4235055016925 74.492115,21.75593333333334,360.62350981728 74.49212333333334,21.75593833333333,360.5235217377351 74.49213166666667,21.75593833333333,360.5235220077262 74.49213833333333,21.75594,360.5235261071574 74.49214666666667,21.755945,360.223538027392 74.49215333333333,21.75594833333334,360.0235460101404 74.492155,21.75595166666667,359.7235538309226 74.492155,21.75595166666667,359.5235538309227 74.49215166666666,21.75595166666667,359.3235537229831 74.49215166666666,21.75594833333334,359.2235459561635 74.49215666666667,21.75595,359.1235500014934 74.49216166666666,21.75594833333334,359.1235462800249 74.49216833333334,21.75594666666667,359.1235426125583 74.492175,21.755945,359.12353894512 74.49218500000001,21.75594666666667,359.2235431523627 74.49219666666666,21.75595,359.5235512968533 74.49220999999999,21.755955,359.623563378496 74.49222166666667,21.75595166666667,359.7235559897138 74.49222333333334,21.75594666666667,359.8235443939129 74.49223499999999,21.75595166666667,360.123556421472 74.492245,21.755955,360.223564511712 74.49225499999999,21.75596,360.723576485056 74.492265,21.75595833333334,361.2235729256 74.49227666666667,21.75596,361.623577186432 74.492285,21.75596333333334,361.6235852224427 74.49229,21.75596333333334,361.8235853842774 74.49229833333334,21.755965,362.0235895370987 74.49231,21.75596833333333,361.923597680832 74.49231666666667,21.75596666666667,362.2235940135111 74.49232166666667,21.75596666666667,362.2235941753245 74.49232833333333,21.75596833333333,362.2235982741084 74.49233333333333,21.75596666666667,362.5235945528889 74.49234,21.75596666666667,362.2235947686399 74.49235,21.75596833333333,362.2235989752534 74.49236333333333,21.75596833333333,362.0235994067271 74.492375,21.75597,361.9236036672 74.49238666666666,21.755975,362.02361569344 74.49240166666667,21.75597833333334,362.0236239444729 74.49241333333333,21.75598166666667,362.2236320875662 74.49242333333333,21.75598333333333,362.3236362938312 74.49243499999999,21.75599,362.623652202368 74.49245166666667,21.75599333333333,362.5236605067876 74.49245999999999,21.75599666666667,362.423668541696 74.49246166666667,21.756,362.7236763610667 74.492465,21.75600166666667,362.7236803515413 74.49247166666667,21.75600833333333,362.7236960979022 74.49248166666666,21.75601166666667,362.7237041864071 74.49248833333333,21.75601166666667,362.7237044017742 74.49249666666667,21.75601666666666,362.9237163190045 74.49250666666667,21.756025,362.7237360552533 74.49251833333332,21.75603166666667,363.1237519624569 74.492535,21.75603666666667,363.4237641482241 74.49255333333333,21.756045,363.5237841526613 74.492565,21.75604833333334,363.423792294112 74.49257666666668,21.75605166666667,363.6238004354631 74.49258833333333,21.75605166666667,363.5238008117582 74.4926,21.756055,363.42380895296 74.49260333333334,21.756055,363.2238090604587 74.49260666666667,21.75605833333333,362.8238169328356 74.49261333333334,21.75606166666666,362.7238249126542 74.49262,21.75606666666667,362.8238367748267 74.49262999999999,21.75607166666667,363.2238487443414 74.49263833333333,21.75607,363.3238451305387 74.49265166666667,21.75606333333333,363.7238300309049 74.49266833333333,21.75606333333333,363.6238305682205 74.49268000000001,21.75606333333333,363.8238309443414 74.49269,21.75605833333333,363.6238196199467 74.4927,21.75605666666667,363.62381606016 74.49271,21.75605,363.72380085376 74.49271999999999,21.75604333333333,363.8237856475307 74.49273166666667,21.75604166666667,363.8237821417778 74.49274333333332,21.75603833333333,364.0237747539271 74.49275666666668,21.75603333333333,363.9237635378489 74.49276333333334,21.75603166666667,363.8237598709262 74.49276666666667,21.75603,363.6237560964267 74.49277000000001,21.75602833333333,363.6237523219414 74.49277333333333,21.75602833333333,363.7237524295538 74.49278166666666,21.75603166666667,363.9237604627165 74.49279166666666,21.756035,364.0237685496 74.49280833333334,21.75603666666667,363.8237729695289 74.49282166666667,21.756035,363.823769517856 74.49283333333332,21.75603166666667,363.8237621304889 74.49284166666666,21.75603666666667,363.9237740452978 74.49284833333333,21.75603666666667,363.7237742604515 74.49285666666667,21.75604166666667,363.9237861751112 74.49287,21.75604333333333,364.3237904872107 74.49288,21.75604666666667,364.623798573568 74.49289166666668,21.75605166666667,364.9238105954312 74.49290500000001,21.75606166666666,364.8238343162987 74.492915,21.75607,365.023854047616 74.49292,21.75608166666667,365.3238813811627 74.49292666666666,21.75609,365.2239010047147 74.49294166666667,21.75609833333333,365.2239208964089 74.49295499999999,21.75610666666666,365.123940734144 74.492965,21.75611333333333,364.9239565826774 74.49297,21.75612,364.623972270208 74.49297833333334,21.756125,364.7239841832 74.492985,21.75613166666667,365.123999924128 74.49299500000001,21.75613666666667,365.6240118904747 74.49300333333333,21.75614333333333,365.8240276847218 74.493015,21.75614833333333,365.924039704352 74.49302666666668,21.75615,366.1240439607467 74.49303666666667,21.75615166666666,366.1240481635485 74.49304333333333,21.75615833333333,366.1240639037511 74.493055,21.756165,366.324079804384 74.49306833333334,21.75617166666667,366.5240957583183 74.49308166666667,21.75617833333333,366.8241117120249 74.49309666666666,21.75619,366.9241393631574 74.493105,21.7562,367.22416291872 74.49311166666666,21.756205,367.2241747765653 74.49312166666667,21.75621166666667,367.1241906225031 74.49313000000001,21.75621666666667,366.8242025335467 74.493135,21.75622,366.9242104563841 74.49313666666667,21.756225,366.9242221537068 74.49313833333333,21.75622833333334,367.0242299697031 74.49314333333334,21.756235,366.8242456550187 74.49314666666668,21.75623833333333,366.7242535243236 74.49315499999999,21.75624,366.824257672384 74.493165,21.75624166666666,366.42426187376 74.49317833333333,21.75624166666666,366.2242623005689 74.49319333333332,21.75623833333333,365.8242550183538 74.493205,21.756235,365.724247629536 74.49321666666667,21.75622666666667,365.4242285974045 74.49322833333333,21.756225,365.0242250899734 74.49323333333334,21.75622166666667,365.2242174879289 74.49324333333334,21.75621833333333,365.2242100461298 74.493255,21.756215,365.524202657824 74.49326666666666,21.75620833333333,365.2241875075555 74.493275,21.75620333333333,364.9241761316267 74.493285,21.756205,364.624180333216 74.49328833333334,21.756205,364.5241804400747 74.49329833333333,21.75620666666667,364.5241846416142 74.4933,21.75621,364.62419245696 74.4933,21.756215,364.82420409984 74.49330333333334,21.75622166666667,364.8242197304676 74.49330333333334,21.75622666666667,365.2242313733262 74.49330499999999,21.75623166666667,365.5242430695574 74.49330833333333,21.756235,366.0242509381867 74.49331666666667,21.75623833333333,366.0242589668622 74.49333,21.756245,366.224274917312 74.49334500000001,21.75625,366.12428704 74.49335500000001,21.75625,366.12428736 74.49335833333333,21.75625333333333,366.2242952283378 74.49336666666666,21.756255,366.1242993757867 74.493375,21.75625666666667,366.1243035232 74.49338666666667,21.75625666666667,366.0243038964338 74.49339666666667,21.75626,366.224311977856 74.49340166666666,21.75626333333333,366.2243198992782 74.49341,21.75626666666667,366.2243279272533 74.49341833333332,21.75626833333333,366.4243320744498 74.49342833333334,21.75627,366.5243362749014 74.49343166666667,21.75626833333333,366.2243325008035 74.49343999999999,21.75627166666667,366.1243405285973 74.49344500000001,21.75627666666667,366.0243523304107 74.49345,21.75628,366.02436025152 74.49346,21.756285,366.024372212992 74.493475,21.75629166666667,366.0243882146667 74.49348666666667,21.75630166666667,366.0244118707485 74.49349333333333,21.75631,366.0244314863787 74.493505,21.75631666666667,365.9244473809067 74.49351666666666,21.75632166666667,365.6244593947378 74.49353166666667,21.756325,365.7244676342933 74.49354666666666,21.75633166666666,366.0244836345885 74.49356333333334,21.75633666666667,366.2244958073742 74.49357666666667,21.75633666666667,366.5244962325618 74.49358833333334,21.75634166666667,366.5245082456356 74.49359666666666,21.75634166666667,366.6245085113245 74.4936,21.756345,366.52451637824 74.49360166666666,21.75635,366.3245280723199 74.49360333333334,21.756355,366.2245397663787 74.49361,21.75636,366.224551619712 74.49361666666667,21.75636666666667,366.3245673532444 74.49362666666666,21.75637166666667,366.2245793125405 74.49363666666666,21.75636666666667,365.8245679902578 74.49364666666666,21.756365,365.624564428544 74.493655,21.75636333333334,365.4245608137814 74.49366499999999,21.75636,365.324553371968 74.49367166666666,21.75635833333333,365.4245497041956 74.49368333333334,21.75635833333333,365.2245500759111 74.49369166666666,21.75636,365.1245542215467 74.49369666666666,21.75636333333334,365.2245621410702 74.49370500000001,21.75636333333334,365.224562406528 74.49371666666666,21.75636,365.4245550180267 74.49373,21.75635333333333,365.4245399226454 74.49373833333334,21.75635,365.32453242816 74.49374166666666,21.75634666666667,365.5245247743645 74.49374833333333,21.75634666666667,365.7245249868729 74.49375499999999,21.75634666666667,366.0245251993813 74.49376166666666,21.75635,366.02453317184 74.49377,21.75635166666667,365.9245373173974 74.49377666666666,21.75635333333333,365.9245414098062 74.49378166666666,21.75635166666667,366.1245376892125 74.49379333333333,21.756355,366.4245458208427 74.49380333333333,21.75636,366.4245577791574 74.49381,21.75636333333334,366.624565751296 74.49382,21.75636333333334,366.9245660698454 74.49383333333334,21.75635833333333,367.5245548551111 74.49384333333334,21.75635166666667,367.8245396545208 74.493855,21.75634333333333,368.124520627456 74.49386,21.75633333333333,368.0244975082667 74.493865,21.75633166666666,368.1244937879787 74.49387166666666,21.75633,368.2244901208747 74.49388166666667,21.75633166666666,368.3244943195698 74.49389500000001,21.75633666666667,368.3245063839147 74.49390666666666,21.75633833333333,368.1245106356196 74.49391833333334,21.75634166666667,368.0245187669155 74.49393166666667,21.75634833333334,367.9245347104676 74.49394166666666,21.75635333333333,367.5245466679822 74.49395,21.75635833333333,367.0245585722666 74.49396166666666,21.75636,367.0245628235306 74.49397,21.75635666666667,367.1245553299627 74.49397666666667,21.75635833333333,367.1245594219022 74.49398500000001,21.75635833333333,366.9245596874134 74.493995,21.75635833333333,367.1245600060267 74.494005,21.75635666666667,367.224556445184 74.49401666666667,21.75635666666667,367.4245568169245 74.49402499999999,21.75636,367.52456484128 74.49403666666667,21.75635833333333,367.5245613335823 74.49405166666666,21.75635833333333,367.5245618115022 74.49406666666667,21.75636166666667,367.7245700480711 74.49407833333333,21.756365,367.724578178336 74.49408833333334,21.75636333333334,368.0245746175858 74.49409666666666,21.75636166666667,367.9245710037832 74.49410166666667,21.75636166666667,367.9245711630685 74.49411166666667,21.75636666666667,368.3245831193245 74.49411333333335,21.75637,368.6245909308587 74.49411833333333,21.75637666666666,368.5246066069475 74.494125,21.75638166666667,368.5246184568 74.49413166666666,21.75638666666667,368.6246303065672 74.49413666666666,21.75639166666667,368.7246421032178 74.49414166666666,21.75639833333333,368.9246577789689 74.49414833333334,21.75640166666667,369.0246657493369 74.49415333333333,21.75640833333334,369.2246814249244 74.49415166666667,21.75641,369.324685251072 74.49415833333335,21.75641166666667,369.6246893421689 74.49416333333333,21.75641666666667,369.7247011384889 74.49416666666666,21.75641833333333,369.7247051235556 74.49417166666667,21.75642,369.8247091615787 74.49417666666666,21.75642,370.0247093204906 74.49417833333334,21.75642333333333,370.0247171316338 74.49418166666666,21.75642333333333,370.0247172375609 74.49418166666666,21.75642333333333,370.1247172375609 74.494185,21.75642166666666,370.124713464416 74.49418999999999,21.75642166666666,370.1247136233173 74.49420000000001,21.75641833333333,369.82470618304 74.49421166666666,21.75641666666667,369.1247026748445 74.49421333333333,21.75641,368.524687211776 74.49421333333333,21.75641333333333,368.4246949697991 74.494215,21.756415,367.824698901792 74.494215,21.75641166666667,367.924691143776 74.49421166666666,21.75641333333333,368.1246949168142 74.49420833333333,21.75641166666667,368.2246909318222 74.49420499999999,21.75641166666667,368.2246908258454 74.49420499999999,21.75641333333333,368.3246947048747 74.49420499999999,21.75641333333333,368.6246947048747 74.49420499999999,21.75641333333333,368.6246947048747 74.49420499999999,21.75641333333333,368.6246947048747 74.49420499999999,21.75641333333333,368.6246947048747 74.49420499999999,21.75641333333333,368.6246947048747 74.49420499999999,21.75641333333333,368.6246947048747 74.49422166666666,21.75641333333333,368.8246952347235 74.494225,21.756415,369.02469921968 74.49423,21.75641833333333,369.224707136576 74.49423499999999,21.75641833333333,369.2247072954987 74.49423499999999,21.75641833333333,369.2247072954987 74.49423499999999,21.75641833333333,369.2247072954987 74.49423499999999,21.75641833333333,369.2247072954987 74.49423499999999,21.75641833333333,369.2247072954987 74.49423499999999,21.75641833333333,369.2247072954987 74.49423499999999,21.75641833333333,369.2247072954987 74.49423499999999,21.75641833333333,369.2247072954987 74.49423499999999,21.75641833333333,369.2247072954987 74.49423499999999,21.75641833333333,369.2247072954987 74.49423499999999,21.75641833333333,369.2247072954987 74.49423499999999,21.75641833333333,369.2247072954987 74.49423499999999,21.75641833333333,369.2247072954987 74.49423499999999,21.75641833333333,369.2247072954987 74.49423499999999,21.75641833333333,369.2247072954987 74.49423499999999,21.75641833333333,369.2247072954987 74.49423499999999,21.75641833333333,369.2247072954987 74.49423499999999,21.75641833333333,369.2247072954987 74.49423499999999,21.75641833333333,369.2247072954987 74.49423499999999,21.75641833333333,369.2247072954987 74.49423499999999,21.75643166666667,368.9247383272214 74.49424333333333,21.75643,368.8247347130027 74.49424833333335,21.75643166666667,368.7247387507876 74.49424999999999,21.75643166666667,368.5247388037334 74.49425166666667,21.756435,368.3247466145387 74.49425500000001,21.75644166666667,368.4247622361067 74.49425666666666,21.75645,368.4247816836267 74.49425833333333,21.756455,368.4247933732801 74.49426,21.75646,368.6248050629121 74.49426,21.75646666666666,368.82482057856 74.49426,21.75647333333333,369.024836094208 74.49426,21.75648166666667,369.324855488768 74.49426,21.75649,369.524874883328 74.494265,21.756495,369.6248866784961 74.49426666666666,21.7565,369.9248983680001 74.49427166666666,21.75650166666667,370.1249024052871 74.49427833333333,21.7565,370.3248987376001 74.49428333333334,21.7565,370.4248988960001 74.49428666666667,21.75649666666667,370.8248912438898 74.49429166666667,21.75649666666667,371.2248914023111 74.49430000000001,21.7565,371.424899424 74.49430666666667,21.75650166666667,371.5249035140125 74.49431,21.7565,371.7248997408 74.49431666666666,21.75650333333333,371.8249077095822 74.49432166666666,21.7565,372.2249001104 74.49433000000001,21.75649833333334,372.5248964956373 74.49434166666667,21.75649333333333,372.6248852290489 74.494355,21.756485,372.724866258016 74.49436999999999,21.75648,372.724855097472 74.49438833333333,21.75648,372.9248556787414 74.49439666666667,21.75647666666667,373.4248481857138 74.49440666666666,21.75647333333333,374.0248407456142 74.49441333333333,21.75647833333333,374.5248525927964 74.49441499999999,21.75648166666667,375.1248604028054 74.49441666666667,21.75648666666667,375.4248720913778 74.49442166666667,21.75649333333333,375.7248877641316 74.49442999999999,21.75650333333333,375.9249112994987 74.49444,21.75651,376.2249271303679 74.494445,21.75651666666667,376.5249428027734 74.49445166666666,21.75652666666667,376.6249662848498 74.49445999999999,21.756535,376.924985940992 74.49446333333334,21.756545,377.225009317312 74.49446500000001,21.75655333333333,377.4250287623894 74.49446500000001,21.75656,377.725044276288 74.49447000000001,21.75656666666666,378.12505994816 74.49447000000001,21.756575,378.72507934048 74.49446500000001,21.75658333333333,379.4250985749334 74.49446500000001,21.75659333333333,380.0251218457813 74.49445999999999,21.7566,380.4251372019201 74.49445833333333,21.75660666666667,380.8251526632889 74.49445833333333,21.75661333333333,381.1251681772445 74.49445833333333,21.75662333333333,381.2251914481777 74.49445833333333,21.756635,381.4252185976001 74.494455,21.756645,381.825241763552 74.49445666666666,21.75665666666666,382.2252689654898 74.49446333333334,21.75666833333333,382.4252963247005 74.49447166666667,21.75667833333334,382.9253198576676 74.49448000000001,21.75668833333333,383.1253433904213 74.49448666666667,21.756695,383.4253591137281 74.49449666666666,21.756705,383.6253826984747 74.49450166666666,21.75671833333333,383.9254138827342 74.49450666666667,21.75673333333333,384.0254489452089 74.49450833333334,21.75674166666667,384.1254683894223 74.49451166666667,21.75674666666666,384.1254801291165 74.49451666666667,21.75675333333334,384.1254957993956 74.49451833333333,21.75676,384.1255113650987 74.49451833333333,21.75676666666667,383.9255268785423 74.49452166666667,21.75677333333333,383.9255424964196 74.49452500000001,21.75678166666667,383.6255619925867 74.49453166666667,21.75679666666667,383.3255971063751 74.49453666666666,21.75680833333333,383.1256244111289 74.49454,21.75682,382.825651663616 74.494545,21.75683166666667,382.4256789680961 74.49454833333333,21.756845,382.125710098656 74.49455333333334,21.75685500000001,381.9257335245654 74.49455833333333,21.756865,381.8257569503467 74.49456499999999,21.75687333333333,381.6257765497387 74.49457333333334,21.75688166666666,381.5257962009742 74.49458333333334,21.75689,381.425815904 74.49459166666666,21.75689833333333,381.1258355548622 74.49460166666667,21.75690666666667,380.4258552574792 74.49460666666667,21.75691333333333,380.1258709259661 74.49461666666666,21.75692,379.9258867500801 74.49462166666667,21.75693,379.4259101746347 74.49462666666666,21.75694,378.8259335990614 74.49463,21.75694500000001,378.625945337152 74.494635,21.75695166666667,378.525961005152 74.49464166666667,21.75695833333333,378.6259767248889 74.49464500000001,21.75696666666667,378.8259962189867 74.49465000000001,21.75697166666667,379.02600800864 74.49465833333333,21.75698166666667,379.2260315359822 74.49466166666666,21.75699000000001,379.4260510298027 74.49466000000001,21.75699666666667,379.6260664902827 74.49466333333334,21.75700166666666,379.5260782279182 74.49466833333332,21.75700833333334,379.6260938952711 74.494675,21.75702,379.42612124832 74.49468,21.75703,379.326144671488 74.49468166666666,21.75703833333334,379.3261641132195 74.49468666666667,21.75704666666666,379.4261836581832 74.49469000000001,21.75705333333334,379.4261992734293 74.49469833333333,21.75705833333333,379.3262111654578 74.49470500000001,21.757065,379.226226883744 74.49471666666666,21.75707,379.62623887872 74.49472666666666,21.75707333333333,380.1262469440569 74.49473166666667,21.75707333333333,380.5262470987876 74.49473333333334,21.757075,380.9262510282667 74.49473833333333,21.75707666666666,381.3262550608782 74.49474499999999,21.75707999999999,381.626263022912 74.49474833333333,21.75708333333334,381.7262708817778 74.49475333333334,21.75709,382.0262865478827 74.49475833333332,21.75709833333334,381.8263060917511 74.49476833333333,21.75710666666667,381.7263257900302 74.49477166666667,21.75711166666667,381.3263375265032 74.49477666666667,21.75711833333333,380.9263531922276 74.49478833333333,21.75712666666667,381.0263729415182 74.49479833333334,21.75713666666666,380.9263965168783 74.49481166666666,21.75714666666667,381.1264201948231 74.49482333333334,21.757155,381.3264399433174 74.49483333333333,21.75716666666666,381.4264673955556 74.49484166666666,21.75717833333333,381.8264947961422 74.49485,21.75719,381.82652219648 74.49486,21.7572,382.02654577024 74.49486333333333,21.75721333333333,382.0265768938525 74.49486333333333,21.75722333333333,382.0266001596018 74.49486499999999,21.75723166666667,382.3266195989654 74.49487000000001,21.75724166666667,382.7266430183466 74.49487500000001,21.75725,382.72666256 74.49488166666667,21.757255,382.7266743975573 74.49488500000001,21.75725833333333,382.7266822550934 74.494895,21.757265,382.726698072416 74.4949,21.75727166666666,382.6267137361066 74.49490333333333,21.75727833333334,382.5267293485725 74.49490999999999,21.75728333333333,382.4267411857067 74.49492000000001,21.75729333333334,382.126764757504 74.49492499999999,21.757305,381.82679205328 74.49493166666666,21.757315,381.9268155224854 74.49493166666666,21.75732666666667,381.8268426648391 74.49493333333334,21.75733833333334,381.8268698582045 74.49493166666666,21.75735,381.7268969495466 74.49492833333333,21.75736,381.7269201124907 74.49492666666667,21.75736833333334,381.7269394489742 74.49493000000001,21.75737833333334,381.7269628157653 74.49493333333334,21.75738666666667,381.7269823049955 74.49494,21.7574,382.02701352832 74.49495166666667,21.75740833333333,382.4270332716623 74.49495666666667,21.757415,382.9270489339521 74.49496166666667,21.75742166666667,383.2270645961564 74.49496333333333,21.75743,383.127084034048 74.49496166666667,21.75743666666666,383.1270994928924 74.49496333333333,21.757445,383.427118930752 74.49496333333333,21.75746,383.727153827456 74.49496333333333,21.75747166666667,383.827180969337 74.49496500000001,21.75748333333333,383.82720816192 74.49497,21.75749666666666,383.7272393332054 74.49497166666667,21.75751,383.6272704030294 74.49497,21.757525,383.72730524896 74.49496833333333,21.757535,383.727328462752 74.49496333333333,21.75754666666667,383.7273554528569 74.49495499999999,21.75755333333333,383.3273707097387 74.49495,21.75756166666667,383.12738994528 74.49494833333333,21.75757166666666,382.8274131594062 74.49495,21.757585,382.8274442294401 74.49496166666667,21.757595,382.6274678473279 74.49497,21.75760333333334,382.3274874866347 74.49498,21.75760833333333,382.22749942144 74.49499,21.75761166666667,382.3275074787627 74.49499999999999,21.75761666666666,382.5275194133333 74.49500666666667,21.757625,382.5275390016 74.495015,21.75763166666666,382.3275547628053 74.49502833333332,21.75764,381.627574552256 74.49504166666667,21.757645,381.0275865869334 74.49505500000001,21.75765333333333,380.427606375872 74.49506333333333,21.75766,380.0276221363627 74.49507333333332,21.75767166666667,379.6276495785529 74.49508333333333,21.75768166666667,379.3276731432889 74.49509333333334,21.75769166666667,379.2276967077689 74.49510333333333,21.75770333333333,379.2277241491058 74.495115,21.75771166666667,378.6277438861761 74.49512333333334,21.75771833333333,378.1277596455325 74.49513499999999,21.757725,377.82777550512 74.49514666666667,21.75772833333333,377.4277836104676 74.49515666666666,21.75773666666667,377.1278032965405 74.49516666666666,21.75774333333333,377.1278191054221 74.49517666666667,21.75774833333333,377.1278310371769 74.49518333333334,21.75775333333333,377.0278428685511 74.49519166666667,21.757755,377.1278469961067 74.49520333333334,21.75775333333333,377.0278434700658 74.49521333333334,21.75775666666667,376.9278515245795 74.49522166666667,21.75775833333333,376.9278556520356 74.49523000000001,21.757765,377.027871409984 74.49523833333333,21.75777,377.4278832909654 74.49524666666666,21.757775,377.52789517184 74.495255,21.757775,377.62789542224 74.49526666666667,21.75777833333333,377.9279035263289 74.49527666666667,21.75778333333334,378.4279154569956 74.49528833333333,21.757785,378.6279196841493 74.4953,21.75778666666667,378.6279239112534 74.49531333333333,21.75779,378.727932065024 74.49532500000001,21.75779333333333,379.02794016864 74.49534,21.757795,379.4279444956159 74.49535333333333,21.75779833333333,379.3279526490738 74.49536666666667,21.75779833333333,379.4279530493156 74.49537833333333,21.7578,379.5279572760533 74.49539,21.75780333333333,379.2279653792427 74.4954,21.75780833333333,378.9279773088001 74.49540666666667,21.75781,378.8279813853014 74.49541833333333,21.75781,378.8279817353387 74.49542833333334,21.75781333333333,378.9279897882099 74.49543833333334,21.75781666666667,378.6279978409956 74.49544999999999,21.75781833333333,378.7280020673066 74.49546333333333,21.75781833333333,378.6280024672071 74.495475,21.75781833333333,378.52800281712 74.49548499999999,21.75782333333333,378.3280147459413 74.49549833333334,21.75782333333333,378.2280151457564 74.49550833333333,21.75782666666667,377.9280231981156 74.49551666666666,21.75782666666667,377.9280234479645 74.49552666666666,21.75782833333334,378.2280276239929 74.49553666666667,21.75782833333334,378.6280279237903 74.49554499999999,21.757825,379.22802042128 74.49556,21.757825,379.4280208710401 74.49557333333334,21.75782666666667,379.2280251469369 74.49558666666667,21.75782833333334,378.8280294227769 74.49559333333333,21.75782666666667,378.8280257465742 74.49559333333333,21.75783,378.7280334987094 74.49559500000001,21.75783,378.828033548672 74.49559666666667,21.75783,378.8280335986347 74.49560333333334,21.75783333333333,378.8280415505778 74.49561333333332,21.75783666666667,378.6280496023609 74.49562166666666,21.75783833333333,378.4280537281103 74.49563166666667,21.75784,378.1280579037654 74.49564166666667,21.757845,377.7280698313066 74.495655,21.757845,377.028070230752 74.49567333333333,21.75784833333333,376.5280785317831 74.49568833333333,21.75785166666667,376.0280867328249 74.49570166666668,21.75785666666667,375.9280987596658 74.495715,21.75785833333333,375.92810303472 74.49573000000001,21.75785833333333,376.02810348384 74.49574333333334,21.75785833333333,375.9281038830578 74.49575833333333,21.75785666666667,375.6281004564622 74.49576833333334,21.75786166666667,375.3281123829795 74.49577833333333,21.75786333333333,375.3281165580231 74.49578833333334,21.75786,374.9281091060694 74.495795,21.75786,374.528109305664 74.49580333333333,21.75786,374.2281095551573 74.49580833333333,21.75786166666667,374.3281135804622 74.49581833333333,21.75786666666667,374.5281255065956 74.49583,21.75787333333334,374.2281413580374 74.49584499999999,21.75787833333333,374.1281534334614 74.49585999999999,21.75788833333333,374.0281771351894 74.49587333333334,21.757895,373.728193035776 74.495885,21.75790333333333,373.7282127617707 74.49589999999999,21.75791,373.52822871168 74.49591000000001,21.757915,373.028240636608 74.495925,21.757915,372.52824108464 74.49593499999999,21.75791166666667,372.3282336326507 74.49594166666667,21.757915,372.0282415824533 74.49594499999999,21.75791833333334,371.6282494326507 74.49594499999999,21.75791666666667,371.2282455573334 74.49594666666667,21.75791666666667,370.7282456071111 74.49594499999999,21.757915,370.628241682016 74.49594499999999,21.75791666666667,370.4282455573334 74.49594499999999,21.75791833333334,370.3282494326507 74.49594333333333,21.75792166666667,370.3282571335183 74.49594499999999,21.75792166666667,370.3282571832854 74.49594499999999,21.75792,370.328253307968 74.49594499999999,21.75792,370.328253307968 74.49594499999999,21.75792,370.328253307968 74.49594499999999,21.75792,370.328253307968 74.49594499999999,21.75792,370.328253307968 74.49594499999999,21.75792,370.328253307968 74.49594499999999,21.75792,370.328253307968 74.49594499999999,21.75792,370.328253307968 74.49594499999999,21.75792,370.328253307968 74.49594499999999,21.75792,370.328253307968 74.49594499999999,21.75792,370.328253307968 74.49594499999999,21.75792,370.328253307968 74.49596,21.757925,370.02826538176 74.49597166666668,21.75792166666667,369.8282579795591 74.49598333333333,21.75792166666667,369.4282583279289 74.49599499999999,21.75792166666667,369.4282586762987 74.496005,21.75792166666667,369.2282589749013 74.49601833333332,21.75792166666667,369.0282593730382 74.49603,21.75792166666667,368.828259721408 74.49603833333335,21.75791666666667,368.7282483448889 74.49604500000001,21.75791333333333,368.728240793792 74.49605333333334,21.75790666666667,368.7282255423715 74.49606333333332,21.75790666666667,368.3282258411663 74.49607833333333,21.757905,367.8282224143254 74.49609000000001,21.757905,367.9282227629441 74.49609666666667,21.757905,367.6282229621547 74.49610333333334,21.75790833333333,367.3282309113245 74.49611166666666,21.75791333333333,367.0282427851876 74.49612,21.75791666666667,366.628250784 74.49612833333335,21.75792166666667,366.2282626576675 74.49613666666667,21.75792666666667,366.0282745312285 74.49614666666666,21.75793333333333,366.0282903293156 74.49615999999999,21.75794,366.028306226688 74.49617166666667,21.75794833333334,366.2283259489529 74.49618000000001,21.75795833333333,365.8283494464 74.49619,21.75796833333333,365.9283729933014 74.49619833333333,21.75797666666666,365.6283926155236 74.49620666666667,21.757985,365.4284122375681 74.49621666666667,21.75799166666667,365.0284280343111 74.49623,21.75799666666667,365.0284400553813 74.49624333333333,21.75800333333333,364.9284559509617 74.49625666666667,21.75800666666667,364.9284640970099 74.49627166666667,21.75801,364.7284722925227 74.49628333333334,21.75801,364.3284726395734 74.49629333333334,21.75801333333333,363.6284806861938 74.49630333333333,21.758015,363.228484858176 74.49631333333333,21.75801833333333,362.8284929046471 74.49632666666666,21.75802166666666,362.7285010501404 74.49634166666667,21.75802666666667,362.6285131195378 74.49635666666667,21.75803166666667,362.5285251887431 74.49637,21.75803333333333,362.6285294594134 74.49638333333334,21.75803666666667,362.5285376044089 74.49639666666667,21.75803833333334,362.428541874937 74.49640833333333,21.75803666666667,362.2285383472355 74.49641833333334,21.75803833333334,362.0285425186738 74.49642833333334,21.75803833333334,362.1285428157831 74.49644166666667,21.75804,361.9285470861867 74.49645000000001,21.75804,362.02854733376 74.49646333333334,21.75804333333333,362.0285554783005 74.49647499999999,21.758045,362.5285596990399 74.49648499999999,21.75804833333333,362.8285677443947 74.49649666666666,21.758055,363.2285835874346 74.49650833333334,21.75806166666667,363.4285994302756 74.49651999999999,21.75806833333333,363.7286152729174 74.49652999999999,21.75807166666667,363.8286233177814 74.49654166666666,21.75807833333333,364.1286391600889 74.49655333333334,21.75808,364.3286433801387 74.49656333333334,21.75808333333334,364.5286514247111 74.49657166666665,21.75808666666667,364.5286594197831 74.49658166666667,21.75808833333333,364.6286635902329 74.496595,21.75808833333333,364.5286639855253 74.496605,21.75809166666666,364.6286720298133 74.49661333333333,21.75809833333334,364.6286877724018 74.49662333333335,21.75810833333333,364.5287113119645 74.49663166666666,21.75811666666667,364.4287309280712 74.49664166666666,21.758125,364.1287505933334 74.49665333333334,21.75812833333334,364.0287586862791 74.49666333333333,21.75813333333333,363.5287706035911 74.49667500000001,21.75813666666666,363.12877869632 74.49668833333334,21.75814166666667,362.9287907119823 74.49670166666667,21.75814666666667,362.5288027274738 74.49671666666667,21.75815333333333,362.3288186657422 74.49672833333334,21.75816,362.0288345052373 74.49674,21.758165,361.628846470912 74.49675833333335,21.75817166666667,361.0288625069689 74.49677333333334,21.75817333333334,360.5288668236232 74.496785,21.758175,360.02887104176 74.49679500000001,21.758175,359.8288713371199 74.49680666666667,21.75817666666667,359.7288755551858 74.49681833333334,21.75818333333333,359.6288913935645 74.49682666666666,21.75818666666667,359.7288993864818 74.49683333333334,21.758195,359.9289189504001 74.49684499999999,21.75820333333333,359.7289386616746 74.49685833333334,21.75820833333333,359.7289506751111 74.49687,21.75821333333333,359.9289626392321 74.49687666666667,21.75821333333333,359.8289628358116 74.49688333333333,21.75821166666666,359.7289591590755 74.49689833333333,21.75821333333333,359.5289634746951 74.49691666666666,21.75821333333333,359.5289640152889 74.49693000000001,21.75821333333333,359.528964408448 74.49694333333333,21.75821666666667,359.3289725479822 74.49695666666666,21.75822,359.3289806874026 74.49696833333334,21.75822333333333,359.3289887775858 74.49697833333333,21.75822833333333,359.1290006916658 74.49699166666666,21.75823333333334,358.7290127038222 74.49700166666666,21.75824,358.529028490688 74.49701166666667,21.75824333333333,358.2290365312996 74.49702166666665,21.75825333333333,357.8290600639076 74.49703333333333,21.75826333333334,357.6290836452978 74.497045,21.758265,357.329087861536 74.49705833333334,21.758265,357.2290882538133 74.49706833333333,21.75826333333334,357.1290846751004 74.49708000000001,21.75826833333333,357.329096637056 74.49709,21.75827,357.229100804096 74.49709833333333,21.75827,357.129101049216 74.49711000000001,21.75826666666667,357.52909364672 74.49712166666667,21.75826166666667,357.4290823715165 74.49713166666668,21.75825833333333,357.3290749201956 74.49714166666666,21.75825333333333,356.9290635961956 74.49715166666667,21.75824833333333,356.7290522723235 74.49716166666667,21.75824333333333,356.7290409485796 74.49717333333334,21.75824333333333,356.2290412921458 74.49718666666666,21.75824333333333,355.7290416847929 74.49719833333333,21.75824166666666,355.5290381557156 74.49721,21.75824166666666,355.1290384993067 74.49722166666668,21.75824,354.929034970304 74.49723333333333,21.75823666666667,354.4290275687823 74.49724166666667,21.758235,354.0290239417067 74.49725166666667,21.75823333333334,353.6290203637689 74.49725666666667,21.75822833333333,353.2290088935182 74.49726333333334,21.75822,353.0289897274453 74.49727333333334,21.758215,352.4289784047787 74.49728333333334,21.75820833333333,352.4289632097778 74.49729000000001,21.7582,352.6289440441601 74.49729833333335,21.75819,352.1289210554453 74.49731,21.75818666666667,352.1289136549973 74.49732166666666,21.75818166666666,351.9289023822685 74.49733333333333,21.75817666666667,351.9288911096889 74.497345,21.75816833333333,351.7288720925973 74.497355,21.75816166666667,351.3288568988054 74.49736833333333,21.75815333333333,351.0288379314418 74.49738166666666,21.758155,351.0288421978773 74.49739833333334,21.75815666666666,350.8288465627876 74.49740833333334,21.75816,350.9288546027734 74.49741833333333,21.758165,350.728866514848 74.49743166666667,21.75817,350.0288785252694 74.49744166666666,21.758175,349.4288904370667 74.49745666666666,21.75818,349.028902496384 74.49747166666666,21.75818166666666,348.8289068113884 74.49748666666666,21.75818166666666,348.5289072543005 74.49749833333334,21.75818166666666,348.2289075987875 74.49751166666667,21.758185,348.2289157364373 74.49752666666667,21.75819,348.1289277951147 74.49754166666666,21.75819333333333,348.0289359816889 74.49755666666667,21.75819833333333,347.8289480400142 74.49757,21.758205,347.728963920832 74.497585,21.75820333333333,347.6289604914774 74.49759999999999,21.75820166666666,347.1289570621867 74.49761666666667,21.75819833333333,346.9289498103823 74.49763166666666,21.75819833333333,346.3289502529742 74.49764499999999,21.75819833333333,346.0289506463894 74.49765499999999,21.7582,345.72895481312 74.49766666666666,21.75820166666666,345.4289590289778 74.49767833333334,21.75820333333333,345.4289632447858 74.49768999999999,21.75820666666667,345.3289713321387 74.49769666666666,21.75821333333333,344.9289870150969 74.49770333333332,21.75822166666667,344.9290065695076 74.49771166666666,21.75823333333334,344.8290339159822 74.49772166666666,21.758245,344.9290613112854 74.49772833333333,21.75825666666666,345.2290886081849 74.49773833333333,21.75827,345.629119874432 74.49774499999999,21.75828166666667,345.8291471708694 74.49774499999999,21.758295,346.129178142688 74.49775,21.75830666666667,346.2292053898666 74.49776,21.75831333333333,346.3292211693227 74.49777333333333,21.75832,346.7292370464427 74.49778166666667,21.75832333333334,346.8292450338276 74.49778666666666,21.75833,346.829260666112 74.497795,21.758335,346.829272524704 74.49780833333332,21.75834166666667,346.6292884011556 74.49782166666667,21.75834833333333,346.1293042773796 74.49783333333333,21.75835333333334,345.6293162332445 74.49784333333334,21.75836166666666,345.4293358826596 74.49785333333332,21.75837166666667,345.2293594031075 74.497865,21.75837666666666,345.1293713584213 74.49787500000001,21.75838166666666,345.0293832648 74.49788333333332,21.75838666666667,344.3293951222756 74.49788833333334,21.75839333333333,344.1294107532872 74.49789666666668,21.7584,344.0294264817067 74.49790666666667,21.75841166666667,343.8294538721138 74.49791499999999,21.75842333333333,343.7294812135253 74.497925,21.758435,343.62950860336 74.49793166666667,21.75844666666667,343.7295358956018 74.49794,21.75845666666667,343.6295593652054 74.49795166666667,21.758465,343.629579060768 74.49796666666666,21.75847,343.6295911112534 74.49797833333334,21.75847,343.5295914514347 74.49799166666666,21.75847333333333,343.3295995821155 74.49800333333333,21.758475,343.5296037931734 74.498015,21.75847333333333,343.2296002623787 74.49802666666666,21.75847166666667,342.9295967316338 74.49804166666667,21.75847166666667,342.6295971689778 74.49805833333333,21.75847333333333,342.2296015257244 74.498075,21.75847333333333,341.8296020116267 74.49809333333333,21.75847166666667,341.7295986753849 74.49810833333332,21.75846666666666,341.7295875006222 74.49812166666668,21.75846666666666,341.9295878894578 74.49813333333333,21.75846166666667,342.3295766177422 74.49814666666666,21.75846,342.3295731360427 74.49815666666667,21.75846,342.3295734277547 74.49816666666668,21.75846333333333,342.1295814606223 74.49817833333333,21.758465,342.129585671456 74.49819000000001,21.75847,341.929597623296 74.49820166666667,21.75847666666667,341.6296134454898 74.49820833333334,21.75848166666666,341.5296252512889 74.49821333333333,21.75848833333334,341.5296408789191 74.49822,21.75849666666666,341.629660425472 74.49822666666667,21.758505,341.7296799718827 74.49823500000001,21.75851166666666,341.629695696224 74.49824,21.75851666666667,341.5297074530133 74.49824666666667,21.75852166666667,341.3297192582259 74.49824666666667,21.75852833333333,341.3297347398542 74.49825000000001,21.758535,341.0297503184 74.49825666666668,21.75854333333333,341.1297698641636 74.49826666666667,21.75854833333334,341.0297817659023 74.49827833333333,21.75855333333333,340.7297937159324 74.49829166666667,21.75855666666666,340.2298018439111 74.49830333333333,21.75856666666667,339.9298254045156 74.49831166666667,21.75858,339.5298566086187 74.49831833333333,21.758595,339.1298916343574 74.49832833333333,21.75861,338.9299267564373 74.49833666666667,21.75862333333334,338.7299579596516 74.49834666666668,21.75863499999999,338.4299853406293 74.49835166666666,21.758645,338.330008706464 74.49836166666667,21.75865333333333,338.0300283466169 74.49836666666667,21.75866,337.53004397184 74.49837333333333,21.75866833333334,337.2300635152924 74.49838500000001,21.75867999999999,336.630090943296 74.49839333333333,21.75869166666666,336.4301182747023 74.4984,21.75869666666667,335.93013007744 74.49840833333333,21.75870166666667,335.4301419281956 74.49841333333333,21.75870666666667,334.9301536826596 74.49842333333332,21.75871666666667,334.5301771913956 74.49842833333334,21.75872833333334,334.1302044257458 74.49843166666666,21.75873666666666,333.9302238719005 74.49843666666668,21.75874666666667,333.5302472359965 74.49844333333334,21.758755,333.4302667779627 74.49844833333333,21.75876333333333,333.3302862718151 74.49845166666667,21.75877333333334,333.3303095875769 74.49845666666667,21.75878166666666,333.2303290812231 74.49846333333333,21.758785,333.1303370128427 74.49847166666667,21.75878833333334,333.1303449923236 74.49847833333334,21.758795,333.130360663648 74.49848166666668,21.758805,332.7303839788906 74.49848166666668,21.75881833333334,332.5304149381369 74.49848666666666,21.75882833333333,332.0304383010703 74.49848999999999,21.75884,332.030465485952 74.49849500000001,21.75885166666667,331.5304927185173 74.49849999999999,21.75885833333333,330.9305083413334 74.49851666666667,21.75885666666666,330.2305049491911 74.49852666666668,21.75886333333334,329.8305207150649 74.49853666666667,21.75887166666666,329.3305403505565 74.49854333333333,21.758885,329.030571499712 74.49855333333333,21.758895,328.5305950045013 74.498565,21.758905,328.030618556704 74.49857666666666,21.758915,327.630642108608 74.49858833333333,21.75892166666667,327.5306579208569 74.49859666666666,21.75892833333333,327.3306736376676 74.49860666666667,21.758935,327.2306894019413 74.49861666666668,21.75894166666667,327.0307051660445 74.49862666666667,21.75895333333334,326.9307325387663 74.49863666666667,21.75896333333333,326.6307560416142 74.498645,21.75897333333333,326.1307794966827 74.49865166666667,21.75898166666667,325.7307990344924 74.49866,21.75898833333333,325.4308147501227 74.49866833333334,21.758995,325.3308304656107 74.49867833333333,21.759,324.8308423589334 74.49868666666666,21.75900666666666,324.8308580741405 74.49869666666667,21.75901166666667,324.8308699671965 74.498705,21.75901666666667,324.7308818126933 74.49871499999999,21.75902333333334,324.430897574912 74.49872166666667,21.75903166666667,324.5309171115484 74.49872666666667,21.75903833333333,323.8309327312783 74.49873333333333,21.75904666666667,323.4309522676623 74.49874,21.75905666666667,323.1309756732587 74.49874,21.75906666666667,322.8309988893867 74.498735,21.75907333333334,322.7310142248747 74.49873333333333,21.75907666666667,322.6310219163022 74.49873333333333,21.75908333333333,322.4310373937778 74.49873666666667,21.75908833333334,322.5310490964409 74.49874666666666,21.75909333333333,322.6310609881316 74.498755,21.7591,322.43107670176 74.49876166666667,21.75911,322.331100106624 74.49876833333333,21.759115,322.0311119034347 74.49877833333333,21.75912666666666,321.8311392716729 74.49878666666667,21.75913333333333,321.6311549846756 74.498795,21.75914166666666,321.1311745667734 74.49880333333334,21.75914833333333,320.7311902794738 74.49880333333334,21.75916,320.4312173640107 74.49880666666667,21.75916666666667,319.9312329351112 74.49881499999999,21.75917333333333,319.6312486474454 74.498825,21.75917833333333,319.6312605375467 74.49883166666667,21.75918,319.8312645950507 74.498835,21.75917833333333,320.031260820064 74.49883333333334,21.75918166666667,320.431268511289 74.49883166666667,21.75917833333333,320.7312607258916 74.49882666666667,21.75917666666667,321.0312567154631 74.49882333333333,21.75918,321.2312643596374 74.49882166666666,21.759185,321.431275920096 74.49882166666666,21.75918833333333,321.4312836584569 74.49883,21.759195,321.431299370432 74.49883333333334,21.75919666666667,321.5313033336889 74.49883666666666,21.7592,321.63131116608 74.498845,21.75920333333334,321.9313191395414 74.49885166666667,21.75920666666667,322.3313270659058 74.498865,21.75921166666667,322.731339049376 74.49888166666666,21.75921666666666,323.0313511266845 74.49889333333334,21.75922166666667,323.0313630627982 74.49890333333333,21.75922666666667,322.8313749517796 74.49891166666666,21.75923,322.631382924672 74.49891833333332,21.75923833333333,322.9314024574471 74.49892666666666,21.75924166666667,322.7314104301511 74.498935,21.75924333333333,322.3314145338454 74.49894666666667,21.75924666666667,322.2314226003058 74.49896,21.75924666666667,322.3314229758294 74.49896833333334,21.75925,322.4314309482667 74.49897166666666,21.75925666666667,322.3314465175752 74.49897666666668,21.759255,322.4314427894827 74.49897833333333,21.75925666666667,322.3314467052516 74.49898166666667,21.75926166666666,322.1314584056071 74.49898833333333,21.75926333333333,321.9314624620658 74.49899666666667,21.75926333333333,321.7314626965902 74.49900666666667,21.759265,321.6314668468054 74.499015,21.75927,321.531478687616 74.49902333333333,21.75927166666667,321.3314827908196 74.49902833333334,21.75927166666667,321.0314829314809 74.49903999999999,21.75927333333333,320.8314871284053 74.49905,21.75927333333333,320.6314874097067 74.49906166666666,21.75927166666667,320.2314838692231 74.49907,21.75927,319.9314802350081 74.49907666666667,21.75927166666667,319.7314842912071 74.49908166666667,21.75927666666666,319.7314960377458 74.49909166666666,21.75928,319.8315040562134 74.49910333333334,21.75928166666667,319.9315082528782 74.499115,21.759285,320.031516318048 74.49912999999999,21.75929,320.3315283453441 74.49914666666668,21.75929333333334,320.6315365507983 74.49916,21.75929833333333,321.1315485309013 74.49916833333333,21.75930166666667,321.6315565019343 74.49917499999999,21.75930666666666,321.8315682945067 74.49918666666667,21.75931,321.9315763589974 74.49919666666666,21.75931333333333,322.2315843765902 74.49920166666668,21.759315,322.6315883853547 74.49921333333333,21.75931666666667,322.8315925812623 74.499225,21.75932166666666,323.13160451376 74.49923833333334,21.759325,323.2316126245867 74.49925,21.75933,323.3316245568 74.49926000000001,21.759335,323.231636442112 74.499275,21.759335,322.9316368628801 74.499285,21.75933666666667,322.831641011584 74.499295,21.75933833333334,322.9316451602454 74.49930333333333,21.75934166666667,322.9316531302756 74.49931666666666,21.75934166666667,323.0316535041778 74.49932833333334,21.75934333333333,323.0316576994418 74.49934166666667,21.759345,323.1316619413867 74.49935166666667,21.75934666666667,323.3316660898205 74.49937,21.75934666666667,323.5316666038187 74.49938,21.75935166666666,323.3316784881494 74.49938833333334,21.75935166666666,323.2316787217316 74.49940166666667,21.75935,323.23167522752 74.49941833333334,21.75934833333333,323.3316718268125 74.49943499999999,21.75934833333333,323.231672294048 74.49945,21.75934666666667,323.03166884672 74.49946333333334,21.75934333333333,322.8316614849138 74.499475,21.75934166666667,322.6316579442667 74.49948666666666,21.75934,322.6316544036694 74.49949666666666,21.75933666666667,322.9316469486365 74.49950833333334,21.75933166666667,322.9316356727289 74.49951666666666,21.75932333333333,322.8316165680356 74.49952666666667,21.75931666666667,322.8316013779911 74.49953499999999,21.75931,322.831586141312 74.499545,21.75930166666667,322.8315670839573 74.499555,21.75929666666667,322.631555762048 74.499565,21.75929333333334,322.5315483078613 74.49957666666666,21.759285,322.4315292978987 74.49958333333333,21.75927666666666,322.3315101475555 74.49959,21.75926333333333,322.3314793947306 74.4996,21.75925666666667,322.43146420608 74.49961499999999,21.75925,322.5314491584 74.499635,21.759245,322.631438119264 74.499645,21.75923833333333,322.731422931232 74.499655,21.75923166666666,322.6314077433707 74.49966500000001,21.759225,322.53139255568 74.49967333333333,21.75922,322.6313811885227 74.49968,21.75921166666667,322.9313620397654 74.499685,21.75920833333333,322.7313544461333 74.49968833333334,21.75920666666667,322.8313506728463 74.49969166666666,21.75920333333334,322.6313430322489 74.49969833333333,21.759195,322.7313238838293 74.49970833333333,21.75919,322.8313125642667 74.49971499999999,21.75918666666666,322.9313050179627 74.49971666666667,21.75918333333333,323.1312973304889 74.49971833333333,21.75918333333333,323.3312973775645 74.49972333333334,21.75918333333333,323.3312975187911 74.49972333333334,21.75918333333333,323.3312975187911 74.49972833333332,21.75918,323.5312899255254 74.49973333333334,21.75917333333333,323.4312745978311 74.49974166666667,21.75916666666667,323.3312593644445 74.49975333333333,21.75916166666667,323.4312480926436 74.499765,21.75915833333334,323.8312406881601 74.49977666666668,21.75915666666667,323.8312371509192 74.499785,21.75915333333333,323.9312296523307 74.49979499999999,21.75915,323.83122220096 74.49980333333333,21.759145,324.0312108354346 74.49981666666666,21.759135,324.1311880103467 74.49982833333334,21.75912666666666,324.2311690054329 74.49983666666667,21.75911833333333,324.2311499063396 74.49984500000001,21.75911166666667,324.3311346744214 74.49985166666667,21.75910666666667,324.6311232623858 74.49986,21.7591,325.03110803072 74.49986833333334,21.75909166666667,325.2310889322489 74.49988333333334,21.759085,325.3310738900267 74.49989333333333,21.75908,325.731062573056 74.49990333333334,21.75907666666667,326.0310551230862 74.49991333333334,21.75907166666667,326.0310438063502 74.49992333333333,21.75906833333334,326.1310363565725 74.49993666666666,21.75906166666667,326.4310212679325 74.49995,21.75905666666667,326.4310100462934 74.49996166666666,21.75905,326.23099491072 74.49997166666667,21.75904166666667,326.2309758612445 74.49998166666666,21.759035,325.9309606786881 74.49999666666666,21.75902833333334,325.5309456385209 74.50001166666667,21.75902333333334,325.5309372315645 74.50002500000001,21.759015,325.3309214394 74.50003333333333,21.75900833333333,325.3309081862222 74.50004333333332,21.759,325.3308915093334 74.50005333333334,21.75899166666666,325.0308748327111 74.50006166666667,21.75898333333334,324.8308577136445 74.50007000000001,21.758975,324.9308405948001 74.50007833333333,21.75897,324.9308312090934 74.50008833333332,21.758965,324.93082226628 74.50009833333334,21.758955,325.0308017244133 74.50011666666666,21.75895,324.730794996 74.50012833333334,21.75894666666666,324.2307903629511 74.500135,21.75894333333333,323.8307844015733 74.50014166666666,21.75894,323.5307784402667 74.50014833333333,21.75893833333334,323.1307763453023 74.50015666666667,21.75893833333334,322.9307785594578 74.50016333333333,21.75894,322.7307841970133 74.50017333333334,21.75894,322.7307868539733 74.50018333333334,21.75894,322.4307895109334 74.50019666666667,21.75893833333334,322.4307891874045 74.50020500000001,21.75893666666667,322.03078753544 74.500215,21.75893166666667,321.8307785941734 74.50023,21.75893,321.73077871376 74.50024166666667,21.75892666666667,321.7307740816889 74.50025333333333,21.75891833333333,321.4307578517689 74.50026333333334,21.75891,321.1307411792534 74.500275,21.758905,320.8307326818 74.50028666666667,21.75889833333333,320.4307203186311 74.50029500000001,21.75889333333334,320.03071093568 74.50030833333334,21.758885,319.8306951500667 74.50031666666668,21.75887333333333,319.8306703041778 74.50033000000001,21.758865,319.53065451928 74.500345,21.75885999999999,319.73064690928 74.500355,21.75885333333333,319.83063410464 74.50036666666666,21.75884666666667,319.930621743289 74.50037999999999,21.75884166666667,319.9306136909334 74.50039,21.758835,319.9306008869601 74.50039833333334,21.75882666666666,320.0305837744711 74.50040833333334,21.75882166666667,320.1305748365112 74.50042166666667,21.75881333333333,320.0305590539378 74.50042833333333,21.75880666666667,320.6305453644978 74.50043000000001,21.758805,320.83054194216 74.500435,21.7588,321.2305316752 74.50044,21.758795,321.73052140832 74.50045166666668,21.75879,322.0305129144267 74.50045833333334,21.758785,322.230503091 74.50046500000001,21.75878333333333,322.3305009985334 74.50046500000001,21.75878166666666,322.4304971331067 74.50046666666667,21.75878333333333,322.3305014417778 74.50046999999999,21.75878666666667,322.4305100590934 74.50047500000001,21.75878833333334,322.3305152542 74.50047666666666,21.75878833333334,322.4305156974311 74.50048166666667,21.75878833333334,322.2305170271244 74.500485,21.75878833333334,322.2305179135867 74.50048333333334,21.75878833333334,322.2305174703556 74.50048333333334,21.75878833333334,321.6305174703556 74.50048666666666,21.75878666666667,321.2305144914489 74.50048833333334,21.758785,321.03051106932 74.50048833333334,21.758785,320.93051106932 74.50048833333334,21.758785,320.93051106932 74.50048833333334,21.758785,320.93051106932 74.50048833333334,21.758785,320.93051106932 74.50048833333334,21.758785,320.93051106932 74.50048833333334,21.758785,320.93051106932 74.50050166666666,21.75878666666667,319.9305184805689 74.50051000000001,21.75878833333334,319.4305245620534 74.50051833333333,21.75878833333334,318.930526778209 74.50053166666666,21.75878833333334,318.6305303240578 74.50054333333333,21.75879,318.6305372918933 74.50055666666667,21.75879166666667,318.7305447028889 74.50056833333333,21.75879166666667,318.8305478054445 74.50058166666666,21.75879166666667,319.1305513512223 74.500595,21.75879,319.33055103192 74.50061000000001,21.75878666666667,319.53054729088 74.50062166666666,21.758785,319.53054652852 74.50063333333333,21.75878333333333,319.4305457662223 74.50064500000001,21.75878,319.33054113904 74.50065666666666,21.75877333333334,319.2305287821511 74.50067,21.75876666666666,319.1305168688 74.500685,21.75876166666667,319.43050926388 74.50069666666667,21.75875333333333,319.5304930429511 74.50070666666667,21.75874833333333,319.8304841085511 74.500715,21.75874166666667,320.0304708662 74.50073,21.75873666666666,320.23046326224 74.50074333333333,21.75873333333333,320.3304590798223 74.50075,21.75873,320.230453124 74.500755,21.75872833333334,320.4304505895067 74.500765,21.75873166666667,320.5304609791067 74.500775,21.75873333333333,320.630467504 74.50078333333333,21.75873666666666,320.8304774500444 74.50079666666667,21.75873666666666,320.9304809969956 74.50080666666666,21.75873833333333,321.1304875217245 74.50082,21.75874166666667,321.0304987976 74.50083166666667,21.75874333333334,321.0305057655378 74.50085,21.75874166666667,321.030506778 74.500865,21.75874166666667,320.9305107682001 74.50088000000001,21.75874166666667,320.7305147584 74.50089166666666,21.75874166666667,320.6305178618889 74.50090333333333,21.75874166666667,320.7305209653778 74.50091333333333,21.75874166666667,321.0305236255111 74.50092666666666,21.75874,321.13052330816 74.50094,21.75874,321.13052685504 74.500955,21.75874166666667,321.3305347094 74.50097000000001,21.75874333333334,321.53054256368 74.500985,21.75874333333334,321.53054655384 74.50099833333334,21.75874,321.33054237264 74.50101333333333,21.75873666666666,321.1305386349512 74.50103,21.758735,321.03053920472 74.501045,21.75873666666666,320.73054705896 74.50105666666667,21.75873,320.6305347071467 74.50106833333332,21.75872499999999,320.4305262194 74.50108166666668,21.75872166666666,320.3305220390356 74.50109500000001,21.75871666666667,320.4305139950667 74.50110833333333,21.75871,320.5305020876 74.50112,21.75870666666667,320.83049746432 74.50113333333334,21.758705,321.3304971482667 74.50114499999999,21.75870166666667,321.8304925252133 74.50115666666667,21.7587,322.2304917658666 74.50116333333334,21.75869833333334,322.5304896761689 74.50117166666668,21.7587,322.6304957570667 74.50117666666667,21.75869833333334,322.4304932239378 74.50118166666667,21.7587,322.3304984178667 74.50118833333333,21.75870166666667,322.5305040552311 74.50119166666667,21.75870666666667,322.6305165326223 74.50119333333333,21.75870833333333,322.8305208395556 74.50119666666666,21.75870833333333,323.1305217264445 74.50119666666666,21.75871166666667,323.0305294533956 74.50119833333333,21.75871666666667,322.9305414872445 74.50119833333333,21.75872499999999,322.7305608046 74.50119500000001,21.75873333333333,322.6305792352 74.50119333333333,21.75874333333334,322.6306019727289 74.50119333333333,21.75875333333333,322.5306251536356 74.50119333333333,21.758765,322.2306521980266 74.50118999999999,21.758775,322.0306744924 74.50118666666667,21.75878833333334,321.8307045138845 74.50118833333333,21.75880333333334,321.6307397285956 74.50119333333333,21.75881166666666,321.0307603755911 74.50120666666666,21.75881666666667,321.0307755112889 74.50121666666668,21.75881499999999,320.8307743068 74.50122333333334,21.75881499999999,320.93077607944 74.50122666666667,21.75881333333333,320.8307731023644 74.50123499999999,21.75881666666667,320.7307830449333 74.50123833333333,21.75882,320.4307916579734 74.50124166666666,21.758825,320.3308041343333 74.50124333333333,21.75882833333333,320.3308123041689 74.501245,21.75883166666667,320.6308204739867 74.50124833333332,21.758835,320.7308290868933 74.50125,21.75884,320.8308411200001 74.50125166666666,21.758845,320.83085315308 74.50125333333334,21.75885166666667,320.8308690494578 74.50125666666666,21.75885999999999,321.13088925216 74.50126166666668,21.758865,321.3309021711867 74.50126833333334,21.75887333333333,321.5309232597156 74.50127500000001,21.75887833333334,321.4309366215334 74.50128333333333,21.75888333333333,321.1309504262223 74.50128666666666,21.75888666666667,320.930959038649 74.50129166666667,21.75889166666667,320.7309719572222 74.501295,21.758895,320.4309805695601 74.50129833333334,21.758895,320.2309814554533 74.501305,21.75889666666667,319.9309870904267 74.50131166666667,21.75889333333334,319.7309811358578 74.50132000000001,21.75888833333333,319.3309717611734 74.50133333333333,21.75888166666667,319.0309598524445 74.50134333333334,21.75887833333334,318.9309547841689 74.50135833333334,21.758875,318.730951045 74.50136833333333,21.75887,318.8309421139467 74.50138,21.758865,319.03093362608 74.50139,21.75885999999999,318.93092469536 74.50139666666668,21.75885999999999,318.63092646752 74.50140166666667,21.75886166666667,318.430931659569 74.50140166666667,21.75886166666667,318.3309316595689 74.50140666666667,21.75885999999999,318.43092912576 74.50140666666667,21.75885999999999,318.43092912576 74.50141000000001,21.75885999999999,318.23093001184 74.50141166666667,21.75885666666666,318.4309227290756 74.50141833333333,21.75885166666667,318.8309129126178 74.50142166666666,21.75885166666667,318.9309137987423 74.50142333333334,21.75884833333334,319.2309065160622 74.50142333333334,21.75884833333334,319.2309065160622 74.50142333333334,21.75884833333334,319.2309065160622 74.50142333333334,21.75884833333334,319.2309065160622 74.501435,21.75885,319.7309134804 74.50142666666667,21.75884666666667,319.9309035393422 74.501425,21.75884166666667,319.7308915076667 74.50141666666667,21.75884,319.4308854293333 74.50141000000001,21.75883666666667,319.6308759311467 74.50140166666667,21.75882666666666,319.5308505380622 74.50139333333333,21.75882,319.6308328706134 74.50139,21.75881499999999,319.53082039544 74.501385,21.75881333333333,319.7308152029867 74.50137666666666,21.75881166666666,319.8308091241689 74.50137166666667,21.75881166666666,320.0308077946622 74.50136666666667,21.75880833333333,320.1307987391111 74.50136333333333,21.758805,319.9307901266934 74.50135833333334,21.75880166666667,319.9307810710445 74.50136000000001,21.7588,320.2307776512 74.50136500000001,21.7588,320.4307789808 74.50136833333333,21.75879666666667,320.7307721411644 74.50136999999999,21.75879666666667,320.7307725843733 74.50136999999999,21.75879333333333,320.8307648583467 74.50137166666667,21.75879333333333,320.8307653015645 74.50137500000001,21.75879166666667,320.830762325 74.50137500000001,21.75879166666667,320.830762325 74.50137500000001,21.75879166666667,320.830762325 74.50137500000001,21.75879166666667,320.830762325 74.50137500000001,21.75879166666667,320.830762325 74.50137500000001,21.75879166666667,320.830762325 74.50137500000001,21.75879166666667,320.830762325 74.50137500000001,21.75879166666667,320.830762325 74.50137500000001,21.75879166666667,320.830762325 74.50138333333332,21.75874333333334,320.7306525147555 74.50139,21.758735,320.73063497336 74.50139666666668,21.75872499999999,320.9306135692 74.50140666666667,21.75871333333334,321.0305891891911 74.50141499999999,21.75870833333333,321.1305798176667 74.50142333333334,21.75870166666667,321.1305665834045 74.501435,21.75869833333334,321.03056196196 74.501445,21.75869666666667,321.1305607599734 74.50145166666667,21.75869333333333,321.3305548082844 74.50145833333333,21.75869166666666,321.5305527194445 74.50146500000001,21.75868833333333,321.63054676788 74.50147333333332,21.758685,321.5305412598933 74.501485,21.75867833333333,321.2305289136133 74.50149666666667,21.75867333333333,320.9305204302578 74.50150666666667,21.75867166666667,320.9305192288356 74.50152166666666,21.75867166666667,320.6305232207156 74.50153333333333,21.75866833333334,320.5305186003555 74.50154500000001,21.75866333333333,320.2305101175733 74.50155500000001,21.75865666666667,320.13049732888 74.501565,21.75866,320.03050771536 74.501575,21.75866,319.7305103768 74.50158,21.75866166666667,319.3305155699734 74.50158,21.75865833333333,319.4305078450667 74.50157166666666,21.75865166666667,319.3304901772756 74.50157166666666,21.758645,319.2304747273733 74.50157333333333,21.75864,319.0304635835734 74.50157333333333,21.75863,318.8304404087467 74.50156999999999,21.75862,318.53041634656 74.50157166666666,21.75861333333333,318.6304013403378 74.50157166666666,21.75860833333333,318.5303897529111 74.50156999999999,21.75859833333333,318.53036613432 74.50156999999999,21.75858833333333,318.53034295944 74.50157666666668,21.75858166666667,318.7303292846489 74.50158833333333,21.75858,318.6303285286934 74.5016,21.75857333333333,318.5303161856 74.50161,21.758565,318.53029953656 74.50162,21.75855666666666,318.5302828877867 74.50163500000001,21.75854500000001,318.53025984628 74.50164666666666,21.75853666666667,318.4302436420622 74.50165333333332,21.75853166666667,318.3302338308978 74.50166333333333,21.758525,318.2302210454667 74.50166666666668,21.75851666666667,318.1302026222223 74.50167666666667,21.75851166666666,317.9301936993689 74.50168333333333,21.75850166666667,317.8301723021778 74.50169166666666,21.75849,317.9301474870667 74.501695,21.75847333333333,317.9301097536534 74.50170166666666,21.75846,318.5300806329067 74.50170833333333,21.75844333333334,318.8300437882223 74.50171666666667,21.758435,319.2300266985333 74.50171833333334,21.758425,319.1300039702001 74.50172166666667,21.75841833333333,318.8299894102978 74.50172500000001,21.758405,318.8299594022 74.50172999999999,21.75839,319.02992597648 74.501735,21.75837833333333,318.9299002750801 74.501745,21.758365,319.12987204492 74.50175166666666,21.75835166666667,319.4298429263956 74.50175666666668,21.75833833333333,318.8298133637245 74.50176166666667,21.758325,318.4297838012667 74.50176333333334,21.75831333333333,318.1297572119823 74.50175833333333,21.7583,318.0297249826667 74.501755,21.758285,318.1296893357201 74.50175666666668,21.75827,317.8296550224534 74.50176166666667,21.75825833333333,317.4296293225112 74.50176833333333,21.75824833333333,317.2296079293822 74.50177166666667,21.758235,317.1295779231867 74.50177499999999,21.75822333333333,317.1295517790667 74.50177833333333,21.75820833333333,316.9295179112223 74.501785,21.75819333333333,316.9294849331734 74.50179,21.75817833333333,317.2294515105867 74.5018,21.75816833333333,317.6294310085334 74.50181166666667,21.75816166666667,317.9294186753823 74.50181666666667,21.75815,318.3293929773333 74.50182,21.75813833333333,318.9293668345067 74.501825,21.75812833333334,319.5293449986 74.501825,21.758115,319.8293141042 74.50182833333334,21.75810666666666,319.7292956852978 74.50183,21.75809333333333,320.0292652360533 74.50183666666666,21.75808333333334,320.3292438457778 74.50183999999999,21.75807,320.32921384192 74.50184333333333,21.75806,320.4291915617067 74.50184666666668,21.75805333333334,320.1291770050845 74.50185,21.75804666666667,320.3291624485333 74.50185166666667,21.75804,320.4291474468267 74.50185166666667,21.75803166666667,320.5291281381823 74.50185,21.75802,320.2291006608 74.50185,21.75800666666667,320.2290697669333 74.50185166666667,21.75799666666667,320.0290470418756 74.50185666666667,21.75798666666667,320.1290252076089 74.50186000000001,21.75797666666666,319.9290029281067 74.50186000000001,21.757965,319.6289758961601 74.50185833333333,21.757955,319.5289522804667 74.50186000000001,21.757945,319.42892955568 74.50186000000001,21.757935,319.22890638544 74.50186166666667,21.757925,319.5288836607334 74.50186333333333,21.75791333333333,319.5288570743822 74.50186333333333,21.75790166666667,319.5288300424978 74.50186333333333,21.75789,319.6288030106134 74.50186166666667,21.75787833333333,319.3287755330711 74.50185833333333,21.75786666666667,319.4287476097778 74.50186000000001,21.75785666666667,319.2287248852267 74.50186166666667,21.75784333333333,318.9286944373245 74.50186166666667,21.75783166666667,319.0286674054089 74.50186000000001,21.75782166666667,319.3286437893867 74.50186166666667,21.75781166666667,319.4286210649823 74.50186166666667,21.75779833333333,319.6285901713645 74.50186000000001,21.757785,319.82855883184 74.50186000000001,21.75777166666667,319.9285279381867 74.50185666666667,21.75776,319.9285000142934 74.50185666666667,21.75774833333333,320.0284729822844 74.50185499999999,21.75773666666667,320.22844550424 74.50185333333334,21.75772666666667,320.4284218878578 74.50185166666667,21.75772,320.52840599488 74.50185,21.75771333333333,320.8283901018667 74.50184666666668,21.75770333333333,321.0283660392178 74.501845,21.75769166666667,321.4283385608667 74.50184333333333,21.75767833333333,321.5283072207022 74.50184333333333,21.75766666666667,321.5282801884445 74.50184333333333,21.757655,321.4282531561867 74.50184166666666,21.75764333333333,321.1282256776445 74.50184166666666,21.75763,321.2281947836 74.50183999999999,21.75761666666666,321.3281634432 74.50184166666666,21.75760166666667,321.4281291337556 74.50183999999999,21.75759,321.32810165504 74.50184166666666,21.75757666666667,321.2280712074222 74.50184166666666,21.757565,321.3280441751334 74.50184333333333,21.75755333333333,321.2280175893689 74.50184666666668,21.75754,321.02798758848 74.50184833333333,21.75752833333333,320.8279610028756 74.50185333333334,21.75751833333334,320.7279391723022 74.50185833333333,21.75750666666667,320.7279134801778 74.50185833333333,21.757495,320.8278864482 74.50186000000001,21.75748333333333,320.7278598629333 74.50185833333333,21.75747166666667,320.7278323842444 74.50186000000001,21.757455,320.52779421392 74.50186166666667,21.75744,320.5277599053867 74.50186166666667,21.757425,320.4277251500667 74.50186166666667,21.75741,320.5276903947467 74.50186000000001,21.75739666666667,320.6276590541867 74.50186000000001,21.75738333333334,320.5276281605334 74.50186000000001,21.75737166666667,320.5276011285867 74.50186333333333,21.75736166666666,320.7275788524178 74.501865,21.75735,320.5275522676 74.50186666666667,21.75733833333334,320.6275256828445 74.50186833333333,21.75732333333334,320.6274913747823 74.50187,21.75731166666667,320.62746479016 74.50187,21.75729833333333,320.52743389672 74.50187166666666,21.75728666666667,320.5274073121956 74.50187666666667,21.75727333333333,320.3273777606045 74.50188333333334,21.75726333333334,319.9273563798223 74.50188499999999,21.75725,319.527325934 74.50188666666666,21.75724,319.32730321152 74.50188499999999,21.75722666666666,319.22727187104 74.50188499999999,21.75721333333333,319.32724097792 74.50189,21.75719833333333,319.1272075655734 74.50189666666667,21.75718666666667,319.2271823241956 74.50190166666667,21.75717833333333,318.9271643587245 74.50190666666667,21.75717,319.1271463933867 74.501915,21.75716166666667,319.52712932332 74.50191833333334,21.75715,319.6271031876 74.50191833333334,21.75714166666667,319.9270838798445 74.50191833333334,21.75713166666667,320.2270607105378 74.50191833333334,21.75711833333333,320.6270298181289 74.50191833333334,21.75710666666667,320.8270027872711 74.50191833333334,21.757095,320.6269757564133 74.50192,21.75708333333334,320.4269491733334 74.50192,21.75707,320.12691828096 74.50192333333332,21.75706333333333,319.9269037304356 74.501925,21.757055,319.6268848706 74.50192333333332,21.757045,319.32686125352 74.501925,21.75703,319.4268269476 74.50192666666666,21.757015,319.6267926417601 74.50192833333334,21.75700333333333,319.6267660590489 74.50192833333334,21.75698833333333,319.6267313053289 74.50192666666666,21.756975,319.5266999650667 74.50192666666666,21.75696333333333,319.6266729343645 74.50192666666666,21.75695666666666,319.7266574882489 74.50192666666666,21.75694833333334,319.6266381806045 74.501925,21.75694333333333,319.5266261478667 74.50192666666666,21.75693666666667,319.6266111499023 74.50192333333332,21.75692833333333,319.6265909458756 74.50192,21.75692166666667,319.3265746033067 74.501915,21.75691166666666,319.12655008932 74.50191333333333,21.75690166666667,319.0265264716978 74.501915,21.75689166666667,319.2265037506 74.50191333333333,21.75688333333333,319.4264839944889 74.50191166666667,21.756875,319.5264642383333 74.50191,21.75686166666667,320.0264328974134 74.50191166666667,21.75684833333333,320.5264024532311 74.50191666666666,21.75683666666666,321.0263767675556 74.50192166666668,21.756825,321.5263510820667 74.50193833333333,21.75680333333333,320.9263053672623 74.50194833333333,21.75679,320.02627716664 74.50196833333332,21.75676500000001,320.4262246280934 74.50198333333333,21.75673666666667,320.0261630223111 74.50199500000001,21.75672,319.62612754976 74.50199833333333,21.75671,319.6261052792267 74.502,21.75670333333333,319.7260902826666 74.502,21.75669333333333,319.7260671146666 74.502,21.75668666666666,319.6260516693334 74.50199166666667,21.75668,319.2260339797333 74.50198833333334,21.75667,319.1260099138401 74.50198999999999,21.75665833333333,319.4259833332001 74.50198999999999,21.75664833333333,319.6259601650401 74.50198833333334,21.75663666666667,319.5259326865511 74.50198333333333,21.756625,318.92590431 74.50198,21.75661666666667,318.3258841050667 74.50197499999999,21.75661,317.8258673124 74.50196666666668,21.7566,317.7258418986667 74.50196,21.75659333333333,317.32582465664 74.50195000000001,21.75658833333334,317.2258103777334 74.50194,21.75657833333333,317.0257845141867 74.501935,21.75657,316.82576385928 74.50193166666666,21.75656666666666,316.8257552379556 74.50192666666666,21.75656166666667,317.0257423059022 74.50192333333332,21.75655833333333,316.8257336844889 74.50192,21.75655333333333,316.7257212014933 74.501915,21.75654833333333,316.72570826924 74.50191166666667,21.756545,317.1256996476934 74.50191166666667,21.756545,317.2256996476933 74.50191333333333,21.756545,317.3257000969067 74.50191333333333,21.756545,317.5257000969067 74.50191,21.756545,317.62569919848 74.50190666666667,21.75654666666667,317.7257021616356 74.50189833333334,21.75654333333334,317.8256921923822 74.50189,21.75654333333334,318.0256899462934 74.50188499999999,21.75654,317.9256808753601 74.50187833333332,21.756535,317.92566749348 74.50187333333334,21.75653,318.1256545607467 74.50186833333333,21.75652333333333,318.2256377662489 74.50186166666667,21.75651833333333,318.4256243840578 74.50185833333333,21.75651,318.8256041769334 74.50185499999999,21.75649666666667,319.22557238456 74.50185333333334,21.75648333333334,319.3255410414222 74.50185333333334,21.75647166666667,319.5255140093511 74.50185333333334,21.75646,319.4254869772801 74.50185499999999,21.75645,319.5254642564 74.50185666666667,21.75643833333334,319.6254376738578 74.50185666666667,21.75643,319.82541836528 74.50185666666667,21.75642166666666,320.1253990567022 74.50186000000001,21.75640666666667,320.3253652004267 74.50185666666667,21.75638833333333,320.1253218223911 74.50185499999999,21.75637666666666,320.52529434072 74.50185333333334,21.75636666666667,320.6252707207112 74.50185333333334,21.756355,320.52524368864 74.50185166666667,21.75634666666667,320.6252239302756 74.50185,21.75633833333333,320.5252041718667 74.50184333333333,21.75633,320.6251830640534 74.50184166666666,21.75631833333334,320.6251555819778 74.501835,21.75631,320.62513447384 74.501825,21.7563,320.725108604 74.50181833333333,21.75629,320.7250836336266 74.50181166666667,21.75628166666667,320.7250625248756 74.50180666666667,21.75627,320.5250341421867 74.5018,21.75626,320.4250091712 74.50179833333333,21.75625166666667,320.2249894118711 74.50179499999999,21.75624166666666,319.8249653406 74.50178833333332,21.75623333333333,319.5249442310222 74.50177833333333,21.75622333333333,319.3249183592089 74.50177000000001,21.75621833333333,319.2249045230133 74.50176,21.756215,319.12489409856 74.50174833333334,21.75621,318.8248793618934 74.50173833333334,21.75620666666667,318.6248689371911 74.50173333333333,21.75620166666667,318.3248560007111 74.50172666666667,21.75619333333333,318.2248348898844 74.50171999999999,21.75618666666667,317.82481764096 74.50171166666668,21.75618166666667,317.4248038038089 74.50170499999999,21.75617833333333,317.12479427884 74.501695,21.75617,317.12477226696 74.50168833333333,21.75616,317.12474729312 74.50168166666667,21.75615166666666,317.2247261812489 74.50167499999999,21.75614666666667,317.5247127936 74.50166666666668,21.75614166666667,318.0246989555556 74.50166166666666,21.75614,318.6246937424534 74.501655,21.75613166666667,318.7246726300133 74.50164833333334,21.756125,318.7246553796667 74.50164333333333,21.75611833333333,318.5246385795289 74.50163833333333,21.75611,318.2246179169866 74.50163166666667,21.75610166666667,317.9245968039156 74.50162666666667,21.75609333333334,318.0245761410845 74.50162,21.75609333333334,318.3245743394133 74.50161333333334,21.75609166666667,318.2245686753778 74.50160833333332,21.75608666666667,318.7245557369778 74.5016,21.75608833333333,319.5245573472 74.50159499999999,21.75608833333333,319.9245559959067 74.50158666666667,21.756085,320.22454601888 74.50157666666668,21.75608333333333,320.3245394537778 74.50156666666666,21.756085,320.6245406136001 74.50155500000001,21.756085,321.02453746052 74.50154666666667,21.75608166666667,321.2245274832355 74.50154500000001,21.75607333333333,321.3245077200534 74.50153833333334,21.756065,321.3244866053467 74.50153333333333,21.75605333333333,321.0244582158222 74.50152666666666,21.756045,320.9244371007467 74.50152166666666,21.75603833333333,320.8244202986712 74.50151833333332,21.75603166666667,320.6244039470711 74.50152166666666,21.75602166666667,320.4243816725823 74.50152666666666,21.75600833333333,319.8243521236445 74.50153166666668,21.755995,319.82432257492 74.501535,21.75598333333333,319.7242964382667 74.50153666666667,21.75597,319.5242659884267 74.501535,21.75595666666667,319.7242346370933 74.50153833333334,21.75594333333333,319.7242046381422 74.50154166666667,21.75593166666667,319.7241785018889 74.50154333333333,21.75592166666667,319.8241557774311 74.50154666666667,21.75591333333334,319.7241373664711 74.50155166666667,21.75590666666667,319.4241232690489 74.50155666666666,21.755895,319.5240975841867 74.50156833333334,21.75588333333333,319.7240737034222 74.50157166666666,21.75587166666667,319.8240475680489 74.501575,21.75586,320.0240214328 74.50157833333333,21.75584833333333,320.2239952976756 74.50158,21.755835,320.4239648491201 74.50158,21.755825,320.4239416744001 74.50157833333333,21.755815,320.72391804852 74.50157333333333,21.75580666666666,320.7238973826844 74.501565,21.75579833333334,320.7238758143067 74.50156,21.75579166666666,320.8238590106667 74.50155500000001,21.75578166666667,320.92383448188 74.50154500000001,21.75577333333333,320.8238124616533 74.501535,21.75576833333334,320.8237981663067 74.50152666666666,21.75576333333333,321.0237843220978 74.50151833333332,21.75575666666667,321.0237666151378 74.50151333333334,21.75575166666667,320.7237536732978 74.50150666666667,21.75574833333333,320.5237441426844 74.50149833333333,21.75574333333333,320.3237302979823 74.50149333333334,21.755735,320.2237096305067 74.50148333333333,21.755735,319.8237069222667 74.50147833333334,21.75573333333334,319.5237017054222 74.50146833333334,21.75572666666667,319.1236835461511 74.50145833333333,21.75571666666666,319.2236576611111 74.50145500000001,21.75570666666666,319.3236335815467 74.50144833333334,21.7557,319.4236163245334 74.50143666666666,21.75569333333334,319.8235977129245 74.50142666666667,21.75568666666667,320.2235795525689 74.50142333333334,21.75568333333333,320.0235709238221 74.50141666666667,21.755675,320.0235498033334 74.50140666666667,21.75567333333333,319.9235432312178 74.501395,21.75567,319.72353234456 74.50138166666667,21.75566833333333,319.6235248692045 74.50137333333333,21.75566833333333,319.5235226114489 74.50136000000001,21.755665,319.6235112729601 74.50134833333333,21.75566333333334,319.5235042489689 74.50133833333332,21.75565666666666,319.2234860871911 74.50133166666666,21.75565,319.2234688284 74.50132499999999,21.75564666666667,319.3234592957334 74.50131666666667,21.75564166666667,319.7234454482222 74.50130833333333,21.75564166666667,319.9234431901111 74.50129833333334,21.75564,320.5234366171733 74.50128333333333,21.75564333333334,320.7234402790222 74.50127166666667,21.75564833333334,321.1234487075245 74.50125833333333,21.75565166666667,321.6234528213112 74.50125166666666,21.75565166666667,321.923451014929 74.50124000000001,21.75565,321.7234439904 74.50123000000001,21.75565166666667,321.6234451441867 74.50122,21.755655,321.62345016144 74.50121,21.75566166666666,321.22346290568 74.50120166666667,21.75566833333333,320.9234761016845 74.50119666666666,21.755675,320.4234902009334 74.50118833333333,21.75568166666667,320.1235033972578 74.50118333333333,21.75569,320.0235213602667 74.501175,21.75569333333334,319.7235268298667 74.501165,21.75569666666667,319.6235318480801 74.50115666666667,21.75569833333333,319.5235334542845 74.50114499999999,21.7557,319.5235341576 74.501135,21.7557,319.4235314488001 74.50112333333333,21.75570166666666,319.1235321522045 74.50111666666666,21.755705,318.9235380737334 74.50110833333333,21.755705,318.9235358164667 74.50110166666667,21.75571,318.72354560184 74.50109500000001,21.75571833333333,318.5235631148133 74.50108666666667,21.75572166666667,318.3235685852623 74.501085,21.75571666666666,318.1235565425334 74.50108,21.75571166666667,318.2235435969067 74.50107333333334,21.755705,318.1235263359467 74.501065,21.75569833333333,318.0235086233733 74.50105666666667,21.75569,318.2234870467734 74.50105000000001,21.75568166666667,318.6234659214667 74.50104333333334,21.75567333333333,318.9234447959823 74.50103666666668,21.75566666666667,319.3234275342222 74.50103166666666,21.75566,319.3234107238933 74.50102833333334,21.75565,319.0233866372 74.50103,21.75563666666667,318.72335617744 74.501035,21.75562333333333,318.4233266210934 74.50104166666667,21.75561166666666,318.2233013805555 74.50104833333333,21.7556,318.1232761402666 74.50105499999999,21.75559166666667,318.1232586279334 74.50106333333333,21.75558333333333,318.2232415675555 74.50106833333332,21.755575,318.1232236038001 74.50107666666666,21.75556833333333,318.1232104076178 74.50108333333333,21.75555666666667,318.0231851684445 74.50108833333334,21.75554833333333,317.9231672051689 74.50109666666667,21.75553833333333,317.7231462820711 74.50110500000001,21.75553166666667,317.72313308668 74.501115,21.75552333333333,317.8231164797067 74.50112333333333,21.75551,317.6230878300267 74.50113166666667,21.75550166666667,317.7230707716489 74.50114000000001,21.75549333333333,317.9230537134934 74.50114833333333,21.755485,318.22303665556 74.50115833333332,21.75547833333333,318.5230239134889 74.50116833333333,21.75547,318.72300730808 74.50117666666667,21.75546166666667,319.1229902508356 74.50118666666667,21.75546,319.6229890999467 74.50119333333333,21.75545666666667,319.8229831814045 74.50119500000001,21.75545666666667,320.02298363352 74.5012,21.75545666666667,320.3229849898667 74.50120166666667,21.75545333333334,320.3229777150578 74.5012,21.75545333333334,320.3229772629334 74.5012,21.75545333333334,320.6229772629334 74.501205,21.75545166666667,320.9229747558534 74.50120833333334,21.75544833333333,321.2229679332222 74.50121666666668,21.75544333333333,321.4229586036445 74.50122500000001,21.75543333333333,321.322937684 74.50124166666666,21.75542333333334,321.4229190256445 74.50126166666668,21.755415,321.6229051355867 74.50127500000001,21.75541166666667,321.8229010268667 74.50128500000001,21.75540833333334,321.9228960138 74.50128833333333,21.75541,322.02290078152 74.50129166666667,21.75541333333333,322.1229094124445 74.50129333333332,21.75541166666667,322.4229060014578 74.50129333333332,21.75541,322.72290213824 74.501295,21.75540833333334,322.9228987272667 74.50129833333334,21.755405,323.0228919053467 74.50130833333333,21.75539666666667,322.9228753029778 74.50132333333333,21.75539333333334,322.4228716471823 74.50134,21.75539166666666,322.1228723069333 74.50135833333334,21.75538833333333,321.8228695560222 74.50137333333333,21.75538,321.22285431168 74.50139166666666,21.75536833333333,321.1228322465112 74.50141166666667,21.75536333333334,321.3228260860178 74.50142833333332,21.75535666666666,321.5228151582311 74.50143666666666,21.75535166666667,321.7228058316356 74.50144666666667,21.75534833333334,321.8228008203911 74.50145666666667,21.75535,321.9228073976 74.50146666666666,21.75535,321.922810112 74.50148166666666,21.75534833333334,322.1228103208845 74.50149166666667,21.755345,321.9228053099334 74.50150166666667,21.75534333333333,322.4228041617512 74.50151000000001,21.75534333333333,322.72280642384 74.50152166666666,21.75534333333333,323.1228095907645 74.50153333333333,21.75534166666666,323.3228088951111 74.50154666666667,21.75533666666667,323.1228009268623 74.50155833333334,21.755335,323.0228002314 74.50156666666666,21.75533666666667,322.9228063560889 74.50158,21.75533333333334,322.8228022506667 74.50159000000001,21.755325,322.6227856532 74.50160333333334,21.75531666666667,322.6227699609778 74.50161333333334,21.75531,322.7227572264533 74.501625,21.755305,322.522748807 74.50163666666667,21.75529666666666,322.6227326631289 74.50165,21.75528833333334,322.8227169721334 74.50166333333333,21.75528166666667,322.7227051437245 74.50167833333333,21.75527666666667,322.7226976303911 74.50169333333334,21.755275,322.4226978416 74.50170666666666,21.75526833333333,322.5226860139378 74.50171333333333,21.75525833333334,322.3226646518223 74.50171833333334,21.755245,322.32263511308 74.50172333333333,21.755235,322.3226132986933 74.50172833333333,21.75522666666667,322.6225953465245 74.501735,21.75521833333333,322.72257784724 74.50174166666667,21.75520833333333,323.0225564861111 74.50174833333334,21.7552,323.3225389872 74.50175666666668,21.75519166666666,323.7225219412889 74.50176833333333,21.75518333333333,323.6225058012889 74.50177833333333,21.75517166666667,323.8224814848845 74.50178666666667,21.75516333333333,323.8224644397511 74.50179499999999,21.75515166666667,323.62243967108 74.5018,21.75514,323.6224139968 74.501805,21.75512833333333,323.5223883227067 74.50180999999999,21.755115,323.22235878696 74.50181500000001,21.75510166666666,323.0223292514267 74.50181833333333,21.75509333333333,322.9223108484623 74.50182,21.75508166666667,323.0222842688534 74.50182166666667,21.75506833333333,323.2222538274978 74.50182333333333,21.75505833333333,323.2222311098222 74.501825,21.75504833333333,323.4222083922 74.50182833333334,21.75504166666666,323.2221938514444 74.50183166666667,21.75503,323.2221677254133 74.50183166666667,21.75501833333334,323.4221406929378 74.50183333333332,21.75500666666667,323.5221141137778 74.50183166666667,21.754995,324.0220866279867 74.50183166666667,21.754985,324.4220634572933 74.50183,21.75497166666667,324.8220321096267 74.50183,21.75496166666667,324.8220089389067 74.50182833333334,21.75494833333333,325.4219775911423 74.50182666666666,21.754935,325.6219462433067 74.50182333333333,21.75492,325.9219105800533 74.50182,21.75490833333333,326.2218826402666 74.50181666666667,21.754895,326.5218508385333 74.50181333333333,21.75488333333334,326.9218228984889 74.50181166666667,21.75487166666667,327.3217954119956 74.50181166666667,21.75486,327.7217683791467 74.50181333333333,21.75484833333333,328.4217418000356 74.50181500000001,21.75483666666667,328.7217152209867 74.50181500000001,21.754825,329.0216881882 74.50181666666667,21.75481333333333,329.1216616092445 74.50181666666667,21.75480333333333,329.3216384383111 74.50181833333333,21.75479166666667,329.9216118594445 74.50182,21.75478,330.22158528064 74.50181666666667,21.75476666666667,330.3215534782223 74.50181333333333,21.75474833333334,330.4215100901689 74.50181166666667,21.754735,330.42147874148 74.50181166666667,21.754725,330.5214555704667 74.50180833333334,21.75471333333333,330.6214276294223 74.501805,21.75470666666667,331.1214112738134 74.5018,21.75469333333333,330.7213790165333 74.50180166666668,21.75468166666667,330.121352437649 74.50180166666668,21.75467,329.9213254046134 74.50180166666668,21.75466,329.72130223344 74.50180333333333,21.75465,329.8212795165334 74.50180333333333,21.75463833333333,329.7212524835289 74.5018,21.75462666666666,329.6212245418667 74.50179666666666,21.75461833333333,329.1212043238311 74.50178833333332,21.75460666666667,328.8211750187911 74.501785,21.75459166666667,328.3211393528667 74.50177833333333,21.75457833333333,328.1211066397823 74.50177333333333,21.754565,327.7210743809067 74.50177000000001,21.75455166666666,327.2210425763467 74.50177000000001,21.75454,326.62101554272 74.50177000000001,21.75453,326.32099237104 74.50176833333333,21.75451666666667,325.9209610208445 74.50176833333333,21.75450166666667,325.5209262632845 74.50176666666667,21.75448833333333,325.4208949129778 74.50176333333334,21.75447333333333,325.4208592459022 74.50176499999999,21.75446333333333,325.62083652888 74.50176499999999,21.75445333333333,326.02081335712 74.50176333333334,21.75444333333333,326.1207897305422 74.50176333333334,21.75443166666667,325.9207626967911 74.50176499999999,21.75442,325.72073611792 74.50176166666667,21.754405,325.4207004504401 74.50176,21.75439333333334,325.1206729617067 74.50176166666667,21.75437833333334,324.9206386589378 74.50176166666667,21.75436333333334,324.8206039012178 74.50175833333333,21.75434833333334,325.1205682333556 74.50176,21.75433333333334,325.6205339306667 74.50176166666667,21.75431833333334,326.0204996280578 74.50176333333334,21.75430166666667,326.7204614635644 74.50176,21.75428833333334,327.3204296573867 74.50175833333333,21.754275,327.2203983063333 74.501755,21.75426166666667,327.1203664999067 74.50174833333334,21.75425166666666,327.0203415066711 74.50174166666667,21.75424333333334,326.9203203752445 74.50173666666666,21.75423,326.7202881129066 74.50173666666666,21.75422,326.6202649406933 74.50173333333333,21.75421,326.8202408576 74.50172833333333,21.75420166666667,326.8202201809912 74.50172500000001,21.75419,326.6201922356 74.50172333333333,21.75417666666666,326.8201608835378 74.50172333333333,21.75416333333333,326.7201299869689 74.50172166666667,21.75415166666667,326.4201024968756 74.50171666666667,21.75414,326.0200740954667 74.50171666666667,21.75412666666667,326.1200431987556 74.50171166666668,21.75411166666667,326.2200070728489 74.50170666666666,21.7541,326.1199786709334 74.50170166666666,21.75408666666666,325.8199464067022 74.50169833333332,21.75407666666667,325.4199223223378 74.501695,21.754065,325.01989437572 74.50169,21.75405166666667,325.01986211096 74.50168333333333,21.754035,325.0198216657333 74.50167833333333,21.75402166666667,325.0197894004845 74.50167666666667,21.754015,325.01977349576 74.50167666666667,21.75400666666667,325.2197541847822 74.50167499999999,21.75399833333334,325.4197344178 74.50167,21.75399333333333,326.0197214631467 74.50166666666668,21.753985,326.11970124 74.50166333333333,21.753975,325.9196771545334 74.50166166666666,21.75396166666667,326.2196458005822 74.50166333333333,21.75394833333333,325.9196153588356 74.50166166666666,21.75393666666666,325.9195878670489 74.50165666666666,21.75392833333334,326.0195671872978 74.501655,21.75392,325.81954741984 74.50165,21.75390833333334,326.0195190153333 74.50164666666666,21.753895,326.11948720464 74.50164666666666,21.75388166666666,326.2194563064355 74.50164333333333,21.75386666666667,326.5194206332445 74.50163999999999,21.75385666666667,326.2193965467733 74.50163500000001,21.75384666666666,326.0193720037867 74.50162666666667,21.75383333333333,326.1193388231111 74.50162333333333,21.75382166666667,325.7193108738578 74.50161833333333,21.75381,325.6192824679733 74.50161833333333,21.75380166666666,325.4192631562178 74.50161499999999,21.75379166666666,325.319239069 74.50161166666666,21.75378166666667,325.1192149816756 74.501605,21.75377333333333,325.1191938434134 74.5016,21.75376,324.9191615744001 74.50159499999999,21.75374666666666,325.0191293051734 74.50159333333333,21.75373666666667,325.0191056739911 74.50159666666667,21.75372666666666,325.1190834129422 74.50159666666667,21.75371666666667,325.0190602384889 74.50159333333333,21.753705,324.7190322880533 74.50158499999999,21.753695,324.51900682948 74.50158333333334,21.75368333333333,324.3189793355556 74.50158333333334,21.75366833333333,323.7189445735556 74.50158166666667,21.753655,323.91891321708 74.50157833333333,21.753645,323.8188891284934 74.501575,21.75363333333333,323.7188611773333 74.50157333333333,21.75362,323.2188298205867 74.50156833333334,21.75361,323.21880527464 74.50156833333334,21.75360166666667,323.4187859622178 74.50157166666666,21.75359166666666,323.6187637014889 74.50156833333334,21.75357833333333,323.3187318874355 74.50156666666666,21.75356666666666,323.4187043928889 74.501565,21.75356,323.31868848576 74.50156166666667,21.75355,322.9186643964001 74.50156166666667,21.75354,322.8186412213867 74.50155666666666,21.75352833333333,322.9186128120978 74.50155666666666,21.75351666666666,322.7185857744889 74.50155333333333,21.75350166666666,322.8185500971911 74.50154833333333,21.75348666666666,323.0185139623645 74.50154500000001,21.753475,322.8184860098 74.50154000000001,21.75346,322.61844987456 74.50153666666667,21.75344666666667,322.2184180591289 74.50152833333333,21.75343166666666,321.9183810084311 74.50152333333334,21.75342333333333,321.9183603228623 74.50152333333334,21.75341666666667,321.8183448724445 74.501525,21.75340666666667,321.7183221544 74.50152333333334,21.753395,322.2182946585867 74.50151833333332,21.75337833333333,322.4182546595689 74.50151666666667,21.753365,322.3182233009334 74.50151833333332,21.75335166666667,322.2181928576845 74.50151666666667,21.75334166666666,322.1181692242222 74.50151333333334,21.75332833333334,322.1181374076623 74.50150833333333,21.75331833333333,321.8181128584222 74.50150499999999,21.75330666666667,321.6180849042134 74.50150499999999,21.753295,321.31805786564 74.50150166666667,21.75328166666667,321.0180260485822 74.50149833333333,21.75327,320.8179980940533 74.50149333333334,21.75325833333333,320.5179696814222 74.50149,21.75324666666667,320.2179417266133 74.501485,21.75323666666667,319.8179171763467 74.50148166666666,21.753225,319.3178892212667 74.501475,21.75321666666667,319.0178680753334 74.50146666666666,21.753205,318.8178387456001 74.50145999999999,21.75319166666667,319.1178060109334 74.50145333333333,21.753175,319.5177655504 74.50144666666667,21.753165,320.0177405407467 74.50144,21.753155,320.51771553088 74.50143333333334,21.75314666666667,320.6176943836445 74.50142333333334,21.75313333333333,320.4176607310223 74.50141499999999,21.75312333333333,320.0176352621066 74.50140833333333,21.753115,319.7176141142 74.50140166666667,21.75310833333333,319.6175968290445 74.501395,21.7531,319.2175756808 74.50138833333334,21.75309,318.9175506694133 74.50138333333332,21.75308166666667,318.6175299792445 74.50137833333334,21.75307166666666,318.5175054259511 74.50137833333334,21.75306,318.1174783850134 74.50137333333333,21.75305166666667,318.0174576944711 74.50136666666667,21.75304333333333,317.7174365452444 74.50135833333334,21.75303166666667,317.9174072111778 74.50134833333333,21.75302166666667,317.8173812812578 74.50134,21.753015,317.51736353584 74.50133000000001,21.75300333333333,317.51733374224 74.50131833333333,21.752995,317.51731121588 74.50131166666667,21.75298833333333,317.5172939284844 74.50130666666668,21.75298,317.1172732364801 74.50129833333334,21.75297333333333,317.2172554900622 74.50129,21.75296666666667,317.4172377434667 74.50127833333333,21.75296166666667,317.6172229424045 74.50126666666667,21.752955,318.0172042778667 74.50125833333333,21.75294833333333,318.2171865306889 74.50125166666666,21.75293833333334,318.6171615154979 74.50124166666666,21.75292833333333,318.8171355823778 74.50123166666667,21.75292,318.91711351232 74.50122166666667,21.75291333333333,319.1170953054045 74.50121,21.752905,319.21707277592 74.50120166666667,21.75289666666667,319.2170511640089 74.50119666666666,21.75289,319.51703433328 74.50118666666667,21.75288166666667,319.7170122620089 74.50117666666667,21.75287666666667,319.7169979175289 74.50117,21.75286833333333,319.7169767638133 74.50116166666666,21.75285833333333,319.4169512873111 74.50115333333333,21.75285166666667,319.1169335377245 74.50114499999999,21.75284666666666,318.6169196515734 74.501135,21.75284333333333,318.51690916984 74.50112166666666,21.75283666666667,318.3168900424623 74.50111166666667,21.75282833333333,318.0168679693378 74.50110333333333,21.75282,317.9168463550934 74.50109333333333,21.75281333333333,318.0168281452089 74.50108333333333,21.75280833333334,318.1168137988889 74.50107333333334,21.75280833333334,318.2168110438222 74.50106166666666,21.752805,318.3168001019067 74.50105000000001,21.75280333333334,318.5167930237334 74.50104333333334,21.75279666666667,318.7167757314311 74.50103333333333,21.75279333333334,318.9167652483556 74.50102833333334,21.75279333333334,318.9167638707023 74.50102166666667,21.75279333333334,318.5167620338311 74.50101500000001,21.752795,318.31676406092 74.50100333333333,21.75279666666667,318.3167647104178 74.50099333333333,21.75279666666667,318.3167619551645 74.50097833333332,21.752795,318.7167539582267 74.50096666666667,21.752795,319.1167507437333 74.50095166666667,21.75279666666667,319.2167504749422 74.50094,21.75280333333334,319.61676271712 74.50093,21.752805,320.11676382616 74.50092333333333,21.75281333333333,319.9167813104356 74.50091666666667,21.75281666666666,320.4167872022223 74.50090666666667,21.75282333333334,320.7167999042845 74.50089833333332,21.75282666666667,320.8168053371378 74.50089333333334,21.75282833333333,321.0168078240356 74.50088666666667,21.75283333333334,321.2168175804445 74.50087833333333,21.75284,321.2168307421867 74.50086833333333,21.75284833333334,321.0168473093822 74.50085666666668,21.75285666666667,321.1168634177956 74.50084666666666,21.75286833333333,321.2168877143644 74.50083500000001,21.75287666666667,321.01690382344 74.50082999999999,21.752885,321.01692176872 74.50082333333333,21.752895,321.1169431196533 74.50081333333333,21.752905,321.01696355296 74.50079833333332,21.752915,320.9169826099067 74.50078666666667,21.75291833333333,320.6169871267912 74.50078000000001,21.75292833333333,320.6170084787734 74.50077,21.75293333333333,320.5170173194667 74.50076,21.75294,320.21703002496 74.50075,21.75294666666667,319.8170427306667 74.50073833333333,21.75295,319.3170472484001 74.50072833333334,21.752955,319.0170560897733 74.500715,21.75296166666667,318.6170678785201 74.50070666666667,21.75297,318.4170849085867 74.50069499999999,21.75297333333333,318.4170894269867 74.50068833333333,21.75297833333333,318.6170991865289 74.50068,21.752985,318.31711235232 74.50066833333334,21.752995,318.31713233068 74.50066166666667,21.753005,318.4171536853734 74.50065333333333,21.753015,318.3171745816534 74.50064500000001,21.75302833333334,318.3172032080934 74.50063833333334,21.75303666666667,318.5172206985511 74.50063333333333,21.75304666666667,318.8172425127111 74.50063,21.75305833333334,319.2172686505334 74.50062666666666,21.75307166666666,319.4172986534756 74.50062166666666,21.75308666666666,319.4173320631289 74.50061666666667,21.7531,319.3173616080001 74.50061333333333,21.75311166666667,319.5173877464178 74.50061166666666,21.75312666666667,319.9174220733689 74.50060833333333,21.75313833333333,320.6174482120222 74.50060666666667,21.75315,321.2174748090666 74.50060833333333,21.75316,321.5174984576 74.50060333333333,21.75317,321.8175202732267 74.50059833333333,21.75318166666667,321.9175459540845 74.50059166666666,21.75319833333333,322.1175827722445 74.500585,21.753215,322.1176195907601 74.50058166666666,21.75322833333333,322.0176495954978 74.50057833333334,21.75324,322.0176757352534 74.500575,21.753255,322.0177096054 74.500575,21.75326666666666,322.1177366613334 74.50057666666666,21.75327833333333,322.5177641751911 74.50058,21.75329333333333,322.81779987712 74.50058166666666,21.75331166666667,323.2178428512756 74.50058166666666,21.75332333333333,323.3178699070845 74.50058,21.75333666666667,323.3179003702401 74.50058166666666,21.75334666666667,323.3179240187022 74.50058333333332,21.75335333333333,322.7179399368889 74.500585,21.753365,322.51796745036 74.500585,21.75337833333333,322.7179983712133 74.50058166666666,21.75339,322.7180245117066 74.50058,21.75340333333333,323.11805497504 74.50057666666666,21.75341666666667,323.4180849808889 74.50057833333334,21.75342666666666,323.7181086291911 74.50058333333332,21.75344166666666,323.7181447877778 74.50059,21.75345333333333,323.6181736733867 74.500595,21.75346166666667,323.81819437116 74.50060333333333,21.75347,323.7182159836267 74.50060666666667,21.75348166666667,323.4182439537956 74.50060499999999,21.75349166666667,323.4182666867334 74.50060666666667,21.7535,323.9182864693334 74.50060833333333,21.75350833333334,324.2183062518889 74.50061000000001,21.75352,324.31833376448 74.500615,21.75353166666666,324.3183621915067 74.50061833333332,21.75354333333333,324.0183901611289 74.500625,21.753555,324.1184190450001 74.50063333333333,21.75356666666666,324.4184483857778 74.50064500000001,21.75357666666666,324.3184747755467 74.50065166666667,21.753585,324.4184959287067 74.50065666666666,21.75359333333333,324.7185166246044 74.50066166666667,21.753605,324.9185450501734 74.500665,21.753615,325.3185691536401 74.500665,21.75363,325.21860393768 74.50066333333332,21.75364166666667,325.4186305349778 74.50066,21.75365333333333,325.4186566754134 74.50066166666667,21.753665,325.3186841866533 74.50066166666667,21.75367333333334,325.5187035111645 74.500665,21.75368,325.71871988448 74.50066833333334,21.75369166666667,326.0187478523778 74.50067666666668,21.75370166666666,326.4187733256623 74.50068666666667,21.753715,326.51880698512 74.50069499999999,21.75372666666666,326.6188363226133 74.50070000000001,21.753745,326.4188802056 74.50070833333332,21.75375666666666,326.3189095424444 74.500715,21.753765,326.61893069284 74.500725,21.75377,326.6189450268 74.50073999999999,21.75377833333334,326.1189684597867 74.50075166666667,21.753785,325.4189871145734 74.500755,21.75379666666667,325.2190150802933 74.50075333333332,21.75381,324.9190455410134 74.50075,21.75382666666667,324.4190832746667 74.50074666666666,21.75384,324.5191132791467 74.50074666666666,21.75385666666667,324.0191519259022 74.50074833333333,21.75387,323.8191832996533 74.50075333333332,21.75387833333333,323.6192039919823 74.50076166666666,21.75388833333333,323.3192294614178 74.50077166666667,21.753895,323.4192476576401 74.50078166666667,21.753905,323.3192735828134 74.50079166666666,21.75391,323.019287914 74.500795,21.75391666666667,323.1193042846667 74.50079666666667,21.75392666666666,323.1193279281422 74.50079333333333,21.753935,323.8193463385067 74.50079166666666,21.75395,324.3193806633333 74.50079166666666,21.75396,324.7194038506667 74.50078666666667,21.75397166666666,325.1194295343289 74.50078333333333,21.75398166666666,325.4194518096445 74.50077833333333,21.75399,325.3194697644533 74.50078166666667,21.75399666666666,325.6194861348356 74.50078666666667,21.75400666666667,326.0195106902756 74.50079333333333,21.75401833333334,326.5195395660622 74.50079833333332,21.75402833333333,326.3195641211423 74.5008,21.75403166666667,326.2195723061333 74.500805,21.75403166666667,326.01957367388 74.500805,21.75403333333334,325.6195775384001 74.50080666666666,21.75403333333334,325.4195779943112 74.50080833333332,21.754035,325.5195823147333 74.50081,21.754035,325.41958277064 74.50081,21.75403333333334,325.5195789061333 74.50081,21.75403333333334,325.6195789061334 74.50081,21.75403333333334,325.6195789061334 74.50080833333332,21.75403166666667,325.6195745857111 74.50080833333332,21.75403166666667,325.6195745857111 74.50080833333332,21.75403166666667,325.6195745857111 74.50080833333332,21.75403166666667,325.6195745857111 74.50080833333332,21.75403166666667,325.6195745857111 74.50080833333332,21.75403166666667,325.6195745857111 74.50080833333332,21.75403166666667,325.6195745857111 74.50080833333332,21.75403166666667,325.6195745857111 74.50080833333332,21.75403166666667,325.6195745857111 74.50080833333332,21.75403166666667,325.6195745857111 74.50080833333332,21.75403166666667,325.6195745857111 74.50080833333332,21.75403166666667,325.6195745857111 74.50080833333332,21.75403166666667,325.6195745857111 74.50082666666667,21.75404833333334,325.2196182454044 74.50082999999999,21.754055,325.51963461496 74.50083333333333,21.75406333333334,325.7196548488889 74.50084,21.75407333333333,325.7196798587734 74.500845,21.75408333333333,325.8197044126667 74.50084833333334,21.754095,325.9197323750534 74.50085166666666,21.75410833333334,326.0197642017112 74.50085666666668,21.75412166666667,326.0197964839022 74.50085833333333,21.754135,325.9198278546 74.50086166666667,21.754145,325.8198519520934 74.500865,21.754155,325.8198760494801 74.50087166666667,21.75416666666667,326.0199049222222 74.50087833333333,21.754175,326.1199260660667 74.50088666666667,21.75418666666667,326.119955393849 74.50089,21.75419833333334,325.9199833549067 74.50089666666666,21.75421333333334,325.9200199552712 74.500895,21.754225,325.9200465498 74.50089666666666,21.75423666666666,326.0200740551289 74.50089666666666,21.75425,326.0201049693334 74.50089833333332,21.75426166666667,326.0201324745644 74.5009,21.754275,326.020163844 74.50090166666668,21.75428,325.9201758920534 74.50090666666667,21.75429,325.7202004433067 74.50091166666667,21.75430166666667,325.5202288586356 74.50091500000001,21.75431333333334,325.4202568186134 74.50091999999999,21.754325,325.1202852336 74.50092500000001,21.75433666666667,325.1203136484 74.50093166666667,21.75434666666667,324.9203386539023 74.50094,21.754355,324.8203602500801 74.50095333333334,21.754365,324.6203870752533 74.50096499999999,21.75437,324.22040185272 74.50097666666667,21.754375,323.82041663 74.50098833333332,21.75438,323.4204314070934 74.50100166666667,21.75438833333333,323.2204543669644 74.50101500000001,21.75439666666667,323.72047732648 74.50102833333334,21.754405,323.82050028564 74.50104,21.75441333333333,323.9205227895467 74.501045,21.75441833333333,323.52053574588 74.50105499999999,21.75442166666667,323.3205462028934 74.50107,21.75442666666667,323.0205618882134 74.501085,21.75443,322.52057370952 74.50109833333333,21.75444,322.3206005307733 74.50110833333333,21.75445,322.1206264420001 74.50112166666666,21.754455,321.9206416714267 74.50113666666667,21.75446,321.9206573554134 74.50114499999999,21.754465,321.62067122012 74.50115000000001,21.75447166666667,321.8206880388 74.50116,21.754475,322.0206984944 74.50117,21.75448166666667,322.3207166769867 74.50117666666667,21.75449166666666,322.4207416770222 74.50118166666667,21.7545,322.3207623586667 74.50118666666667,21.75451,321.92078690368 74.50118833333333,21.75452,321.8208105393067 74.50118833333333,21.75453166666667,321.5208375837911 74.50118999999999,21.754545,321.4208689463201 74.50119333333333,21.75455666666667,321.1208968998045 74.50119500000001,21.75456666666667,320.8209205352 74.50118833333333,21.75457833333333,320.7209457617289 74.50118166666667,21.754585,320.62095939796 74.50117166666668,21.75459166666667,320.7209721254889 74.50116166666666,21.75459166666667,320.7209693989556 74.50115166666666,21.75459166666667,320.7209666724222 74.50114000000001,21.75459166666667,320.9209634914668 74.501125,21.75459,320.920955538 74.50111166666667,21.75458666666667,321.1209441751822 74.50109666666667,21.75458333333334,320.9209323577778 74.50108333333333,21.75457833333333,321.0209171308889 74.50107,21.75457,321.12089417616 74.50105833333333,21.75456666666667,320.9208832671112 74.50104833333333,21.754565,320.6208766763067 74.50104333333334,21.754565,320.0208753128267 74.50103833333333,21.75456333333333,319.8208700854489 74.50103166666666,21.75456333333333,319.8208682674577 74.50101833333333,21.75456166666667,319.3208607675245 74.50100500000001,21.75456166666667,319.0208571315067 74.50099,21.75456333333333,319.0208569050134 74.500975,21.75456333333333,319.1208528145334 74.50096333333333,21.75456666666667,319.0208573612445 74.50095166666667,21.75457,318.92086190808 74.50094166666666,21.75457,318.9208591812001 74.50092833333333,21.75457,318.72085554536 74.50091833333333,21.75456666666667,318.5208450900445 74.50090833333334,21.75456333333333,318.3208346346223 74.50089333333334,21.75455833333333,318.0208189512889 74.50088000000001,21.75455666666667,317.82081145088 74.50086833333333,21.75455166666666,317.4207966762178 74.500855,21.75454333333333,317.1207737180534 74.50084,21.754535,316.9207503049601 74.50082666666667,21.75452833333333,316.8207312105245 74.50081333333333,21.75452333333333,316.7207159803022 74.50080166666666,21.754515,316.4206934754267 74.50079000000001,21.75451,316.22067869936 74.50078000000001,21.7545,316.020652784 74.50076833333333,21.75449166666666,315.8206302782445 74.500755,21.75448166666667,315.6206034528133 74.50074500000001,21.754475,315.5205852658 74.50073333333333,21.75447166666667,315.3205743532445 74.500725,21.75446666666667,315.5205604853333 74.50071833333332,21.75446166666666,315.5205470720578 74.50070833333332,21.75445166666667,315.4205211547778 74.50069499999999,21.75443833333333,315.5204865979067 74.50068333333334,21.75443,315.4204640898667 74.50067166666666,21.75442,315.52043771664 74.50066166666667,21.75441333333333,315.9204195277512 74.50065333333333,21.75440333333334,316.3203940637156 74.50064666666667,21.754395,316.9203729193067 74.50063666666667,21.75438833333333,316.6203547297512 74.50062666666666,21.75438,316.5203326749867 74.500615,21.75437166666666,316.0203101649467 74.50060833333333,21.75436333333334,316.0202890196889 74.50060166666667,21.75435,315.9202562790667 74.500595,21.75433833333333,316.1202274032401 74.50059,21.75432833333333,316.1202028473867 74.50058166666666,21.75431833333334,316.3201773810712 74.500575,21.75431333333334,316.2201639650667 74.50056666666666,21.75430833333333,316.2201500937778 74.50055999999999,21.754305,316.52014054272 74.50055500000001,21.7543,316.3201275816 74.50054833333334,21.75429333333333,316.7201102999823 74.50054166666668,21.75428333333333,316.8200852877778 74.50053166666666,21.754275,316.8200632300667 74.50052333333333,21.754265,316.8200377621067 74.50051333333334,21.75425833333334,316.7200195691556 74.50050333333334,21.754255,316.82000910664 74.50049333333332,21.75425166666666,317.1199986440178 74.50048666666666,21.75424666666667,317.5199852265956 74.50047666666666,21.75425,317.8199902253334 74.50046333333333,21.754255,318.21999817896 74.50045166666668,21.75425666666667,318.4199988571822 74.50044,21.75425833333334,318.5199995354667 74.50042833333333,21.75426833333334,318.6200195414356 74.50041666666667,21.75427666666667,318.3200356822222 74.50040666666668,21.75428,318.2200406818133 74.50039333333334,21.754285,317.92004863664 74.50037999999999,21.75429166666667,317.5200604573333 74.50036666666666,21.75430166666667,317.3200800096889 74.50035333333334,21.75431166666666,317.1200995624711 74.50034166666666,21.75432333333333,317.1201234365778 74.50033333333334,21.754335,316.8201482213334 74.50032833333333,21.75434833333334,316.1201777823422 74.50032166666666,21.75435333333333,315.5201875594844 74.50031166666666,21.75435666666666,315.4201925608089 74.50030166666667,21.75436166666667,315.1202014281022 74.50029166666667,21.75436666666667,315.0202102955556 74.50027833333334,21.75437833333334,315.0202337168489 74.50026666666666,21.754385,314.9202459957334 74.50026166666666,21.75439333333334,314.4202639606578 74.50025833333333,21.75440166666666,314.0202823806444 74.50025333333333,21.75440666666667,313.5202926138311 74.50024666666667,21.754415,313.4203101242134 74.50023833333333,21.75442333333334,313.0203271799022 74.50022833333334,21.75443,312.7203399149066 74.50022,21.75443666666667,312.2203531049599 74.50021333333333,21.754445,311.8203706161067 74.50020666666666,21.754455,311.5203919935466 74.50019333333333,21.75446333333333,311.2204076860089 74.50018166666668,21.75447166666667,310.9204238335689 74.50016833333333,21.75448166666667,310.9204433929378 74.50016000000001,21.75449,310.32046045056 74.50015499999999,21.75450166666667,310.2204861502533 74.50014666666667,21.75450833333333,310.4204993420445 74.50013833333334,21.75451833333333,310.8205202666089 74.50013333333332,21.754525,310.820534368 74.50012833333334,21.754535,311.0205562021466 74.50012,21.75454166666667,311.4205693946667 74.50010999999999,21.75453833333334,311.5205589345866 74.50009833333334,21.75453166666667,311.6205402870178 74.50009,21.75453,311.72053414768 74.50008666666666,21.754525,312.1205216392 74.500085,21.75452333333333,312.32051731816 74.50008333333334,21.75452166666667,312.3205129971111 74.50008,21.75451833333333,312.4205043549867 74.50007666666667,21.75451166666667,311.9204879799022 74.50007333333333,21.75451,311.72048320416 74.50006333333334,21.75451166666667,311.8204843428178 74.50005166666666,21.75451666666667,312.2204927599555 74.500035,21.75452,312.42049594688 74.50002500000001,21.75452833333333,312.9205125522 74.50001166666667,21.75453333333333,313.4205205153778 74.49999833333332,21.75454,313.5205327430186 74.49998333333333,21.75454333333333,313.9205399635911 74.499965,21.75454,314.320531603392 74.49995166666666,21.75453833333334,314.7205272807715 74.49994,21.75453833333334,315.2205268818773 74.49992333333333,21.754535,315.520518578368 74.49991166666668,21.75453833333334,315.4205259131343 74.49989333333333,21.75453666666666,315.7205214194062 74.49987833333333,21.75453666666666,316.5205209065102 74.49986666666668,21.75454166666667,316.8205321084445 74.49984666666666,21.75454,317.0205275577173 74.499835,21.754545,317.220538759904 74.49982166666668,21.75455166666666,317.3205537723271 74.49981,21.75455833333333,317.12056884192 74.49979666666667,21.75456166666667,316.7205761205831 74.499785,21.75455333333333,316.2205563864106 74.49977,21.75454833333333,316.5205442723627 74.49976166666667,21.75453833333334,316.6205207844943 74.49975333333333,21.75453,316.5205011636053 74.49974166666667,21.75453,315.8205007645867 74.49972666666666,21.75452833333333,315.3204963843129 74.49971333333333,21.75452,315.020476591872 74.49970333333334,21.754505,314.420441444032 74.49969333333334,21.754485,314.1203946938454 74.49968166666666,21.75446666666667,313.4203517533511 74.499675,21.75445333333333,313.02032058592 74.49966999999999,21.75444333333333,312.4202972101974 74.49966333333333,21.75443333333333,312.2202737771378 74.499655,21.75442666666667,311.6202580214827 74.49964833333334,21.75442,311.1202423229226 74.49963666666666,21.754415,310.520230319936 74.49962499999999,21.754415,310.0202299192 74.49961333333334,21.75440833333334,309.5202140484978 74.4996,21.75439833333333,309.32019038528 74.49958833333334,21.75439,309.2201706465706 74.49957666666666,21.75438,309.4201470400427 74.499565,21.75437166666666,309.5201273008107 74.49955333333334,21.75436,309.9200998260907 74.49954333333334,21.75434666666667,310.0200685407715 74.49953166666666,21.754335,310.1200410653547 74.49951833333333,21.754325,309.92001739984 74.49950666666668,21.75432,310.0200053946027 74.499495,21.75431833333334,309.720001124704 74.49948166666667,21.75431333333334,309.9199890617529 74.49946666666666,21.75430833333333,309.7199769411555 74.499455,21.75430166666667,309.1199610675093 74.49943166666667,21.75429333333333,308.8199409232569 74.49941,21.75428666666667,308.9199247039573 74.49939500000001,21.754285,309.119920318304 74.49938333333333,21.754285,309.2199199156266 74.49936833333332,21.75428166666666,309.3199116618702 74.49935000000001,21.75427666666667,309.8198994248534 74.49933333333334,21.75427,309.9198833770667 74.49931833333333,21.75426666666666,310.0198751228089 74.49930166666667,21.75426,310.3198590745387 74.49929166666668,21.754255,310.5198471245333 74.49928166666668,21.75424833333333,310.9198313062009 74.49927333333333,21.75423833333333,311.2198078088817 74.49925833333333,21.75423,311.2197879490133 74.49924666666668,21.75422333333334,311.6197720724196 74.49923166666667,21.75421333333334,312.0197483436729 74.49921666666667,21.75421,312.7197400878933 74.49920333333333,21.75420666666666,313.3197318896782 74.49919,21.75420666666666,313.7197314281386 74.49917499999999,21.75420666666666,313.8197309089066 74.49916,21.75421,314.119738126592 74.499145,21.75421333333334,314.3197453444053 74.499135,21.75422,314.719760472384 74.49912500000001,21.75422,314.6197601264 74.499115,21.75422,314.319759780416 74.49910333333334,21.75421833333333,314.0197555081884 74.49908833333333,21.75421333333334,313.7197433833458 74.49907833333333,21.75420666666666,313.4197275627449 74.499065,21.75419833333334,313.3197077578986 74.49905666666668,21.75418333333334,313.3196726512356 74.49905166666667,21.75417,313.5196415284906 74.49904666666666,21.75415833333333,313.8196142742755 74.49904166666667,21.75415166666667,314.0195986260444 74.49903500000001,21.75414166666667,314.2195751824533 74.49903333333333,21.75413,314.41954804352 74.49903166666667,21.75411666666666,314.7195170358044 74.49902999999999,21.75410666666667,315.019493765504 74.49902833333334,21.75409833333333,315.4194743639005 74.49902666666667,21.75409166666667,315.6194588310045 74.49902666666667,21.75408666666666,315.8194472247751 74.499025,21.75408,316.11943169184 74.49902333333333,21.75407333333333,316.4194161588765 74.49902333333333,21.75406833333333,316.6194045526258 74.499025,21.75406333333334,316.6193930043734 74.499025,21.75405666666666,316.6193775293867 74.49902666666667,21.75405166666667,316.9193659811698 74.49902833333334,21.75404666666667,316.8193544329743 74.499025,21.75403666666667,316.8193311044267 74.49902166666668,21.75402666666666,316.7193077757938 74.49901833333334,21.75401833333334,316.6192883158365 74.49901666666666,21.75400833333333,316.4192650451556 74.49901666666666,21.75399333333333,316.3192302262756 74.49901666666666,21.75397666666667,316.0191915386312 74.49902166666668,21.753965,315.819164631904 74.49902333333333,21.75395666666667,316.0191453463609 74.49902,21.75394666666667,315.9191220173654 74.49902,21.75393666666666,315.4190988048213 74.49902333333333,21.75392666666666,315.4190757088569 74.49903333333333,21.753915,315.8190489774934 74.49904666666666,21.75390666666666,315.5190301005084 74.49905333333332,21.75389833333334,315.8190109904072 74.49906333333334,21.75389166666666,315.8189958658489 74.49907,21.75388,315.518969018752 74.49907666666667,21.75386666666667,315.5189383032177 74.49908666666667,21.753855,315.3189115734187 74.49909833333332,21.75384666666666,315.4188926395663 74.49911166666668,21.75384166666667,315.1188815015645 74.49912166666667,21.75384,315.6188779838507 74.49913166666667,21.753835,315.4188667291414 74.49914333333332,21.75383166666666,315.5188594015502 74.499155,21.75382333333334,315.9188404686507 74.49917000000001,21.75381833333334,316.4188293899307 74.49918166666666,21.75381,316.5188104575147 74.49919,21.75380166666666,316.8187914082347 74.499195,21.75379333333334,317.4187722419841 74.49920166666668,21.75379166666666,317.7187686079111 74.49920833333334,21.75379,318.1187649738667 74.49921166666667,21.75379333333334,318.3187728277263 74.49921666666667,21.753795,318.2187768717866 74.49921833333333,21.753795,318.2187769303573 74.49921666666667,21.753795,318.2187768717866 74.49921500000001,21.75379666666667,318.2187806815573 74.49921500000001,21.75379833333333,318.1187845498987 74.49921666666667,21.75379833333333,317.8187846084622 74.49921666666667,21.7538,317.8187884768 74.49921666666667,21.7538,317.8187884768 74.49921833333333,21.75378833333333,317.4187614570205 74.49921999999999,21.75377333333333,317.3187267006294 74.49922333333333,21.75376,317.2186958712747 74.49923166666667,21.75374833333334,317.1186690863609 74.49923666666668,21.753735,316.9186383160107 74.49923833333334,21.75372333333333,316.8186112966685 74.49924166666666,21.75370666666667,316.5185727312711 74.499245,21.753695,316.518545770848 74.49924833333333,21.75368,316.1185110739841 74.49925166666667,21.753665,316.218476377248 74.49925833333333,21.753655,316.4184534031467 74.49926000000001,21.75364333333334,316.5184263842987 74.49926000000001,21.75363333333333,316.5184031748267 74.49926166666667,21.75362166666666,316.5183761560498 74.49926666666667,21.75361166666666,316.4183531234845 74.49927,21.75360166666667,316.718330032064 74.49927,21.75359333333333,317.118310690944 74.49926666666667,21.75358833333333,317.3182989682489 74.49925666666667,21.75358666666667,317.2182947459271 74.49924666666668,21.75358166666667,317.4182827870152 74.49923833333334,21.753575,317.41826701872 74.49922666666666,21.75357166666667,317.3182588688071 74.49921666666667,21.75356666666666,317.0182469095111 74.49920999999999,21.75356166666666,316.818235068224 74.49919833333334,21.75355666666667,316.6182230496142 74.49919,21.753555,316.718218885824 74.49918166666666,21.75355166666667,316.8182108535858 74.49917833333333,21.75355333333334,317.2182146038258 74.49917666666667,21.75355333333334,317.3182145447396 74.49917666666667,21.75355166666667,317.5182106763165 74.49917666666667,21.75355,317.3182068078934 74.49917833333333,21.75354833333333,317.1182029985671 74.49917666666667,21.75355,317.2182068078934 74.49917499999999,21.75355,317.3182067488 74.49917499999999,21.75355,317.6182067488 74.49917000000001,21.75354833333333,317.7182027030827 74.49916499999999,21.753545,317.918194788896 74.49916,21.75353833333333,318.0181791377494 74.49915666666668,21.75353166666666,318.0181635456498 74.499155,21.753525,317.81814801264 74.499155,21.75352333333334,318.0181441441707 74.49915,21.75351833333333,318.1181323612801 74.49915,21.75351833333333,318.1181323612801 74.49915,21.75351833333333,318.1181323612801 74.49915,21.75351833333333,318.1181323612801 74.49915,21.75351833333333,318.1181323612801 74.49915,21.75351833333333,318.1181323612801 74.49915,21.75351833333333,318.1181323612801 74.49915,21.75351833333333,318.1181323612801 74.49915,21.75351833333333,318.1181323612801 74.49915,21.75351833333333,318.1181323612801 74.49915,21.75351833333333,318.1181323612801 74.49915,21.75351833333333,318.1181323612801 74.49915,21.75351833333333,318.1181323612801 74.49915,21.75351833333333,318.1181323612801 74.49915,21.75351833333333,318.1181323612801 74.49915,21.75351833333333,318.1181323612801 74.49918333333333,21.75349666666667,319.0180832551823 74.49919333333334,21.75349333333333,319.1180758736498 74.49920333333333,21.75349166666667,319.2180723605689 74.49921666666667,21.75348666666666,319.5180612292978 74.49922833333333,21.75348333333333,319.6180539072711 74.499245,21.75347833333334,319.7180428947947 74.49925833333333,21.753475,320.2180356322667 74.49927,21.75347,320.818024442368 74.49928666666666,21.753465,321.5180134304427 74.49929833333334,21.75346,322.1180022408747 74.49930999999999,21.75345,322.5179794470399 74.49931666666666,21.753445,323.0179680798934 74.49932666666668,21.75344,323.417956831488 74.49934166666667,21.75343833333333,324.0179534973689 74.49935499999999,21.753435,324.317946235936 74.49937,21.75343166666666,324.2179390339626 74.49938166666668,21.75342833333333,324.1179317134116 74.49939500000001,21.75342,323.9179128484481 74.49940333333333,21.75341166666666,323.5178938056035 74.49941666666668,21.75340666666667,322.5178826769778 74.49942833333333,21.75340666666667,322.5178830927716 74.49944499999999,21.753405,322.217879818912 74.49945833333332,21.753405,321.8178802941334 74.49947166666668,21.7534,321.7178691659734 74.49948500000001,21.753395,321.617858037984 74.4995,21.75339333333333,322.0178547050667 74.49951166666666,21.75339166666667,322.7178512533511 74.49952333333334,21.75339166666667,323.2178516693689 74.49953000000001,21.75338833333334,323.5178441717547 74.49953666666667,21.75338666666666,323.7178405418524 74.49954333333334,21.75338166666667,324.1178291766969 74.49955166666668,21.75337166666667,324.8178062682205 74.49955166666668,21.75335833333333,325.1177753272356 74.49954666666666,21.753345,325.0177442076587 74.499545,21.75333166666667,325.1177132070293 74.49954,21.75332,325.117685954816 74.49953666666667,21.75330833333333,325.3176587620623 74.49953000000001,21.753295,325.4176275822721 74.49952666666667,21.75328166666667,325.4175965215858 74.49952499999999,21.75327166666667,325.21757325584 74.49952,21.75326,325.017546002944 74.49951833333333,21.75325,324.7175227370667 74.49951666666666,21.75323833333334,324.3174956034489 74.49951166666666,21.75322666666667,324.1174683502151 74.49950666666668,21.753215,323.717441096832 74.49950166666666,21.75320166666667,324.1174099755698 74.499495,21.75319333333334,324.4173903975041 74.49949166666667,21.75318333333333,324.9173670712889 74.49948999999999,21.75317,325.4173360693761 74.49948833333333,21.75315666666667,325.7173050674062 74.49948166666667,21.753145,326.3172777532694 74.49947999999999,21.75313333333333,326.21725061888 74.49947833333334,21.753125,326.3172312200001 74.49947666666667,21.753115,326.2172079533013 74.49947166666668,21.75310166666667,326.1171768308872 74.49946833333334,21.753085,326.0171380327787 74.49946333333334,21.75307,325.9171030422186 74.49945833333332,21.75305333333333,325.5170641836445 74.499455,21.75304333333333,325.1170408563627 74.49945166666666,21.753035,324.6170213968321 74.49945166666666,21.753025,324.3169981898134 74.49945333333334,21.75301166666667,324.4169673073636 74.499455,21.75300333333333,324.4169480284587 74.49945333333334,21.75298833333333,325.0169131577031 74.49945333333334,21.75297333333333,325.2168783472071 74.49945166666666,21.75296,324.716847344192 74.49945166666666,21.752945,324.616812533664 74.49945333333334,21.75293,324.4167777835519 74.49945333333334,21.75291666666667,324.5167468408889 74.49945333333334,21.75290666666666,324.6167236338916 74.49945166666666,21.75289333333334,324.6166926307342 74.499455,21.75288333333333,324.7166695447467 74.49945666666667,21.75287,325.316638662656 74.49946,21.75285666666667,325.7166078411947 74.49946,21.75284333333333,325.7165768986453 74.49946166666668,21.75283333333334,325.9165537523556 74.49946333333334,21.75282,326.1165228704854 74.49946333333334,21.75280666666667,325.9164919279929 74.49946166666668,21.75279166666667,325.7164570569778 74.49946166666668,21.75277666666667,325.7164222466417 74.49946166666668,21.75276333333334,325.616391304121 74.49946333333334,21.75275,325.7163604224 74.49946333333334,21.75273833333333,326.3163333477191 74.49946,21.75272166666667,326.5162945478827 74.49945833333332,21.75271,326.4162674122667 74.49945833333332,21.75269833333333,326.3162403375111 74.49946,21.752685,326.116209455872 74.49945833333332,21.75267,325.5161745845334 74.49945333333334,21.75265333333333,325.3161357232925 74.49945166666666,21.75264,325.0161047195946 74.49945166666666,21.75262666666667,324.8160737769031 74.49945666666667,21.75261666666667,325.0160507531378 74.49945833333332,21.75260333333333,325.0160198716445 74.49946166666668,21.75258833333333,325.0159851835342 74.49945666666667,21.75257333333333,325.1159501896676 74.499455,21.75256,325.315919185856 74.49945666666667,21.75254833333333,325.2158921722809 74.49946166666668,21.752535,325.2158614134507 74.49946166666668,21.75252333333334,325.2158343387449 74.49946166666668,21.75251,324.915803396224 74.49946333333334,21.75249833333333,324.9157763828551 74.49946666666666,21.75249,324.9157571665067 74.49946833333334,21.75248,324.815734021056 74.49947,21.75246666666667,324.6157031400534 74.49947,21.752455,324.615676065472 74.49947,21.75244166666666,324.8156451230934 74.49947166666668,21.75243166666667,325.3156219777885 74.49947333333333,21.75242,326.115594964736 74.499475,21.75241166666666,326.8155756873067 74.49947833333334,21.75239833333334,327.2155448681138 74.49947999999999,21.75238666666667,327.015517855232 74.49948166666667,21.75237,326.4154792390827 74.49948500000001,21.75236,326.315456155712 74.49948500000001,21.75234833333333,326.1154290813547 74.49947999999999,21.75233666666666,325.9154018219521 74.49948166666667,21.75232666666667,325.8153786769991 74.49948333333333,21.75231166666667,325.8153439287822 74.49948333333333,21.75229666666667,326.0153091188622 74.49948333333333,21.752285,326.21528204448 74.49948333333333,21.75227333333333,326.2152549700978 74.49948500000001,21.75226166666666,326.1152279575574 74.49948500000001,21.75224833333333,326.1151970154347 74.49948500000001,21.752235,326.315166073312 74.49948500000001,21.75222,326.215131263424 74.49948500000001,21.75220833333334,326.1151041890667 74.49948500000001,21.752195,326.015073246944 74.49948999999999,21.75218166666667,326.5150424908587 74.49949166666667,21.75217166666666,326.5150193463645 74.499495,21.75216333333334,326.3150001317121 74.4995,21.75215666666666,326.2149848469334 74.49950333333332,21.75214833333333,325.9149656324338 74.49950333333332,21.75214,325.6149462938027 74.499505,21.75212666666666,325.5149154141226 74.49951,21.75211833333334,326.014896261952 74.49951,21.752105,326.314865320256 74.49951333333334,21.75209166666667,326.2148345029689 74.49951333333334,21.75208,326.0148074290347 74.49951166666666,21.75206666666666,326.0147764251378 74.49951166666666,21.75205833333333,326.3147570865956 74.49951166666666,21.75204833333333,326.5147338803449 74.49951333333334,21.75203166666667,326.7146952655929 74.499515,21.752015,326.514656650912 74.49952166666667,21.75200166666667,326.4146259588871 74.49952666666667,21.75198833333333,326.2145952046649 74.49953000000001,21.75197333333333,325.9145605204907 74.49953166666666,21.75196166666666,325.4145335092871 74.49953499999999,21.75195166666667,325.1145104282987 74.49954666666666,21.75194333333333,324.9144915276516 74.49954833333332,21.75193166666666,324.7144645167609 74.49955333333334,21.75192333333333,324.6144453663005 74.49955666666666,21.75191333333333,324.6144222857529 74.49956,21.7519,324.41439147008 74.499565,21.75189,324.314368452352 74.49957333333333,21.75187666666666,323.9143378249103 74.49957833333333,21.75186333333334,323.8143070723698 74.49958333333333,21.75185166666667,323.6142801875556 74.49959166666666,21.75184,323.6142534283734 74.49960166666666,21.75183,323.8142305997227 74.49961166666667,21.75182,323.714207771328 74.49962333333333,21.75181,323.4141850059947 74.49963,21.7518,323.21416205248 74.499635,21.75178666666666,322.9141313013973 74.49964166666668,21.751775,322.7141044808 74.49965,21.75176833333333,322.5140893255467 74.49965999999999,21.75176,322.014070365952 74.49966833333333,21.75174833333333,321.8140436088925 74.49967833333334,21.75173666666667,321.7140169150435 74.49968833333334,21.75172333333333,321.4139863541618 74.4997,21.75171333333333,321.7139635912533 74.49971000000001,21.75170333333333,321.8139407656107 74.49971833333333,21.75169333333333,321.6139178771698 74.49972833333332,21.75168333333334,321.4138950520178 74.49973333333334,21.75167166666667,321.3138681705956 74.49973833333334,21.75166166666667,321.4138451565476 74.49974333333333,21.75165166666666,321.9138221426276 74.49974833333334,21.75164166666667,322.8137991288356 74.49975666666666,21.75163,323.3137723743574 74.49977,21.75162166666667,324.0137535440853 74.49978,21.75161,324.113726853376 74.499785,21.751595,324.513692238944 74.49979166666667,21.75158333333333,325.2136654222222 74.49980166666666,21.75157333333333,325.6136425994169 74.49981166666666,21.75156666666667,325.8136275110045 74.49982166666668,21.75155666666667,326.0136046886685 74.49982833333334,21.75154833333334,326.6135856068872 74.499835,21.75154,326.813566525248 74.49984166666667,21.75153,326.5135435767467 74.49984833333333,21.75152166666667,326.6135244954063 74.49985166666667,21.751515,326.2135091543147 74.499855,21.75151333333333,325.913505414208 74.49986166666666,21.75151,325.8134979340373 74.49986666666668,21.75150166666667,325.8134787896178 74.49987,21.75149166666667,325.61345571488 74.499875,21.75148,325.3134288368 74.49988,21.75146666666667,325.0133980919467 74.49988666666667,21.751455,324.9133712777387 74.49989833333333,21.75144166666666,324.5133407876089 74.49990833333332,21.75142833333333,324.3133102342578 74.49991666666666,21.75141833333333,323.8132873512889 74.49992666666667,21.75141,323.4132683990187 74.49993333333333,21.75140166666667,323.1132493196089 74.49994166666667,21.75139166666667,323.0132264372445 74.49994833333334,21.751385,323.113211224928 74.49995666666668,21.751375,323.1131883429334 74.49996666666667,21.75136333333333,322.9131616581689 74.49998000000001,21.75135,322.71313123456 74.49998666666667,21.75133833333333,322.6131044228409 74.49999666666666,21.75132666666667,322.4130777389938 74.49999833333332,21.75131,322.413039136128 74.50000666666666,21.75129666666667,322.6130101195022 74.50001833333334,21.75128666666667,322.5129901622578 74.50002500000001,21.75128,322.4129765488 74.50003166666667,21.75127,322.4129552023201 74.50003666666666,21.75126,322.6129333927467 74.50004,21.75125,323.21291112 74.50004333333332,21.75123833333334,323.9128849808089 74.50004833333334,21.751225,324.3128554386 74.500055,21.75121333333333,324.61283022656 74.50006166666667,21.75120166666666,324.9128050147689 74.50007000000001,21.75119166666667,325.1127841332 74.50007833333333,21.75118166666667,325.2127632518978 74.500085,21.75117333333333,325.51274577376 74.50009333333334,21.75116666666667,325.7127326257778 74.50010166666667,21.751155,326.2127078787867 74.50010999999999,21.75114666666667,326.5126908648533 74.50012166666667,21.75113333333334,326.4126631793778 74.50013166666666,21.75112333333333,326.5126427633511 74.50013833333334,21.75111666666667,326.7126291528444 74.500145,21.75111166666666,326.81261940876 74.50015833333333,21.751105,327.0126076534 74.50017,21.75110166666667,327.0126031670134 74.50018166666668,21.75109666666667,327.2125948145689 74.50018666666666,21.75109,327.21258074112 74.50019333333333,21.75108166666666,327.0125632654044 74.50019999999999,21.75107666666667,327.0125535221334 74.50020500000001,21.751075,327.3125510474 74.50021166666667,21.751075,327.7125529026 74.50021833333334,21.751075,327.9125547578 74.500225,21.751075,328.412556613 74.500235,21.75107666666667,328.3125632618401 74.50024666666667,21.75107833333333,328.4125703744178 74.50025333333333,21.75107666666667,328.5125683635911 74.50026333333334,21.75107666666667,328.8125711463645 74.50027,21.75107666666667,329.1125730015467 74.50027833333334,21.75107,329.4125598568267 74.50028500000001,21.75106166666667,329.6125423825467 74.50028833333334,21.751055,329.5125278466267 74.50029333333333,21.751055,329.4125292381867 74.50029666666666,21.751055,329.2125301658933 74.50029666666666,21.75105333333333,328.8125263000178 74.50029666666666,21.75105333333333,328.5125263000178 74.50029833333333,21.75105666666667,328.4125344956178 74.50029833333333,21.75106,328.21254222736 74.50029833333333,21.75106166666667,327.9125460932312 74.50029666666666,21.75106333333333,327.5125494952711 74.50029666666666,21.75106166666667,326.9125456293956 74.50029666666666,21.75106166666667,326.9125456293956 74.50029666666666,21.75106166666667,326.9125456293956 74.50029666666666,21.75106166666667,326.9125456293956 74.50029666666666,21.75106166666667,326.9125456293956 74.50029666666666,21.75106166666667,326.9125456293956 74.50029666666666,21.75106166666667,326.9125456293956 74.50029666666666,21.75106166666667,326.9125456293956 74.50029666666666,21.75106166666667,326.9125456293956 74.50029666666666,21.75106166666667,326.9125456293956 74.50029666666666,21.75106166666667,326.9125456293956 74.50029666666666,21.75106166666667,326.9125456293956 74.50029666666666,21.75106166666667,326.9125456293956 74.50029666666666,21.75106166666667,326.9125456293956 74.50029666666666,21.75106166666667,326.9125456293956 74.50029666666666,21.75106166666667,326.9125456293956 74.50029666666666,21.75106166666667,326.9125456293956 74.50029666666666,21.75106166666667,326.9125456293956 74.50029666666666,21.75106166666667,326.9125456293956 74.50029666666666,21.75106166666667,326.9125456293956 74.50029666666666,21.75106166666667,326.9125456293956 74.50029666666666,21.75106166666667,326.9125456293956 74.50029666666666,21.75106166666667,326.9125456293956 74.50029666666666,21.75106166666667,326.9125456293956 74.50029666666666,21.75106166666667,326.9125456293956 74.50029666666666,21.75106166666667,326.9125456293956 74.50029666666666,21.75106166666667,326.9125456293956 74.50029666666666,21.75106166666667,326.9125456293956 74.50029666666666,21.75106166666667,326.9125456293956 74.50029666666666,21.75106166666667,326.9125456293956 74.50029666666666,21.75106166666667,326.9125456293956 74.50029666666666,21.75106166666667,326.9125456293956 74.50029666666666,21.75106166666667,326.9125456293956 74.50029666666666,21.75106166666667,326.9125456293956 74.50029666666666,21.75106166666667,326.9125456293956 74.50029666666666,21.75106166666667,326.9125456293956 74.50029666666666,21.75106166666667,326.9125456293956 74.50029666666666,21.75106166666667,326.9125456293956 74.50029666666666,21.75106166666667,326.9125456293956 74.50029666666666,21.75106166666667,326.9125456293956 74.50029666666666,21.75106166666667,326.9125456293956 74.50029666666666,21.75106166666667,326.9125456293956 74.50029666666666,21.75106166666667,326.9125456293956 74.50029666666666,21.75106166666667,326.9125456293956 74.50029666666666,21.75106166666667,326.9125456293956 74.50029666666666,21.75106166666667,326.9125456293956 74.50029666666666,21.75106166666667,326.9125456293956 74.50029666666666,21.75106166666667,326.9125456293956 74.50029666666666,21.75106166666667,326.9125456293956 74.50029666666666,21.75106166666667,326.9125456293956 74.50029666666666,21.75106166666667,326.9125456293956 74.50029666666666,21.75106166666667,326.9125456293956 74.50029666666666,21.75106166666667,326.9125456293956 74.50029666666666,21.75106166666667,326.9125456293956 74.50029666666666,21.75106166666667,326.9125456293956 74.50029666666666,21.75106166666667,326.9125456293956 74.50029666666666,21.75106166666667,326.9125456293956 74.50029666666666,21.75106166666667,326.9125456293956 74.50029666666666,21.75106166666667,326.9125456293956 74.50029666666666,21.75106166666667,326.9125456293956 74.50029666666666,21.75106166666667,326.9125456293956 74.50029666666666,21.75106166666667,326.9125456293956 74.50029666666666,21.75106166666667,326.9125456293956 74.50029666666666,21.75106166666667,326.9125456293956 74.50029666666666,21.75106166666667,326.9125456293956 74.50029666666666,21.75106166666667,326.9125456293956 74.50029666666666,21.75106166666667,326.9125456293956 74.50029666666666,21.75106166666667,326.9125456293956 74.50029666666666,21.75106166666667,326.9125456293956 74.50029666666666,21.75106166666667,326.9125456293956 74.50029666666666,21.75106166666667,326.9125456293956 74.50029666666666,21.75106166666667,326.9125456293956 74.50029666666666,21.75106166666667,326.9125456293956 74.50029666666666,21.75106166666667,326.9125456293956 74.50029666666666,21.75106166666667,326.9125456293956 74.50029666666666,21.75106166666667,326.9125456293956 74.50029666666666,21.75106166666667,326.9125456293956 74.50029666666666,21.75106166666667,326.9125456293956 74.50029666666666,21.75106166666667,326.9125456293956 74.50029666666666,21.75106166666667,326.9125456293956 74.50029666666666,21.75106166666667,326.9125456293956 74.50029666666666,21.75106166666667,326.9125456293956 74.50029666666666,21.75106166666667,326.9125456293956 74.50029666666666,21.75106166666667,326.9125456293956 74.50029666666666,21.75106166666667,326.9125456293956 74.50029666666666,21.75106166666667,326.9125456293956 74.50029666666666,21.75106166666667,326.9125456293956 74.50029666666666,21.75106166666667,326.9125456293956 74.50029666666666,21.75106166666667,326.9125456293956 74.50029666666666,21.75106166666667,326.9125456293956 74.50029666666666,21.75106166666667,326.9125456293956 74.50029666666666,21.75106166666667,326.9125456293956 74.50029666666666,21.75106166666667,326.9125456293956 74.50029666666666,21.75106166666667,326.9125456293956 74.50029666666666,21.75106166666667,326.9125456293956 74.50029666666666,21.75106166666667,326.9125456293956 74.50029666666666,21.75106166666667,326.9125456293956 74.50029666666666,21.75106166666667,326.9125456293956 74.50029666666666,21.75106166666667,326.9125456293956 74.50029666666666,21.75106166666667,326.9125456293956 74.50029666666666,21.75106166666667,326.9125456293956 74.50029666666666,21.75106166666667,326.9125456293956 74.50029666666666,21.75106166666667,326.9125456293956 74.50029666666666,21.75106166666667,326.9125456293956 74.50029666666666,21.75106166666667,326.9125456293956 74.50029666666666,21.75106166666667,326.9125456293956 74.50029666666666,21.75106166666667,326.9125456293956 74.50029666666666,21.75106166666667,326.9125456293956 74.50029666666666,21.75106166666667,326.9125456293956 74.50029666666666,21.75106166666667,326.9125456293956 74.50029666666666,21.75106166666667,326.9125456293956 74.50029666666666,21.75106166666667,326.9125456293956 74.50029666666666,21.75106166666667,326.9125456293956 74.50029666666666,21.75106166666667,326.9125456293956 74.50029666666666,21.75106166666667,326.9125456293956 74.50029666666666,21.75106166666667,326.9125456293956 74.50029666666666,21.75106166666667,326.9125456293956 74.50029666666666,21.75106166666667,326.9125456293956 74.50029666666666,21.75106166666667,326.9125456293956 74.50029666666666,21.75106166666667,326.9125456293956 74.50029666666666,21.75106166666667,326.9125456293956 74.50029666666666,21.75106166666667,326.9125456293956 74.50029666666666,21.75106166666667,326.9125456293956 74.50029666666666,21.75106166666667,326.9125456293956 74.50029666666666,21.75106166666667,326.9125456293956 74.50029666666666,21.75106166666667,326.9125456293956 74.50029666666666,21.75106166666667,326.9125456293956 74.50029666666666,21.75106166666667,326.9125456293956 74.50029666666666,21.75106166666667,326.9125456293956 74.50029666666666,21.75106166666667,326.9125456293956 74.50029666666666,21.75106166666667,326.9125456293956 74.50029666666666,21.75106166666667,326.9125456293956 74.50029666666666,21.75106166666667,326.9125456293956 74.50029666666666,21.75106166666667,326.9125456293956 74.50029666666666,21.75106166666667,326.9125456293956 74.50029666666666,21.75106166666667,326.9125456293956 74.50029666666666,21.75106166666667,326.9125456293956 74.50029666666666,21.75106166666667,326.9125456293956 74.50029666666666,21.75106166666667,326.9125456293956 74.50029666666666,21.75106166666667,326.9125456293956 74.50029666666666,21.75106166666667,326.9125456293956 74.50029666666666,21.75106166666667,326.9125456293956 74.50029666666666,21.75106166666667,326.9125456293956 74.50029666666666,21.75106166666667,326.9125456293956 74.50029666666666,21.75106166666667,326.9125456293956 74.50029666666666,21.75106166666667,326.9125456293956 74.50029666666666,21.75106166666667,326.9125456293956 74.50029666666666,21.75106166666667,326.9125456293956 74.50029666666666,21.75106166666667,326.9125456293956 74.50029666666666,21.75106166666667,326.9125456293956 74.50029666666666,21.75106166666667,326.9125456293956 74.50029666666666,21.75106166666667,326.9125456293956 74.50029666666666,21.75106166666667,326.9125456293956 74.50029666666666,21.75106166666667,326.9125456293956 74.50029666666666,21.75106166666667,326.9125456293956 74.50029666666666,21.75106166666667,326.9125456293956 74.50029666666666,21.75106166666667,326.9125456293956 74.50029666666666,21.75106166666667,326.9125456293956 74.50029666666666,21.75106166666667,326.9125456293956 74.50029666666666,21.75106166666667,326.9125456293956 74.50029666666666,21.75106166666667,326.9125456293956 74.50029666666666,21.75106166666667,326.9125456293956 74.50029666666666,21.75106166666667,326.9125456293956 74.50029666666666,21.75106166666667,326.9125456293956 74.50029666666666,21.75106166666667,326.9125456293956 74.50029666666666,21.75106166666667,326.9125456293956 74.50029666666666,21.75106166666667,326.9125456293956 74.50029666666666,21.75106166666667,326.9125456293956 74.50029666666666,21.75106166666667,326.9125456293956 74.50029666666666,21.75106166666667,326.9125456293956 74.50029666666666,21.75106166666667,326.9125456293956 74.50029666666666,21.75106166666667,326.9125456293956 74.50029666666666,21.75106166666667,326.9125456293956 74.50029666666666,21.75106166666667,326.9125456293956 74.50029666666666,21.75106166666667,326.9125456293956 74.50029666666666,21.75106166666667,326.9125456293956 74.50029666666666,21.75106166666667,326.9125456293956 74.50029666666666,21.75106166666667,326.9125456293956 74.50029666666666,21.75106166666667,326.9125456293956 74.50029666666666,21.75106166666667,326.9125456293956 74.50029666666666,21.75106166666667,326.9125456293956 74.50029666666666,21.75106166666667,326.9125456293956 74.50029666666666,21.75106166666667,326.9125456293956 74.50029666666666,21.75106166666667,326.9125456293956 74.50029666666666,21.75106166666667,326.9125456293956 74.50029666666666,21.75106166666667,326.9125456293956 74.50029666666666,21.75106166666667,326.9125456293956 74.50029666666666,21.75106166666667,326.9125456293956 74.50029666666666,21.75106166666667,326.9125456293956 74.50029666666666,21.75106166666667,326.9125456293956 74.50029666666666,21.75106166666667,326.9125456293956 74.50029666666666,21.75106166666667,326.9125456293956 74.50029666666666,21.75106166666667,326.9125456293956 74.50029666666666,21.75106166666667,326.9125456293956 74.50029666666666,21.75106166666667,326.9125456293956 74.50029666666666,21.75106166666667,326.9125456293956 74.50029666666666,21.75106166666667,326.9125456293956 74.50029666666666,21.75106166666667,326.9125456293956 74.50029666666666,21.75106166666667,326.9125456293956 74.50029666666666,21.75106166666667,326.9125456293956 74.50029666666666,21.75106166666667,326.9125456293956 74.50029666666666,21.75106166666667,326.9125456293956 74.50029666666666,21.75106166666667,326.9125456293956 74.50029666666666,21.75106166666667,326.9125456293956 74.50029666666666,21.75106166666667,326.9125456293956 74.50029666666666,21.75106166666667,326.9125456293956 74.50029666666666,21.75106166666667,326.9125456293956 74.50029666666666,21.75106166666667,326.9125456293956 74.50029666666666,21.75106166666667,326.9125456293956 74.50029666666666,21.75106166666667,326.9125456293956 74.50029666666666,21.75106166666667,326.9125456293956 74.50029666666666,21.75106166666667,326.9125456293956 74.50029666666666,21.75106166666667,326.9125456293956 74.50029666666666,21.75106166666667,326.9125456293956 74.50029666666666,21.75106166666667,326.9125456293956 74.50029666666666,21.75106166666667,326.9125456293956 74.50029666666666,21.75106166666667,326.9125456293956 74.50029666666666,21.75106166666667,326.9125456293956 74.50029666666666,21.75106166666667,326.9125456293956 74.50029666666666,21.75106166666667,326.9125456293956 74.50029666666666,21.75106166666667,326.9125456293956 74.50029666666666,21.75106166666667,326.9125456293956 74.50029666666666,21.75106166666667,326.9125456293956 74.50029666666666,21.75106166666667,326.9125456293956 74.50029666666666,21.75106166666667,326.9125456293956 74.50029666666666,21.75106166666667,326.9125456293956 74.50029666666666,21.75106166666667,326.9125456293956 74.50029666666666,21.75106166666667,326.9125456293956 74.50029666666666,21.75106166666667,326.9125456293956 74.50029666666666,21.75106166666667,326.9125456293956 74.50029666666666,21.75106166666667,326.9125456293956 74.50029666666666,21.75106166666667,326.9125456293956 74.50029666666666,21.75106166666667,326.9125456293956 74.50029666666666,21.75106166666667,326.9125456293956 74.50029666666666,21.75106166666667,326.9125456293956 74.50029666666666,21.75106166666667,326.9125456293956 74.50029666666666,21.75106166666667,326.9125456293956 74.50029666666666,21.75106166666667,326.9125456293956 74.50029666666666,21.75106166666667,326.9125456293956 74.50029666666666,21.75106166666667,326.9125456293956 74.50029666666666,21.75106166666667,326.9125456293956 74.50029666666666,21.75106166666667,326.9125456293956 74.50029666666666,21.75106166666667,326.9125456293956 74.50029666666666,21.75106166666667,326.9125456293956 74.50029666666666,21.75106166666667,326.9125456293956 74.50029666666666,21.75106166666667,326.9125456293956 74.50029666666666,21.75106166666667,326.9125456293956 74.50029666666666,21.75106166666667,326.9125456293956 74.50029666666666,21.75106166666667,326.9125456293956 74.50029666666666,21.75106166666667,326.9125456293956 74.50029666666666,21.75106166666667,326.9125456293956 74.50029666666666,21.75106166666667,326.9125456293956 74.50029666666666,21.75106166666667,326.9125456293956 74.50029666666666,21.75106166666667,326.9125456293956 74.50029666666666,21.75106166666667,326.9125456293956 74.50029666666666,21.75106166666667,326.9125456293956 74.50031,21.75106333333333,327.21255320592 74.50031666666668,21.751065,327.5125589270667 74.50032333333334,21.75106666666666,327.7125646481778 74.50033166666667,21.75106333333333,327.7125592357244 74.50033833333333,21.751065,327.8125649568133 74.50034833333333,21.75106833333333,327.7125754712489 74.50035666666666,21.75107,327.5125816560533 74.50036166666668,21.75107666666667,327.6125985103023 74.500365,21.75107833333333,327.4126033035867 74.50036833333334,21.75108166666666,327.6126119625378 74.50037333333333,21.75107833333333,327.8126056225423 74.50038166666667,21.751075,328.0126002102 74.50038666666666,21.75107333333334,328.3125977359645 74.500395,21.75107,328.41259232376 74.50040333333332,21.75106833333333,328.5125907772356 74.50041166666666,21.75107,328.5125969618933 74.50042000000001,21.75107,328.21259928096 74.50043166666666,21.75107333333334,328.1126102586845 74.50044333333334,21.75107666666667,328.3126212362845 74.500455,21.75107833333333,328.1126283483067 74.50046500000001,21.75107666666667,328.0126272656267 74.50047333333333,21.75107666666667,327.8126295846045 74.50048666666666,21.75108,328.0126410257067 74.500495,21.75108,328.11264334464 74.50050666666667,21.75108333333333,328.1126543217778 74.50051833333333,21.751085,328.0126614335067 74.50053,21.75108666666667,328.2126685451733 74.50054,21.75108833333334,328.3126751930134 74.50055,21.75108833333334,328.9126779756 74.50055833333333,21.75108666666667,329.4126764292445 74.50056833333333,21.751085,329.7126753467066 74.50057666666666,21.75108666666667,329.9126815307023 74.50058666666668,21.751085,330.2126804482133 74.500595,21.75108666666667,330.71268663216 74.50060499999999,21.75109,331.01269714488 74.50061166666666,21.75109,331.31269899992 74.50062,21.75109333333333,331.2127090487467 74.50063,21.75109333333333,331.4127118312534 74.50064166666667,21.75109666666667,331.7127228074222 74.50064999999999,21.75109833333333,331.8127289910667 74.50066,21.7511,332.0127356384 74.50067166666666,21.7511,332.1127388845334 74.50067833333333,21.75110333333334,331.9127484691822 74.50068666666667,21.75110333333334,331.4127507878045 74.50069333333333,21.75110666666667,330.7127603723378 74.50070333333333,21.75110833333333,330.5127670194222 74.50071333333334,21.75110666666667,330.5127659369244 74.500725,21.75111,330.4127769124 74.50073833333333,21.751115,330.4127922161467 74.50074666666666,21.75111833333334,330.4128022639645 74.50075833333334,21.751125,330.2128209683333 74.500765,21.75113,330.11283441688 74.500775,21.75113166666667,329.6128410634 74.50078333333333,21.75113333333334,329.4128472462223 74.50079166666666,21.75113666666667,329.3128572935556 74.50080333333334,21.75114166666667,328.8128721325778 74.50081333333333,21.75114666666667,328.7128865078045 74.50082666666667,21.75115166666667,328.8129018100623 74.50083500000001,21.75115666666666,328.81291572136 74.50084166666667,21.75115833333333,328.8129214401112 74.50084833333334,21.75116,329.0129271588266 74.50085666666668,21.75116166666667,329.1129333410756 74.50087166666667,21.75116666666667,329.5129491062223 74.50088166666666,21.75116833333333,329.5129557518711 74.50089166666666,21.75116833333333,329.8129585331778 74.5009,21.75117,329.9129647152 74.500905,21.75117166666666,329.4129699700934 74.50091500000001,21.75117333333333,329.3129766155733 74.50092166666667,21.75117666666667,329.3129861981423 74.50093166666667,21.75117833333334,329.4129928434978 74.50094166666666,21.75118,329.2129994888 74.50095166666667,21.75118166666667,329.1130061340489 74.50096166666667,21.75118,329.01300505104 74.50097166666666,21.75118166666667,328.8130116962356 74.50098,21.75118,328.71301014976 74.50099166666668,21.75118166666667,328.6130172584222 74.501,21.75118666666667,328.313031168 74.50101166666667,21.75119,328.2130421404534 74.50101833333333,21.75119166666667,328.3130478583778 74.50102666666666,21.75119333333334,327.9130540397512 74.50103333333333,21.751195,327.6130597576 74.50104333333334,21.75119666666667,327.2130664023645 74.50105000000001,21.75119666666667,327.2130682562666 74.50106000000001,21.75119833333333,326.81307490096 74.50106833333332,21.75120166666666,327.3130849459511 74.50108,21.75120166666666,327.3130881901867 74.50108833333334,21.75120166666666,327.8130905074978 74.50109833333333,21.7512,327.9130894245334 74.50110333333333,21.75120166666666,327.9130946786578 74.50111166666667,21.75120333333333,328.0131008596711 74.50112,21.751205,328.51310704064 74.50112666666668,21.75120333333333,328.7131050307911 74.501135,21.75120333333333,328.51310734808 74.50114000000001,21.751205,328.21311260208 74.50114000000001,21.75120333333333,328.0131087384534 74.50114166666667,21.75120333333333,327.9131092019111 74.50114166666667,21.75120333333333,327.6131092019111 74.50114333333333,21.751205,327.6131135289867 74.50114333333333,21.751205,327.6131135289867 74.50114333333333,21.751205,327.5131135289867 74.50114499999999,21.751205,327.51311399244 74.50114499999999,21.751205,327.51311399244 74.50114499999999,21.751205,327.51311399244 74.50114499999999,21.751205,327.51311399244 74.50114499999999,21.751205,327.51311399244 74.50114499999999,21.751205,327.51311399244 74.50114499999999,21.751205,327.51311399244 74.50114499999999,21.751205,327.51311399244 74.50114499999999,21.751205,327.51311399244 74.50114499999999,21.751205,327.51311399244 74.50114499999999,21.751205,327.51311399244 74.50114499999999,21.751205,327.51311399244 74.50114499999999,21.751205,327.51311399244 74.50114499999999,21.751205,327.51311399244 74.50114499999999,21.751205,327.51311399244 74.50114499999999,21.751205,327.51311399244 74.50114499999999,21.751205,327.51311399244 74.50114499999999,21.751205,327.51311399244 74.50114499999999,21.751205,327.51311399244 74.50114499999999,21.751205,327.51311399244 74.50114499999999,21.751205,327.51311399244 74.50114499999999,21.751205,327.51311399244 74.50114499999999,21.751205,327.51311399244 74.50114499999999,21.751205,327.51311399244 74.50114499999999,21.751205,327.51311399244 74.50114499999999,21.751205,327.51311399244 74.50114499999999,21.751205,327.51311399244 74.50114499999999,21.751205,327.51311399244 74.50114499999999,21.751205,327.51311399244 74.50114499999999,21.751205,327.51311399244 74.50114499999999,21.751205,327.51311399244 74.50114499999999,21.751205,327.51311399244 74.50114499999999,21.751205,327.51311399244 74.50114499999999,21.751205,327.51311399244 74.50114499999999,21.751205,327.51311399244 74.50114499999999,21.751205,327.51311399244 74.50114499999999,21.751205,327.51311399244 74.50114499999999,21.751205,327.51311399244 74.50114499999999,21.751205,327.51311399244 74.50114499999999,21.751205,327.51311399244 74.50114499999999,21.751205,327.51311399244 74.50114499999999,21.751205,327.51311399244 74.50114499999999,21.751205,327.51311399244 74.50114499999999,21.751205,327.51311399244 74.50114499999999,21.751205,327.51311399244 74.50114499999999,21.751205,327.51311399244 74.50114499999999,21.751205,327.51311399244 74.50114499999999,21.751205,327.51311399244 74.50114499999999,21.751205,327.51311399244 74.50114499999999,21.751205,327.51311399244 74.50114499999999,21.751205,327.51311399244 74.50114499999999,21.751205,327.51311399244 74.50114499999999,21.751205,327.51311399244 74.50114499999999,21.751205,327.51311399244 74.50114499999999,21.751205,327.51311399244 74.50114499999999,21.751205,327.51311399244 74.50114499999999,21.751205,327.51311399244 74.50114499999999,21.751205,327.51311399244 74.50114499999999,21.751205,327.51311399244 74.50114499999999,21.751205,327.51311399244 74.50114499999999,21.751205,327.51311399244 74.50114499999999,21.751205,327.51311399244 74.50114499999999,21.751205,327.51311399244 74.50114499999999,21.751205,327.51311399244 74.50114499999999,21.751205,327.51311399244 74.50114499999999,21.751205,327.51311399244 74.50114499999999,21.751205,327.51311399244 74.50114499999999,21.751205,327.51311399244 74.50114499999999,21.751205,327.51311399244 74.50114499999999,21.751205,327.51311399244 74.50114499999999,21.751205,327.51311399244 74.50114499999999,21.751205,327.51311399244 74.50114499999999,21.751205,327.51311399244 74.50114499999999,21.751205,327.51311399244 74.50114499999999,21.751205,327.51311399244 74.50114499999999,21.751205,327.51311399244 74.50114499999999,21.751205,327.51311399244 74.50114499999999,21.751205,327.51311399244 74.50114499999999,21.751205,327.51311399244 74.50114499999999,21.751205,327.51311399244 74.50114499999999,21.751205,327.51311399244 74.50114499999999,21.751205,327.51311399244 74.50114499999999,21.751205,327.51311399244 74.50114499999999,21.751205,327.51311399244 74.50114499999999,21.751205,327.51311399244 74.50114499999999,21.751205,327.51311399244 74.50114499999999,21.751205,327.51311399244 74.50114499999999,21.751205,327.51311399244 74.50114499999999,21.751205,327.51311399244 74.50114499999999,21.751205,327.51311399244 74.50114499999999,21.751205,327.51311399244 74.50114499999999,21.751205,327.51311399244 74.50114499999999,21.751205,327.51311399244 74.50114499999999,21.751205,327.51311399244 74.50114499999999,21.751205,327.51311399244 74.50114499999999,21.751205,327.51311399244 74.50114499999999,21.751205,327.51311399244 74.50114499999999,21.751205,327.51311399244 74.50114499999999,21.751205,327.51311399244 74.50114499999999,21.751205,327.51311399244 74.50114499999999,21.751205,327.51311399244 74.50114499999999,21.751205,327.51311399244 74.50114499999999,21.751205,327.51311399244 74.50114499999999,21.751205,327.51311399244 74.50114666666667,21.751195,326.21309127424 74.50114833333333,21.75119666666667,326.4130956013245 74.50114833333333,21.75119666666667,326.5130956013244 74.50115000000001,21.75119666666667,326.7130960648 74.50115000000001,21.75119666666667,326.7130960648 74.50115000000001,21.75119666666667,326.7130960648 74.50115000000001,21.75119666666667,326.7130960648 74.50115000000001,21.75119666666667,326.7130960648 74.50115000000001,21.75119666666667,326.7130960648 74.50115000000001,21.75119666666667,326.7130960648 74.50115000000001,21.75119666666667,326.7130960648 74.50115000000001,21.75119666666667,326.7130960648 74.50115000000001,21.75119666666667,326.7130960648 74.50115000000001,21.75119666666667,326.7130960648 74.50115000000001,21.75119666666667,326.7130960648 74.50115000000001,21.75119666666667,326.7130960648 74.50115000000001,21.75119666666667,326.7130960648 74.50115000000001,21.75119666666667,326.7130960648 74.50115000000001,21.75119666666667,326.7130960648 74.50115000000001,21.75119666666667,326.7130960648 74.50115000000001,21.75119666666667,326.7130960648 74.50115000000001,21.75119666666667,326.7130960648 74.50115000000001,21.75119666666667,326.7130960648 74.50115000000001,21.75119666666667,326.7130960648 74.50115000000001,21.75119666666667,326.7130960648 74.50115000000001,21.75119666666667,326.7130960648 74.50115000000001,21.75119666666667,326.7130960648 74.50115000000001,21.75119666666667,326.7130960648 74.50115000000001,21.75119666666667,326.7130960648 74.50115000000001,21.75119666666667,326.7130960648 74.50115000000001,21.75119666666667,326.7130960648 74.50115000000001,21.75119666666667,326.7130960648 74.50115000000001,21.75119666666667,326.7130960648 74.50115000000001,21.75119666666667,326.7130960648 74.50115000000001,21.75119666666667,326.7130960648 74.50115000000001,21.75119666666667,326.7130960648 74.50115000000001,21.75119666666667,326.7130960648 74.50115000000001,21.75119666666667,326.7130960648 74.50115000000001,21.75119666666667,326.7130960648 74.50115000000001,21.75119666666667,326.7130960648 74.50115000000001,21.75119666666667,326.7130960648 74.50115000000001,21.75119666666667,326.7130960648 74.50115000000001,21.75119666666667,326.7130960648 74.50116166666666,21.75119166666667,331.8130877184223 74.50116333333334,21.75118833333334,331.5130804547823 74.50116666666666,21.75118166666667,331.3130659275556 74.50117,21.75117666666667,331.2130552639467 74.50117166666668,21.75117666666667,330.8130557274756 74.50117333333333,21.751175,330.3130523274667 74.50117333333333,21.75117,330.1130407368533 74.50117666666667,21.751165,330.21303007336 74.50117666666667,21.751165,329.9130300733601 74.501175,21.75116333333334,329.7130257462667 74.501175,21.75116333333334,329.5130257462667 74.501175,21.75116333333334,329.3130257462667 74.50117333333333,21.75116333333334,329.2130252827022 74.50117333333333,21.75116,329.3130175556267 74.50117166666668,21.75114666666667,329.1129861837156 74.50116666666666,21.75113666666667,329.0129616115556 74.50116166666666,21.751125,329.3129331756667 74.50115833333332,21.751115,329.3129090668667 74.50115166666666,21.75110833333333,329.4128917577111 74.50115333333333,21.75110666666667,329.7128883578311 74.50115666666667,21.75111,329.7128970124267 74.50115833333332,21.75111,329.8128974761333 74.50116166666666,21.75111166666666,329.9129022671156 74.50116333333334,21.75111166666666,329.7129027308177 74.50116666666666,21.75111166666666,329.6129036582223 74.50116833333333,21.75111166666666,329.5129041219245 74.50117,21.75111166666666,329.6129045856267 74.50117166666668,21.75111,329.5129011857867 74.50117166666668,21.75111,329.5129011857867 74.50117166666668,21.75111,329.5129011857867 74.50117166666668,21.75111,329.5129011857867 74.50117166666668,21.75111,329.5129011857867 74.50117166666668,21.75111,329.5129011857867 74.50117166666668,21.75111,329.5129011857867 74.50117166666668,21.75111,329.5129011857867 74.50117166666668,21.75111,329.5129011857867 74.50117166666668,21.75111,329.5129011857867 74.50117166666668,21.75111,329.5129011857867 74.50117166666668,21.75111,329.5129011857867 74.50117166666668,21.75111,329.5129011857867 74.50117166666668,21.75111,329.5129011857867 74.50117166666668,21.75111,329.5129011857867 74.50117166666668,21.75111,329.5129011857867 74.50117166666668,21.75111,329.5129011857867 74.50117166666668,21.75111,329.5129011857867 74.50117166666668,21.75111,329.5129011857867 74.50117166666668,21.75111,329.5129011857867 74.50117166666668,21.75111,329.5129011857867 74.50117166666668,21.75111,329.5129011857867 74.50117166666668,21.75111,329.5129011857867 74.50117166666668,21.75111,329.5129011857867 74.50117166666668,21.75111,329.5129011857867 74.50117166666668,21.75111,329.5129011857867 74.50117166666668,21.75111,329.5129011857867 74.50117166666668,21.75111,329.5129011857867 74.50117166666668,21.75111,329.5129011857867 74.50117166666668,21.75111,329.5129011857867 74.50117166666668,21.75111,329.5129011857867 74.50117166666668,21.75111,329.5129011857867 74.50117166666668,21.75111,329.5129011857867 74.50117166666668,21.75111,329.5129011857867 74.50117166666668,21.75111,329.5129011857867 74.50117166666668,21.75111,329.5129011857867 74.50117166666668,21.75111,329.5129011857867 74.50117166666668,21.75111,329.5129011857867 74.50117166666668,21.75111,329.5129011857867 74.50117166666668,21.75111,329.5129011857867 74.50117166666668,21.75111,329.5129011857867 74.50117166666668,21.75111,329.5129011857867 74.50117166666668,21.75111,329.5129011857867 74.50117166666668,21.75111,329.5129011857867 74.50117166666668,21.75111,329.5129011857867 74.50117166666668,21.75111,329.5129011857867 74.50117166666668,21.75111,329.5129011857867 74.50117166666668,21.75111,329.5129011857867 74.50117166666668,21.75111,329.5129011857867 74.50117166666668,21.75111,329.5129011857867 74.50117166666668,21.75111,329.5129011857867 74.50117166666668,21.75111,329.5129011857867 74.50117166666668,21.75111,329.5129011857867 74.50117166666668,21.75111,329.5129011857867 74.50117166666668,21.75111,329.5129011857867 74.50117166666668,21.75111,329.5129011857867 74.50117166666668,21.75111,329.5129011857867 74.50117166666668,21.75111,329.5129011857867 74.50117166666668,21.75111,329.5129011857867 74.50117166666668,21.75111,329.5129011857867 74.50117166666668,21.75111,329.5129011857867 74.50117166666668,21.75111,329.5129011857867 74.50117166666668,21.75111,329.5129011857867 74.50117166666668,21.75111,329.5129011857867 74.50117166666668,21.75111,329.5129011857867 74.50117166666668,21.75111,329.5129011857867 74.50117166666668,21.75111,329.5129011857867 74.50117166666668,21.75111,329.5129011857867 74.50117166666668,21.75111,329.5129011857867 74.50117166666668,21.75111,329.5129011857867 74.50117166666668,21.75111,329.5129011857867 74.50117166666668,21.75111,329.5129011857867 74.50117166666668,21.75111,329.5129011857867 74.50117166666668,21.75111,329.5129011857867 74.50117166666668,21.75111,329.5129011857867 74.50117166666668,21.75111,329.5129011857867 74.50117166666668,21.75111,329.5129011857867 74.50117166666668,21.75111,329.5129011857867 74.50117166666668,21.75111,329.5129011857867 74.50117166666668,21.75111,329.5129011857867 74.50117166666668,21.75111,329.5129011857867 74.50117166666668,21.75111,329.5129011857867 74.50117166666668,21.75111,329.5129011857867 74.50117166666668,21.75111,329.5129011857867 74.50117166666668,21.75111,329.5129011857867 74.50117166666668,21.75111,329.5129011857867 74.50117166666668,21.75111,329.5129011857867 74.50117166666668,21.75111,329.5129011857867 74.50117166666668,21.75111,329.5129011857867 74.50117166666668,21.75111,329.5129011857867 74.50117166666668,21.75111,329.5129011857867 74.50117166666668,21.75111,329.5129011857867 74.50117166666668,21.75111,329.5129011857867 74.50117166666668,21.75111,329.5129011857867 74.50117166666668,21.75111,329.5129011857867 74.50117166666668,21.75111,329.5129011857867 74.50117166666668,21.75111,329.5129011857867 74.50117166666668,21.75111,329.5129011857867 74.50117166666668,21.75111,329.5129011857867 74.50117166666668,21.75111,329.5129011857867 74.50117166666668,21.75111,329.5129011857867 74.50117166666668,21.75111,329.5129011857867 74.50117166666668,21.75111,329.5129011857867 74.50117166666668,21.75111,329.5129011857867 74.50117166666668,21.75111,329.5129011857867 74.50117166666668,21.75111,329.5129011857867 74.50117166666668,21.75111,329.5129011857867 74.50117166666668,21.75111,329.5129011857867 74.50117166666668,21.75111,329.5129011857867 74.50117166666668,21.75111,329.5129011857867 74.50117166666668,21.75111,329.5129011857867 74.50117166666668,21.75111,329.5129011857867 74.50117166666668,21.75111,329.5129011857867 74.50117166666668,21.75111,329.5129011857867 74.50117166666668,21.75111,329.5129011857867 74.50117166666668,21.75111,329.5129011857867 74.50117166666668,21.75111,329.5129011857867 74.50117166666668,21.75111,329.5129011857867 74.50117166666668,21.75111,329.5129011857867 74.50117166666668,21.75111,329.5129011857867 74.50117166666668,21.75111,329.5129011857867 74.50117166666668,21.75111,329.5129011857867 74.50117166666668,21.75111,329.5129011857867 74.50117166666668,21.75111,329.5129011857867 74.50117166666668,21.75111,329.5129011857867 74.50117166666668,21.75111,329.5129011857867 74.50117166666668,21.75111,329.5129011857867 74.50117166666668,21.75111,329.5129011857867 74.50117166666668,21.75111,329.5129011857867 74.50117166666668,21.75111,329.5129011857867 74.50117166666668,21.75111,329.5129011857867 74.50117166666668,21.75111,329.5129011857867 74.50117166666668,21.75111,329.5129011857867 74.50117166666668,21.75111,329.5129011857867 74.50117166666668,21.75111,329.5129011857867 74.50117166666668,21.75111,329.5129011857867 74.50117166666668,21.75111,329.5129011857867 74.50117166666668,21.75111,329.5129011857867 74.50117166666668,21.75111,329.5129011857867 74.50117166666668,21.75111,329.5129011857867 74.50117166666668,21.75111,329.5129011857867 74.50117166666668,21.75111,329.5129011857867 74.50117166666668,21.75111,329.5129011857867 74.50117166666668,21.75111,329.5129011857867 74.50117166666668,21.75111,329.5129011857867 74.50117166666668,21.75111,329.5129011857867 74.50117166666668,21.75111,329.5129011857867 74.50117166666668,21.75111,329.5129011857867 74.50117166666668,21.75111,329.5129011857867 74.50117166666668,21.75111,329.5129011857867 74.50117166666668,21.75111,329.5129011857867 74.50117166666668,21.75111,329.5129011857867 74.50117166666668,21.75111,329.5129011857867 74.50117166666668,21.75111,329.5129011857867 74.50117166666668,21.75111,329.5129011857867 74.50117166666668,21.75111,329.5129011857867 74.50117166666668,21.75111,329.5129011857867 74.50117166666668,21.75111,329.5129011857867 74.50117166666668,21.75111,329.5129011857867 74.50117166666668,21.75111,329.5129011857867 74.50117166666668,21.75111,329.5129011857867 74.50117166666668,21.75111,329.5129011857867 74.50117166666668,21.75111,329.5129011857867 74.50117166666668,21.75111,329.5129011857867 74.50117166666668,21.75111,329.5129011857867 74.50117166666668,21.75111,329.5129011857867 74.50117166666668,21.75111,329.5129011857867 74.50117166666668,21.75111,329.5129011857867 74.50117166666668,21.75111,329.5129011857867 74.50117166666668,21.75111,329.5129011857867 74.50117166666668,21.75111,329.5129011857867 74.50117166666668,21.75111,329.5129011857867 74.50117166666668,21.75111,329.5129011857867 74.50117166666668,21.75111,329.5129011857867 74.50117166666668,21.75111,329.5129011857867 74.50117166666668,21.75111,329.5129011857867 74.50117166666668,21.75111,329.5129011857867 74.50117166666668,21.75111,329.5129011857867 74.50117166666668,21.75111,329.5129011857867 74.50117166666668,21.75111,329.5129011857867 74.50117166666668,21.75111,329.5129011857867 74.50117166666668,21.75111,329.5129011857867 74.50117166666668,21.75111,329.5129011857867 74.50117166666668,21.75111,329.5129011857867 74.50117166666668,21.75111,329.5129011857867 74.50117166666668,21.75111,329.5129011857867 74.50115000000001,21.75109833333333,330.5128681124 74.501155,21.75109666666667,330.5128656400267 74.50115833333332,21.75109833333333,330.3128704310889 74.50116,21.751105,329.9128863491201 74.50115666666667,21.75110833333333,329.9128931488445 74.501155,21.75111166666666,329.7129004123067 74.501155,21.75111166666666,329.7129004123067 74.501155,21.75111166666666,329.7129004123067 74.501155,21.75111166666666,329.7129004123067 74.501155,21.75111166666666,329.7129004123067 74.501155,21.75111166666666,329.7129004123067 74.501155,21.75111166666666,329.7129004123067 74.501155,21.75111166666666,329.7129004123067 74.501155,21.75111166666666,329.7129004123067 74.501155,21.75111166666666,329.7129004123067 74.501155,21.75111166666666,329.7129004123067 74.501155,21.75111166666666,329.7129004123067 74.501155,21.75111166666666,329.7129004123067 74.501155,21.75111166666666,329.7129004123067 74.501155,21.75111166666666,329.7129004123067 74.501155,21.75111166666666,329.7129004123067 74.501155,21.75111166666666,329.7129004123067 74.501155,21.75111166666666,329.7129004123067 74.501155,21.75111166666666,329.7129004123067 74.501155,21.75111166666666,329.7129004123067 74.501155,21.75111166666666,329.7129004123067 74.501155,21.75111166666666,329.7129004123067 74.501155,21.75111166666666,329.7129004123067 74.501155,21.75111166666666,329.7129004123067 74.501155,21.75111166666666,329.7129004123067 74.501155,21.75111166666666,329.7129004123067 74.501155,21.75111166666666,329.7129004123067 74.501155,21.75111166666666,329.7129004123067 74.50115166666666,21.75112,332.31291880288 74.50115166666666,21.751115,332.6129072120934 74.50115000000001,21.75111333333333,332.9129028848 74.50115000000001,21.75111333333333,332.9129028848 74.50115000000001,21.75111333333333,332.9129028848 74.50115000000001,21.75111333333333,332.9129028848 74.50115000000001,21.75111333333333,332.9129028848 74.50115000000001,21.75111333333333,332.9129028848 74.50115000000001,21.75111333333333,332.9129028848 74.50115000000001,21.75111333333333,332.9129028848 74.50115000000001,21.75111333333333,332.9129028848 74.50115000000001,21.75111333333333,332.9129028848 74.50115000000001,21.75111333333333,332.9129028848 74.50115000000001,21.75111333333333,332.9129028848 74.50115000000001,21.75111333333333,332.9129028848 74.50115000000001,21.75111333333333,332.9129028848 74.50115000000001,21.75111333333333,332.9129028848 74.50115000000001,21.75111333333333,332.9129028848 74.50115000000001,21.75111333333333,332.9129028848 74.50115000000001,21.75111333333333,332.9129028848 74.50115000000001,21.75111333333333,332.9129028848 74.50115000000001,21.75111333333333,332.9129028848 74.50115000000001,21.75111333333333,332.9129028848 74.50115000000001,21.75111333333333,332.9129028848 74.50115000000001,21.75111333333333,332.9129028848 74.50115000000001,21.75111333333333,332.9129028848 74.50115000000001,21.75111333333333,332.9129028848 74.50115000000001,21.75111333333333,332.9129028848 74.50115000000001,21.75111333333333,332.9129028848 74.50115000000001,21.75111333333333,332.9129028848 74.50115000000001,21.75111333333333,332.9129028848 74.50115000000001,21.75111333333333,332.9129028848 74.50115000000001,21.75111333333333,332.9129028848 74.50115000000001,21.75111333333333,332.9129028848 74.50115000000001,21.75111333333333,332.9129028848 74.50115000000001,21.75111333333333,332.9129028848 74.50115000000001,21.75111333333333,332.9129028848 74.50115000000001,21.75111333333333,332.9129028848 74.50115000000001,21.75111333333333,332.9129028848 74.50115000000001,21.75111333333333,332.9129028848 74.50115000000001,21.75111333333333,332.9129028848 74.50115000000001,21.75111333333333,332.9129028848 74.50115000000001,21.75111333333333,332.9129028848 74.50115000000001,21.75111333333333,332.9129028848 74.50115000000001,21.75111333333333,332.9129028848 74.50115000000001,21.75111333333333,332.9129028848 74.50115000000001,21.75111333333333,332.9129028848 74.50115000000001,21.75111333333333,332.9129028848 74.50115000000001,21.75111333333333,332.9129028848 74.50115000000001,21.75111333333333,332.9129028848 74.50115000000001,21.75111333333333,332.9129028848 74.50115000000001,21.75111333333333,332.9129028848 74.50115000000001,21.75111333333333,332.9129028848 74.50115000000001,21.75111333333333,332.9129028848 74.50115000000001,21.75111333333333,332.9129028848 74.50115000000001,21.75111333333333,332.9129028848 74.50115000000001,21.75111333333333,332.9129028848 74.50115000000001,21.75111333333333,332.9129028848 74.50115000000001,21.75111333333333,332.9129028848 74.50115000000001,21.75111333333333,332.9129028848 74.50115000000001,21.75111333333333,332.9129028848 74.50115000000001,21.75111333333333,332.9129028848 74.50115000000001,21.75111333333333,332.9129028848 74.50115000000001,21.75111333333333,332.9129028848 74.50115000000001,21.75111333333333,332.9129028848 74.50115000000001,21.75111333333333,332.9129028848 74.50115000000001,21.75111333333333,332.9129028848 74.50115000000001,21.75111333333333,332.9129028848 74.50115000000001,21.75111333333333,332.9129028848 74.50115000000001,21.75111333333333,332.9129028848 74.50115000000001,21.75111333333333,332.9129028848 74.50115000000001,21.75111333333333,332.9129028848 74.50115000000001,21.75111333333333,332.9129028848 74.50115000000001,21.75111333333333,332.9129028848 74.50115000000001,21.75111333333333,332.9129028848 74.50115000000001,21.75111333333333,332.9129028848 74.50115000000001,21.75111333333333,332.9129028848 74.50115000000001,21.75111333333333,332.9129028848 74.50115000000001,21.75111333333333,332.9129028848 74.50115000000001,21.75111333333333,332.9129028848 74.50115000000001,21.75111333333333,332.9129028848 74.50115000000001,21.75111333333333,332.9129028848 74.50115000000001,21.75111333333333,332.9129028848 74.50115000000001,21.75111333333333,332.9129028848 74.50115000000001,21.75111333333333,332.9129028848 74.50115000000001,21.75111333333333,332.9129028848 74.50115000000001,21.75111333333333,332.9129028848 74.50115000000001,21.75111333333333,332.9129028848 74.50115000000001,21.75111333333333,332.9129028848 74.50115000000001,21.75111333333333,332.9129028848 74.50115000000001,21.75111333333333,332.9129028848 74.50115000000001,21.75111333333333,332.9129028848 74.50115000000001,21.75111333333333,332.9129028848 74.50115000000001,21.75111333333333,332.9129028848 74.50115000000001,21.75111333333333,332.9129028848 74.50115000000001,21.75111333333333,332.9129028848 74.50115000000001,21.75111333333333,332.9129028848 74.50115000000001,21.75111333333333,332.9129028848 74.50115000000001,21.75111333333333,332.9129028848 74.50115000000001,21.75111333333333,332.9129028848 74.50115000000001,21.75111333333333,332.9129028848 74.50115000000001,21.75111333333333,332.9129028848 74.50115000000001,21.75111333333333,332.9129028848 74.50115000000001,21.75111333333333,332.9129028848 74.50115000000001,21.75111333333333,332.9129028848 74.50115000000001,21.75111333333333,332.9129028848 74.50115000000001,21.75111333333333,332.9129028848 74.50115000000001,21.75111333333333,332.9129028848 74.50115000000001,21.75111333333333,332.9129028848 74.50115000000001,21.75111333333333,332.9129028848 74.50115000000001,21.75111333333333,332.9129028848 74.50115000000001,21.75111333333333,332.9129028848 74.50115000000001,21.75111333333333,332.9129028848 74.50115000000001,21.75111333333333,332.9129028848 74.50115000000001,21.75111333333333,332.9129028848 74.50115000000001,21.75111333333333,332.9129028848 74.50115000000001,21.75111333333333,332.9129028848 74.50115000000001,21.75111333333333,332.9129028848 74.50115000000001,21.75111333333333,332.9129028848 74.50115000000001,21.75111333333333,332.9129028848 74.50115000000001,21.75111333333333,332.9129028848 74.50115000000001,21.75111333333333,332.9129028848 74.50115000000001,21.75111333333333,332.9129028848 74.50115000000001,21.75111333333333,332.9129028848 74.50115000000001,21.75111333333333,332.9129028848 74.50115000000001,21.75111333333333,332.9129028848 74.50115000000001,21.75111333333333,332.9129028848 74.50115000000001,21.75111333333333,332.9129028848 74.50115000000001,21.75111333333333,332.9129028848 74.50115000000001,21.75111333333333,332.9129028848 74.50115000000001,21.75111333333333,332.9129028848 74.50115000000001,21.75111333333333,332.9129028848 74.50115000000001,21.75111333333333,332.9129028848 74.50115000000001,21.75111333333333,332.9129028848 74.50115000000001,21.75111333333333,332.9129028848 74.50115000000001,21.75111333333333,332.9129028848 74.50115000000001,21.75111333333333,332.9129028848 74.50115000000001,21.75111333333333,332.9129028848 74.50115000000001,21.75111333333333,332.9129028848 74.50115000000001,21.75111333333333,332.9129028848 74.50115000000001,21.75111333333333,332.9129028848 74.50115000000001,21.75111333333333,332.9129028848 74.50115000000001,21.75111333333333,332.9129028848 74.50115000000001,21.75111333333333,332.9129028848 74.50115000000001,21.75111333333333,332.9129028848 74.50115000000001,21.75111333333333,332.9129028848 74.50115000000001,21.75111333333333,332.9129028848 74.50115000000001,21.75111333333333,332.9129028848 74.50115000000001,21.75111333333333,332.9129028848 74.50115000000001,21.75111333333333,332.9129028848 74.50115000000001,21.75111333333333,332.9129028848 74.50115000000001,21.75111333333333,332.9129028848 74.50115000000001,21.75111333333333,332.9129028848 74.50115000000001,21.75111333333333,332.9129028848 74.50115000000001,21.75111333333333,332.9129028848 74.50115000000001,21.75111333333333,332.9129028848 74.50115000000001,21.75111333333333,332.9129028848 74.50115000000001,21.75111333333333,332.9129028848 74.50115000000001,21.75111333333333,332.9129028848 74.50115000000001,21.75111333333333,332.9129028848 74.50115000000001,21.75111333333333,332.9129028848 74.50115000000001,21.75111333333333,332.9129028848 74.50115000000001,21.75111333333333,332.9129028848 74.50115000000001,21.75111333333333,332.9129028848 74.50115000000001,21.75111333333333,332.9129028848 74.50115000000001,21.75111333333333,332.9129028848 74.50115000000001,21.75111333333333,332.9129028848 74.50115000000001,21.75111333333333,332.9129028848 74.50115000000001,21.75111333333333,332.9129028848 74.50115000000001,21.75111333333333,332.9129028848 74.50115000000001,21.75111333333333,332.9129028848 74.50115000000001,21.75111333333333,332.9129028848 74.50115000000001,21.75111333333333,332.9129028848 74.50115000000001,21.75111333333333,332.9129028848 74.50115000000001,21.75111333333333,332.9129028848 74.50115000000001,21.75111333333333,332.9129028848 74.50115000000001,21.75111333333333,332.9129028848 74.50115000000001,21.75111333333333,332.9129028848 74.50115000000001,21.75111333333333,332.9129028848 74.50115000000001,21.75111333333333,332.9129028848 74.50115000000001,21.75111333333333,332.9129028848 74.50115000000001,21.75111333333333,332.9129028848 74.50115000000001,21.75111333333333,332.9129028848 74.50115000000001,21.75111333333333,332.9129028848 74.50115000000001,21.75111333333333,332.9129028848 74.50115000000001,21.75111333333333,332.9129028848 74.50115000000001,21.75111333333333,332.9129028848 74.50115000000001,21.75111333333333,332.9129028848 74.50115000000001,21.75111333333333,332.9129028848 74.50115000000001,21.75111333333333,332.9129028848 74.50115000000001,21.75111333333333,332.9129028848 74.50115000000001,21.75111333333333,332.9129028848 74.50115000000001,21.75111333333333,332.9129028848 74.50115000000001,21.75111333333333,332.9129028848 74.50115000000001,21.75111333333333,332.9129028848 74.50115000000001,21.75111333333333,332.9129028848 74.50115000000001,21.75111333333333,332.9129028848 74.50115000000001,21.75111333333333,332.9129028848 74.50115000000001,21.75111333333333,332.9129028848 74.50115000000001,21.75111333333333,332.9129028848 74.50115000000001,21.75111333333333,332.9129028848 74.50115000000001,21.75111333333333,332.9129028848 74.50115000000001,21.75111333333333,332.9129028848 74.50115000000001,21.75111333333333,332.9129028848 74.50115000000001,21.75111333333333,332.9129028848 74.50115000000001,21.75111333333333,332.9129028848 74.50115000000001,21.75111333333333,332.9129028848 74.50115000000001,21.75111333333333,332.9129028848 74.50115000000001,21.75111333333333,332.9129028848 74.50115000000001,21.75111333333333,332.9129028848 74.50115000000001,21.75111333333333,332.9129028848 74.50115000000001,21.75111333333333,332.9129028848 74.50115000000001,21.75111333333333,332.9129028848 74.50115000000001,21.75111333333333,332.9129028848 74.50115000000001,21.75111333333333,332.9129028848 74.50115000000001,21.75111333333333,332.9129028848 74.50115000000001,21.75111333333333,332.9129028848 74.50115000000001,21.75111333333333,332.9129028848 74.50115000000001,21.75111333333333,332.9129028848 74.50115000000001,21.75111333333333,332.9129028848 74.50115000000001,21.75111333333333,332.9129028848 74.50115000000001,21.75111333333333,332.9129028848 74.50115000000001,21.75111333333333,332.9129028848 74.50115000000001,21.75111333333333,332.9129028848 74.50115000000001,21.75111333333333,332.9129028848 74.50115000000001,21.75111333333333,332.9129028848 74.50115000000001,21.75111333333333,332.9129028848 74.50115000000001,21.75111333333333,332.9129028848 74.50115000000001,21.75111333333333,332.9129028848 74.50115000000001,21.75111333333333,332.9129028848 74.50115000000001,21.75111333333333,332.9129028848 74.50115000000001,21.75111333333333,332.9129028848 74.50115000000001,21.75111333333333,332.9129028848 74.50115000000001,21.75111333333333,332.9129028848 74.50115000000001,21.75111333333333,332.9129028848 74.50115000000001,21.75111333333333,332.9129028848 74.50115000000001,21.75111333333333,332.9129028848 74.50115000000001,21.75111333333333,332.9129028848 74.50115000000001,21.75111333333333,332.9129028848 74.50115000000001,21.75111333333333,332.9129028848 74.50115000000001,21.75111333333333,332.9129028848 74.50115000000001,21.75111333333333,332.9129028848 74.50115000000001,21.75111333333333,332.9129028848 74.50115000000001,21.75111333333333,332.9129028848 74.50115000000001,21.75111333333333,332.9129028848 74.50115000000001,21.75111333333333,332.9129028848 74.50115000000001,21.75111333333333,332.9129028848 74.50115000000001,21.75111333333333,332.9129028848 74.50115000000001,21.75111333333333,332.9129028848 74.50115000000001,21.75111333333333,332.9129028848 74.50115000000001,21.75111333333333,332.9129028848 74.50115000000001,21.75111333333333,332.9129028848 74.50115000000001,21.75111333333333,332.9129028848 74.50115000000001,21.75111333333333,332.9129028848 74.50115000000001,21.75111333333333,332.9129028848 74.50115000000001,21.75111333333333,332.9129028848 74.50115000000001,21.75111333333333,332.9129028848 74.50115000000001,21.75111333333333,332.9129028848 74.50115000000001,21.75111333333333,332.9129028848 74.50115000000001,21.75111333333333,332.9129028848 74.50115000000001,21.75111333333333,332.9129028848 74.50115000000001,21.75111333333333,332.9129028848 74.50115000000001,21.75111333333333,332.9129028848 74.50115000000001,21.75111333333333,332.9129028848 74.50115000000001,21.75111333333333,332.9129028848 74.50115000000001,21.75111333333333,332.9129028848 74.50115000000001,21.75111333333333,332.9129028848 74.50115000000001,21.75111333333333,332.9129028848 74.50115000000001,21.75111333333333,332.9129028848 74.50115000000001,21.75111333333333,332.9129028848 74.50115000000001,21.75111333333333,332.9129028848 74.50115000000001,21.75111333333333,332.9129028848 74.50115000000001,21.75111333333333,332.9129028848 74.50115000000001,21.75111333333333,332.9129028848 74.50115000000001,21.75111333333333,332.9129028848 74.50115000000001,21.75111333333333,332.9129028848 74.50115000000001,21.75111333333333,332.9129028848 74.50115000000001,21.75111333333333,332.9129028848 74.50115000000001,21.75111333333333,332.9129028848 74.50115000000001,21.75111333333333,332.9129028848 74.50115000000001,21.75111333333333,332.9129028848 74.50115000000001,21.75111333333333,332.9129028848 74.50115000000001,21.75111333333333,332.9129028848 74.50115000000001,21.75111333333333,332.9129028848 74.50115000000001,21.75111333333333,332.9129028848 74.50115000000001,21.75111333333333,332.9129028848 74.50115000000001,21.75111333333333,332.9129028848 74.50115000000001,21.75111333333333,332.9129028848 74.50115000000001,21.75111333333333,332.9129028848 74.50115000000001,21.75111333333333,332.9129028848 74.50115000000001,21.75111333333333,332.9129028848 74.50115000000001,21.75111333333333,332.9129028848 74.50115000000001,21.75111333333333,332.9129028848 74.50115000000001,21.75111333333333,332.9129028848 74.50115000000001,21.75111333333333,332.9129028848 74.50115000000001,21.75111333333333,332.9129028848 74.50115000000001,21.75111333333333,332.9129028848 74.50115000000001,21.75111333333333,332.9129028848 74.50115000000001,21.75111333333333,332.9129028848 74.50115000000001,21.75111333333333,332.9129028848 74.50115000000001,21.75111333333333,332.9129028848 74.50115000000001,21.75111333333333,332.9129028848 74.50115000000001,21.75111333333333,332.9129028848 74.50115000000001,21.75111333333333,332.9129028848 74.50115000000001,21.75111333333333,332.9129028848 74.50115000000001,21.75111333333333,332.9129028848 74.50115000000001,21.75111333333333,332.9129028848 74.50115000000001,21.75111333333333,332.9129028848 74.50115000000001,21.75111333333333,332.9129028848 74.50115000000001,21.75111333333333,332.9129028848 74.50115000000001,21.75111333333333,332.9129028848 74.50115000000001,21.75111333333333,332.9129028848 74.50115000000001,21.75111333333333,332.9129028848 74.50115000000001,21.75111333333333,332.9129028848 74.50115000000001,21.75111333333333,332.9129028848 74.50115000000001,21.75111333333333,332.9129028848 74.50115000000001,21.75111333333333,332.9129028848 74.50115000000001,21.75111333333333,332.9129028848 74.50115000000001,21.75111333333333,332.9129028848 74.50115000000001,21.75111333333333,332.9129028848 74.50115000000001,21.75111333333333,332.9129028848 74.50115000000001,21.75111333333333,332.9129028848 74.50115000000001,21.75111333333333,332.9129028848 74.50115000000001,21.75111333333333,332.9129028848 74.50115000000001,21.75111333333333,332.9129028848 74.50113666666667,21.75111333333333,329.2128991752178 74.50113333333334,21.75110666666667,328.7128827932444 74.50113166666667,21.75110333333334,328.5128746022311 74.50112666666668,21.7511,328.3128654837333 74.50112333333333,21.75109833333333,328.1128606925956 74.50112166666666,21.75109833333333,328.0128602288578 74.50112166666666,21.75109833333333,327.9128602288578 74.50112,21.75109666666667,328.01285590144 74.50112,21.75109666666667,328.01285590144 74.50112,21.75109666666667,328.01285590144 74.50112,21.75109666666667,328.01285590144 74.50112,21.75109666666667,328.01285590144 74.50112,21.75109666666667,328.01285590144 74.50112,21.75109666666667,328.01285590144 74.50112,21.75109666666667,328.01285590144 74.50112,21.75109666666667,328.01285590144 74.50112,21.75109666666667,328.01285590144 74.50112,21.75109666666667,328.01285590144 74.50112,21.75109666666667,328.01285590144 74.50112,21.75109666666667,328.01285590144 74.50112,21.75109666666667,328.01285590144 74.50112,21.75109666666667,328.01285590144 74.50112,21.75109666666667,328.01285590144 74.50112,21.75109666666667,328.01285590144 74.50112,21.75109666666667,328.01285590144 74.50112,21.75109666666667,328.01285590144 74.50112,21.75109666666667,328.01285590144 74.50112,21.75109666666667,328.01285590144 74.50112,21.75109666666667,328.01285590144 74.50112,21.75109666666667,328.01285590144 74.50112,21.75109666666667,328.01285590144 74.50112,21.75109666666667,328.01285590144 74.50112,21.75109666666667,328.01285590144 74.50112,21.75109666666667,328.01285590144 74.50112,21.75109666666667,328.01285590144 74.50112,21.75109666666667,328.01285590144 74.50112,21.75109666666667,328.01285590144 74.50112,21.75109666666667,328.01285590144 74.50112,21.75109666666667,328.01285590144 74.50112,21.75109666666667,328.01285590144 74.50112,21.75109666666667,328.01285590144 74.50112,21.75109666666667,328.01285590144 74.50112,21.75109666666667,328.01285590144 74.50112,21.75109666666667,328.01285590144 74.50112,21.75109666666667,328.01285590144 74.50112,21.75109666666667,328.01285590144 74.50112,21.75109666666667,328.01285590144 74.50112,21.75109666666667,328.01285590144 74.50112,21.75109666666667,328.01285590144 74.50112,21.75109666666667,328.01285590144 74.50112,21.75109666666667,328.01285590144 74.50112,21.75109666666667,328.01285590144 74.50112,21.75109666666667,328.01285590144 74.50112,21.75109666666667,328.01285590144 74.50112,21.75109666666667,328.01285590144 74.50112,21.75109666666667,328.01285590144 74.50112,21.75109666666667,328.01285590144 74.50112,21.75109666666667,328.01285590144 74.50112,21.75109666666667,328.01285590144 74.50112,21.75109666666667,328.01285590144 74.50112,21.75109666666667,328.01285590144 74.50112,21.75109666666667,328.01285590144 74.50112,21.75109666666667,328.01285590144 74.50112,21.75109666666667,328.01285590144 74.50112,21.75109666666667,328.01285590144 74.50112,21.75109666666667,328.01285590144 74.50112,21.75109666666667,328.01285590144 74.50112,21.75109666666667,328.01285590144 74.50112,21.75109666666667,328.01285590144 74.50112,21.75109666666667,328.01285590144 74.50112,21.75109666666667,328.01285590144 74.50112,21.75109666666667,328.01285590144 74.50112,21.75109666666667,328.01285590144 74.50112,21.75109666666667,328.01285590144 74.50112,21.75109666666667,328.01285590144 74.50112,21.75109666666667,328.01285590144 74.50112,21.75109666666667,328.01285590144 74.50112,21.75109666666667,328.01285590144 74.50112,21.75109666666667,328.01285590144 74.50112,21.75109666666667,328.01285590144 74.50112,21.75109666666667,328.01285590144 74.50112,21.75109666666667,328.01285590144 74.50112,21.75109666666667,328.01285590144 74.50112,21.75109666666667,328.01285590144 74.50112,21.75109666666667,328.01285590144 74.50112,21.75109666666667,328.01285590144 74.50112,21.75109666666667,328.01285590144 74.50112,21.75109666666667,328.01285590144 74.50112,21.75109666666667,328.01285590144 74.50112,21.75109666666667,328.01285590144 74.50112,21.75109666666667,328.01285590144 74.50112,21.75109666666667,328.01285590144 74.50112,21.75109666666667,328.01285590144 74.50112,21.75109666666667,328.01285590144 74.50112,21.75109666666667,328.01285590144 74.50112,21.75109666666667,328.01285590144 74.50112,21.75109666666667,328.01285590144 74.50112,21.75109666666667,328.01285590144 74.50112,21.75109666666667,328.01285590144 74.50112,21.75109666666667,328.01285590144 74.50112,21.75109666666667,328.01285590144 74.50112,21.75109666666667,328.01285590144 74.50112,21.75109666666667,328.01285590144 74.50112,21.75109666666667,328.01285590144 74.50112,21.75109666666667,328.01285590144 74.50112,21.75109666666667,328.01285590144 74.50112,21.75109666666667,328.01285590144 74.50112,21.75109666666667,328.01285590144 74.50112,21.75109666666667,328.01285590144 74.50112,21.75109666666667,328.01285590144 74.50112,21.75109666666667,328.01285590144 74.50112,21.75109666666667,328.01285590144 74.50112,21.75109666666667,328.01285590144 74.50112,21.75109666666667,328.01285590144 74.50112,21.75109666666667,328.01285590144 74.50112,21.75109666666667,328.01285590144 74.50112,21.75109666666667,328.01285590144 74.50112,21.75109666666667,328.01285590144 74.50112,21.75109666666667,328.01285590144 74.50112,21.75109666666667,328.01285590144 74.50112,21.75109666666667,328.01285590144 74.50112,21.75109666666667,328.01285590144 74.50112,21.75109666666667,328.01285590144 74.50112,21.75109666666667,328.01285590144 74.50112,21.75109666666667,328.01285590144 74.50112,21.75109666666667,328.01285590144 74.50112,21.75109666666667,328.01285590144 74.50112,21.75109666666667,328.01285590144 74.50112,21.75109666666667,328.01285590144 74.50112,21.75109666666667,328.01285590144 74.50112,21.75109666666667,328.01285590144 74.50112,21.75109666666667,328.01285590144 74.50112,21.75109666666667,328.01285590144 74.50112,21.75109666666667,328.01285590144 74.50112,21.75109666666667,328.01285590144 74.50112,21.75109666666667,328.01285590144 74.50112,21.75109666666667,328.01285590144 74.50112,21.75109666666667,328.01285590144 74.50112,21.75109666666667,328.01285590144 74.50112,21.75109666666667,328.01285590144 74.50112,21.75109666666667,328.01285590144 74.50112,21.75109666666667,328.01285590144 74.50112,21.75109666666667,328.01285590144 74.50112,21.75109666666667,328.01285590144 74.50112,21.75109666666667,328.01285590144 74.50112,21.75109666666667,328.01285590144 74.50112,21.75109666666667,328.01285590144 74.50112,21.75109666666667,328.01285590144 74.50112,21.75109666666667,328.01285590144 74.50112,21.75109666666667,328.01285590144 74.50112,21.75109666666667,328.01285590144 74.50112,21.75109666666667,328.01285590144 74.50112,21.75109666666667,328.01285590144 74.50112,21.75109666666667,328.01285590144 74.50115333333333,21.75110833333333,327.5128922214222 74.50114000000001,21.75111,327.9128923753601 74.501135,21.75111,328.01289098424 74.50113333333334,21.75111166666666,328.8128943841778 74.50112666666668,21.75111333333333,329.5128963930312 74.50112,21.751115,329.91289840192 74.50111833333334,21.75111666666667,330.3129018019112 74.50111666666666,21.75111666666667,330.9129013382222 74.50111833333334,21.75112166666667,331.4129133929645 74.50112,21.75112666666666,331.71292544768 74.50112,21.75112833333333,332.01292931136 74.50112166666666,21.75113166666667,332.3129375023689 74.50112166666666,21.75113166666667,332.4129375023689 74.50112333333333,21.75113666666667,332.6129495570311 74.50112333333333,21.75114166666667,332.7129611480444 74.501125,21.75114333333334,333.0129654753334 74.501125,21.75114333333334,332.9129654753334 74.501125,21.75114333333334,332.9129654753334 74.501125,21.75114333333334,332.9129654753334 74.50110500000001,21.75113,333.01292900216 74.50109999999999,21.751125,332.9129160200001 74.50109833333333,21.75112333333333,332.8129116925956 74.50109833333333,21.75112333333333,332.6129116925956 74.50109833333333,21.75112,332.61290396512 74.50109666666667,21.75111833333334,332.4128996376978 74.50109500000001,21.75111666666667,332.1128953102667 74.50109500000001,21.75111333333333,331.8128875827733 74.50109666666667,21.75111,331.7128803189867 74.50109833333333,21.75110833333333,331.7128769189555 74.50109833333333,21.75111,331.7128807826933 74.50110166666667,21.75111,331.8128817101067 74.50110166666667,21.75111,331.7128817101067 74.50110166666667,21.75111,331.7128817101067 74.50110166666667,21.75111,331.7128817101067 74.50110166666667,21.75111,331.7128817101067 74.50110166666667,21.75111,331.7128817101067 74.50110166666667,21.75111,331.7128817101067 74.50110166666667,21.75111,331.7128817101067 74.50110666666666,21.75110166666667,330.6128637826489 74.50110166666667,21.75109,330.6128353453601 74.50110333333333,21.751085,330.1128242179467 74.50110500000001,21.75108333333333,330.012820818 74.50110166666667,21.75108333333333,329.9128198904445 74.50109999999999,21.751085,329.8128232904 74.50110166666667,21.75109,329.9128353453601 74.50110166666667,21.75109333333333,329.9128430728179 74.50110166666667,21.75109333333333,329.7128430728178 74.50110333333333,21.75109333333333,329.6128435365689 74.50110333333333,21.75109166666667,329.9128396728445 74.50109666666667,21.75109166666667,330.2128378178222 74.50109333333333,21.75109166666667,330.3128368903111 74.50109333333333,21.75109166666667,330.3128368903111 74.50109333333333,21.75109166666667,330.3128368903111 74.50109333333333,21.75109166666667,330.3128368903111 74.50109333333333,21.75109166666667,330.3128368903111 74.50109333333333,21.75109166666667,330.3128368903111 74.50109333333333,21.75109166666667,330.3128368903111 74.50109333333333,21.75109166666667,330.3128368903111 74.50109333333333,21.75109166666667,330.3128368903111 74.50109333333333,21.75109166666667,330.3128368903111 74.50109333333333,21.75109166666667,330.3128368903111 74.50111333333332,21.75110166666667,329.5128656375645 74.50113,21.75112,329.51291277504 74.50115000000001,21.75114333333334,329.4129724296 74.50117333333333,21.75116166666667,329.1130214191645 74.50119500000001,21.75117333333333,328.71305448992 74.50122,21.75117333333333,328.7130614429867 74.50124833333332,21.75116333333334,328.9130461431023 74.50128333333333,21.751145,329.1130133822667 74.50132333333333,21.751125,329.2129781513333 74.50135666666667,21.75110666666667,329.3129449311289 74.50139166666666,21.75108833333334,329.5129121766445 74.50142666666667,21.75107,329.7128794242133 74.50146666666666,21.75104833333333,329.7128403399111 74.50151000000001,21.75102499999999,329.7127983236 74.50155666666666,21.75099666666667,329.6127456509689 74.501605,21.75096666666667,329.5126895842667 74.50165333333332,21.75093499999999,329.4126296599467 74.50170333333334,21.75090166666666,329.3125663426578 74.501755,21.75087,329.21250735704 74.501805,21.75084333333333,329.2124594977867 74.50185666666667,21.75082,329.11241983072 74.50190833333333,21.75079666666666,328.9123801675112 74.50195833333333,21.75078833333334,328.3123747965556 74.50201166666668,21.75078666666667,328.0123858013156 74.50206166666666,21.75079666666666,327.8124229053956 74.50210666666666,21.75081,327.9124663364267 74.50215166666666,21.75082833333333,328.1125213483245 74.50219666666666,21.75085333333333,328.3125918008178 74.50224333333334,21.75088,328.51266657472 74.50229166666666,21.750905,328.6127379483333 74.50234333333333,21.75092833333333,327.4128063860356 74.50239499999999,21.75095333333334,326.51287868016 74.50243500000001,21.750975,324.7129400014 74.50247166666666,21.750995,324.5129965317734 74.50251166666666,21.75101833333333,324.5130617076578 74.50255833333334,21.751045,324.4131364558 74.50260499999999,21.75107166666667,324.4132111999601 74.50265333333333,21.75110333333334,324.1132979826489 74.50270500000001,21.75113,324.31337410936 74.50275166666667,21.751155,324.7134449815867 74.50279500000001,21.75117666666667,325.2135072046133 74.50283166666667,21.75119833333333,325.6135675707511 74.50286333333334,21.75121666666666,325.8136188260445 74.50289666666666,21.75123166666667,326.0136628249689 74.50292666666665,21.75124666666666,326.1137058956089 74.50295166666666,21.75125833333333,326.3137398573111 74.50296833333333,21.75126833333334,326.5137676429289 74.50298500000001,21.75127666666667,326.9137915693067 74.50300666666666,21.75128666666667,327.3138207436089 74.50303000000001,21.7513,327.2138580976 74.50305499999999,21.75131666666667,326.9139036308001 74.50308,21.75133666666666,326.8139568795734 74.50310333333333,21.75136333333333,327.1140250972622 74.50312666666667,21.7514,327.3141164629333 74.50315500000001,21.75144166666666,327.9142207891334 74.50317833333334,21.75148,328.31431600704 74.50319833333333,21.75151833333333,328.9144102968489 74.50322166666666,21.75155666666667,329.4145055092356 74.50324333333333,21.751595,329.8146002563467 74.50326,21.75163,330.41468589792 74.50327666666666,21.751665,331.0147715376267 74.50329499999999,21.75169833333333,331.81485377972 74.50331333333334,21.75173,332.2149321620267 74.50333166666665,21.75176666666667,332.9150221158223 74.50335333333334,21.75180666666667,333.3151207066311 74.50338166666667,21.751845,332.6152172839867 74.5034,21.75188166666667,332.9153072304001 74.50341833333333,21.75191666666666,333.2153933171111 74.50342500000001,21.75195,334.015472314 74.50343833333334,21.75198166666667,334.4155492981911 74.50345,21.75201,334.6156181048 74.50347499999999,21.75204,334.8156944576 74.5035,21.752065,334.715759236 74.50351999999999,21.75209,334.81582262912 74.503545,21.75211666666667,334.8158912609334 74.503575,21.75214333333333,334.9159612734667 74.50360666666667,21.75217,334.91603174432 74.50363166666666,21.75219666666667,334.9161003692356 74.50365499999999,21.75221666666666,334.7161531036 74.50368,21.752235,334.61620244032 74.50370166666667,21.752255,334.7162547110534 74.50372333333333,21.75227333333333,334.7163031236622 74.503745,21.75228833333333,334.21634382164 74.50376333333334,21.7523,333.8163758842667 74.50378833333333,21.75231833333333,334.1164252144756 74.503815,21.75233333333333,333.1164672906667 74.50383666666667,21.752355,332.8165234101066 74.50385333333334,21.75237666666667,332.6165781470578 74.50387666666667,21.7524,332.2166385802667 74.50389833333334,21.75242166666667,332.5166946952578 74.50393000000001,21.75244666666667,332.5167612820267 74.50396333333333,21.75247166666666,332.9168283263378 74.50399833333333,21.7525,332.91690354 74.50403666666666,21.752525,333.0169719585333 74.50406666666666,21.75255333333333,332.4170457863112 74.50409500000001,21.75257166666667,332.1170960171067 74.50412333333334,21.75258833333333,331.8171423905689 74.50415,21.75260333333333,331.2171844472 74.50417666666667,21.75261666666667,330.8172226470222 74.50419833333333,21.75262333333334,331.0172440448623 74.50422166666667,21.752635,331.51727746812 74.50424666666666,21.752645,331.4173074947734 74.50427666666666,21.752655,331.3173388993867 74.50431333333333,21.752665,331.21737214128 74.50434833333334,21.75267166666667,330.3173972123245 74.504385,21.75267666666667,330.5174188871733 74.50442,21.75268166666666,330.71744010192 74.50445500000001,21.752685,331.01745746132 74.50449,21.75268666666667,331.2174709656533 74.50452333333332,21.75268833333334,331.4174840103022 74.504555,21.75269,331.4174965952801 74.50459666666667,21.75269666666667,330.9175235002489 74.50464000000001,21.75271166666666,330.0175701352533 74.50467666666667,21.75272666666666,329.9176149305956 74.50470833333334,21.75275166666667,329.8176814707778 74.504735,21.75278166666667,329.81775819276 74.50475,21.75281666666666,329.71784326 74.50476333333333,21.75286166666666,329.6179509902845 74.50477833333333,21.75291,329.4180668854134 74.50479,21.75296333333333,329.2181934223466 74.50480166666667,21.75302333333333,329.1183353727378 74.50481666666666,21.753085,329.1184820916 74.50483166666666,21.75314666666667,329.0186288075022 74.50484166666666,21.75320833333334,329.1187741461112 74.50484666666667,21.75326666666666,329.2189104014222 74.50485333333333,21.75332833333334,329.0190548210489 74.50485833333333,21.75338666666666,328.7191910743111 74.50486333333333,21.753445,328.31932732664 74.50487166666667,21.75351,326.6194799073867 74.50487333333334,21.75355333333334,325.1195805601423 74.50487333333334,21.75360666666666,325.3197038776178 74.50486666666667,21.75365166666666,325.6198060990222 74.50485666666667,21.753685,325.51988043176 74.50485333333333,21.75371666666667,325.6199527388445 74.50484499999999,21.75373833333333,325.2200005537733 74.50483833333332,21.75375833333333,325.3200449721556 74.50482833333334,21.75376833333333,325.7200653550356 74.504825,21.753775,325.8200798570001 74.50481166666667,21.75377333333333,326.1200723503645 74.50479999999999,21.75376833333333,326.2200575925334 74.50478166666667,21.75376666666667,326.6200487158222 74.50476333333333,21.753765,327.2200398390133 74.504745,21.753765,328.02003481612 74.50472499999999,21.75376833333333,329.0200370447333 74.50470833333334,21.75376333333334,329.9200209162223 74.50469166666667,21.75376,330.7200086416 74.50468000000001,21.75376166666667,331.7200092993066 74.50467,21.75376166666667,332.6200065594934 74.50466166666666,21.75376166666667,333.2200042763155 74.50465166666666,21.75376166666667,333.2200015365022 74.504645,21.75376,333.01999585568 74.50463833333333,21.75376166666667,333.7199978834178 74.50463333333333,21.75376166666667,333.8199965135111 74.50461333333332,21.75377166666666,334.0200141600711 74.50460500000001,21.75377833333334,333.9200272945734 74.50459833333333,21.75378666666666,334.1200447402312 74.50459500000001,21.75378833333333,334.1200476815067 74.50459166666666,21.75378666666666,334.1200429139556 74.50458833333333,21.75378666666666,334.1200420008178 74.50458833333333,21.75378666666666,334.1200420008178 74.50458833333333,21.75378666666666,334.1200420008178 74.50458833333333,21.75378666666666,334.1200420008178 74.50458833333333,21.75378666666666,334.1200420008178 74.50458833333333,21.75378666666666,334.1200420008178 74.50458833333333,21.75378666666666,334.1200420008178 74.50458833333333,21.75378666666666,334.1200420008178 74.50458833333333,21.75378666666666,334.1200420008178 74.50458833333333,21.75378666666666,334.1200420008178 74.50458833333333,21.75378666666666,334.1200420008178 74.50460166666667,21.753745,334.91994929348 74.504615,21.75374,335.1199413838401 74.50462,21.75373166666667,335.0199234821867 74.504625,21.753725,335.119909435 74.50462166666667,21.75372,335.2198969585066 74.50462,21.75371833333334,335.2198926474133 74.504615,21.753715,335.21988356844 74.504615,21.75371333333333,335.21987971408 74.50461666666666,21.75371333333333,335.1198801708445 74.50461666666666,21.75370833333333,335.0198686077778 74.50461833333334,21.753705,334.8198613558534 74.50461833333334,21.753705,334.8198613558534 74.50461833333334,21.753705,334.8198613558534 74.50461833333334,21.753705,334.8198613558534 74.50461833333334,21.753705,334.8198613558534 74.50461833333334,21.753705,334.8198613558534 74.50461833333334,21.753705,334.8198613558534 74.50461833333334,21.753705,334.8198613558534 74.50461833333334,21.753705,334.8198613558534 74.50461833333334,21.753705,334.8198613558534 74.50461833333334,21.753705,334.8198613558534 74.50461833333334,21.753705,334.8198613558534 74.50461833333334,21.753705,334.8198613558534 74.50463166666667,21.75372333333333,329.7199074076178 74.50462666666667,21.75371166666666,329.5198790571022 74.50462999999999,21.75369666666666,329.31984528176 74.50464666666667,21.75368666666667,328.8198267241956 74.50465166666666,21.75367666666667,328.6198049691289 74.504655,21.75367,328.71979046584 74.50466833333333,21.753665,328.9197825582267 74.50466833333333,21.75366,328.9197709955734 74.50466166666666,21.75365333333333,329.1197537510045 74.50465166666666,21.75364833333333,329.2197394466711 74.50463833333333,21.753655,329.41975120836 74.50463500000001,21.753655,329.61975029452 74.50463833333333,21.75365833333334,329.7197589169556 74.50464333333333,21.75366333333333,329.8197718505422 74.50465166666666,21.75367666666667,329.9198049691289 74.50465333333334,21.75368666666667,330.0198285515378 74.50465000000001,21.75369,330.1198353464 74.50463666666666,21.75368333333333,330.2198162745778 74.50462833333333,21.75368666666667,330.1198216990045 74.50462166666667,21.75368666666667,329.8198198716623 74.50462,21.753685,329.61981556048 74.504615,21.75368166666666,329.21980648124 74.50460500000001,21.75367833333333,329.1197960313734 74.50459666666667,21.75367333333334,328.9197821838578 74.50458666666667,21.75366666666666,328.8197640248889 74.50458166666667,21.75366333333333,328.6197549453245 74.50458,21.75366166666667,328.4197506339734 74.50457666666667,21.75366,328.1197458657067 74.50457666666667,21.75366,328.1197458657067 74.50457666666667,21.75366,328.1197458657067 74.50457666666667,21.75366,328.1197458657067 74.50457666666667,21.75366,328.1197458657067 74.50457666666667,21.75366,328.1197458657067 74.50457666666667,21.75366,328.1197458657067 74.50457666666667,21.75366,328.1197458657067 74.50457666666667,21.75366,328.1197458657067 74.50457666666667,21.75366,328.1197458657067 74.504615,21.75366166666667,327.31976022892 74.50461833333334,21.75365166666666,327.4197380166178 74.50462833333333,21.75364666666667,327.2197291952178 74.50464166666667,21.753645,327.1197289964667 74.504645,21.75363833333333,327.01971449324 74.50464666666667,21.753635,326.8197072416534 74.50464666666667,21.753635,326.8197072416534 74.50464666666667,21.753635,326.8197072416534 74.50464666666667,21.753635,326.8197072416534 74.50464666666667,21.753635,326.8197072416534 74.50464666666667,21.753635,326.8197072416534 74.50464666666667,21.753635,326.8197072416534 74.50464666666667,21.753635,326.8197072416534 74.50464666666667,21.753635,326.8197072416534 74.50464666666667,21.753635,326.8197072416534 74.50464666666667,21.753635,326.8197072416534 74.50464666666667,21.753635,326.8197072416534 74.50464666666667,21.753635,326.8197072416534 74.50464666666667,21.753635,326.8197072416534 74.50464666666667,21.753635,326.8197072416534 74.50464666666667,21.753635,326.8197072416534 74.50464666666667,21.753635,326.8197072416534 74.50470999999999,21.75365166666666,324.2197631477067 74.504715,21.753645,324.21974910212 74.504705,21.75363833333333,324.01973094396 74.50469666666666,21.75364,324.01973251328 74.50469166666667,21.75363666666666,324.0197234340889 74.50468833333333,21.75363666666666,324.0197225201511 74.50469,21.75362666666667,324.01969985216 74.50469,21.75363333333333,324.0197152688 74.50469333333334,21.75365,324.0197547242667 74.50470333333332,21.75366333333333,324.0197882988622 74.50470666666666,21.75365666666666,324.1197737961956 74.50468500000001,21.75364666666667,324.2197447312533 74.50468666666667,21.75365833333334,324.3197721673778 74.50468000000001,21.75368333333333,324.4198281525334 74.50468000000001,21.75370833333333,324.6198859653334 74.50467499999999,21.75372333333333,324.8199192828 74.50467,21.75373833333333,325.1199526005067 74.50466833333333,21.753745,325.31996756068 74.50466833333333,21.75375666666666,325.4199945402045 74.50467666666667,21.75376166666667,325.1200083860356 74.50468666666667,21.75375833333333,325.3200034175111 74.50470666666666,21.75377,325.3200358760533 74.50470833333334,21.75375333333333,325.2199977915556 74.50472166666667,21.75374333333333,325.0199783203644 74.50472666666666,21.75374,325.1199719822934 74.50472499999999,21.75372333333333,325.0199329849333 74.50473000000001,21.75375666666666,324.8200114362133 74.50472166666667,21.75376666666667,324.8200322774222 74.50471833333333,21.75376,324.62001594784 74.50471333333333,21.753755,324.5200030156267 74.50470333333332,21.75375,324.4199887133334 74.5047,21.75374666666666,324.1199800917333 74.50469666666666,21.75374333333333,323.7199714700978 74.50469666666666,21.75374333333333,323.4199714700978 74.50468166666666,21.75374,323.2199596515733 74.50467666666667,21.75373333333334,323.1199428647112 74.50467666666667,21.75373333333334,323.1199428647112 74.50467666666667,21.75373333333334,323.1199428647112 74.50464833333334,21.75372,322.3199042664534 74.50463666666666,21.75371833333334,322.1198972149245 74.50462666666667,21.75371666666667,322.0198906200889 74.50462166666667,21.75371666666667,322.0198892498222 74.50462833333333,21.75371833333334,321.9198949311689 74.50463500000001,21.75372,321.71990061248 74.50464166666667,21.75371666666667,321.6198947308889 74.50464666666667,21.75371333333333,321.4198883926045 74.50463666666666,21.75372,321.2199010692266 74.50463333333333,21.753725,321.2199117186667 74.50463833333333,21.753725,320.8199130888667 74.50464166666667,21.75372666666666,320.6199178566222 74.50463500000001,21.75372833333333,320.4199198840134 74.504645,21.75373,320.21992647864 74.504645,21.75372833333333,320.21992262436 74.50463833333333,21.75372333333333,320.2199092345689 74.50463500000001,21.75372,320.21990061248 74.50463333333333,21.753725,320.1199117186667 74.50462999999999,21.75373,320.01992236816 74.50461,21.753735,320.01992845064 74.50459666666667,21.753735,320.0199247969867 74.50459166666666,21.75373666666667,319.9199272812889 74.50458,21.75372833333333,319.9199048121067 74.50458166666667,21.75372833333333,319.6199052688311 74.50458333333333,21.75372166666667,319.5198903077778 74.50459000000001,21.753715,319.51987671704 74.50459833333333,21.75371833333334,319.3198867096489 74.5046,21.75371833333334,319.1198871664 74.50461,21.75372,318.71989376128 74.504625,21.75371666666667,318.5198901633333 74.50462166666667,21.75372166666667,318.2199008128489 74.50462,21.75372333333333,318.1199042104533 74.504615,21.753725,318.0199066946 74.50462166666667,21.75373,317.9199200845601 74.50462333333333,21.753735,317.7199321042933 74.50461333333332,21.75374,317.4199409271467 74.50460666666666,21.75374833333334,317.3199583722845 74.50460500000001,21.75374666666666,316.9199540612267 74.50461333333332,21.75374,316.6199409271467 74.50462,21.75374333333333,316.6199504626134 74.50463166666667,21.75374833333334,316.1199652223511 74.50463666666666,21.753755,315.2199820095733 74.50464666666667,21.753755,315.2199847494933 74.50468000000001,21.75376333333334,315.3200131534933 74.504695,21.75375166666667,315.4199902841467 74.50467666666667,21.75375333333333,315.0199891150577 74.50466166666666,21.75375666666666,314.6199927136089 74.50465333333334,21.75374833333334,314.4199711590756 74.504645,21.753725,314.4199149158 74.50462166666667,21.75372,314.2198969585066 74.50460500000001,21.753715,314.11988082788 74.50459166666666,21.75371,314.1198656105333 74.50458666666667,21.75371,314.1198642402134 74.50458833333333,21.75370333333334,314.1198492792622 74.50458666666667,21.75370333333334,314.2198488224711 74.50459166666666,21.7537,314.219842484 74.50461,21.75370166666666,314.3198513631733 74.50460666666666,21.753695,314.4198350320534 74.50462999999999,21.75369666666666,314.61984528176 74.50462999999999,21.75370333333334,314.61986069904 74.50462,21.753705,314.71986181264 74.504625,21.75371166666666,314.7198786003333 74.504625,21.753715,314.719886309 74.50462833333333,21.753715,314.71988722252 74.50462999999999,21.753715,314.71988767928 74.50464666666667,21.75372666666666,314.7199192268089 74.50464666666667,21.75372833333333,314.8199230810844 74.50466,21.753735,314.91994215184 74.50466666666667,21.753725,314.9199208533333 74.504665,21.75369833333333,314.7198587289733 74.50466333333334,21.75370333333334,314.7198698348622 74.50466833333333,21.753705,314.8198750594534 74.50465166666666,21.75370166666666,314.8198627830622 74.504645,21.75370833333333,314.819876373 74.50464333333333,21.75371666666667,314.9198951876444 74.50464333333333,21.753725,314.9199144590667 74.50465666666668,21.75372666666666,315.0199219671822 74.50465666666668,21.75373333333334,315.0199373841778 74.50466333333334,21.75373833333333,315.1199507737156 74.50464833333334,21.75373833333333,315.2199466634355 74.50465833333332,21.75374166666666,315.219957112111 74.50466666666667,21.75374166666666,315.2199593955555 74.50465166666666,21.75374166666666,315.3199552853555 74.50464666666667,21.75374,315.4199500610134 74.50463666666666,21.75373666666667,315.5199396122489 74.50464000000001,21.75373166666667,315.6199289627733 74.50465166666666,21.75373166666667,315.9199321597823 74.50465000000001,21.753725,315.919916286 74.50462833333333,21.753725,316.1199103484667 74.50461166666668,21.753725,316.3199057811333 74.504615,21.75372666666666,316.31991054896 74.50461166666668,21.75372333333333,316.3199019267645 74.50461,21.75373,316.21991688752 74.50459166666666,21.75372666666666,316.1199041547555 74.50457833333333,21.75372333333333,316.0198927920089 74.50457666666667,21.75372833333333,315.9199038986578 74.50459000000001,21.753735,315.91992297016 74.50459833333333,21.75374166666666,315.8199406713111 74.50463666666666,21.753755,315.3199820095733 74.50465333333334,21.75376333333334,315.1200058473956 74.50467333333333,21.75378,315.1200498690133 74.50468833333333,21.75379,314.92007710328 74.50468666666667,21.753795,314.9200882092267 74.50468333333333,21.7538,314.9200988586667 74.50467,21.75380166666666,315.5200990606133 74.50466333333334,21.75381833333334,316.2201357768089 74.50464333333333,21.75381666666666,316.3201264447111 74.50462833333333,21.75381666666666,316.3201223363111 74.50462666666667,21.75382333333334,316.5201372971378 74.50462666666667,21.75382666666667,316.5201450057956 74.50461833333334,21.753825,316.4201388691334 74.50461166666668,21.75382333333334,316.5201331888978 74.50461166666668,21.75383,316.6201486063734 74.50461666666666,21.75383666666666,316.7201653931555 74.50462,21.75384166666667,316.9201778690667 74.50461333333332,21.75382833333333,316.9201452084623 74.50460833333334,21.75382,317.4201245672 74.504575,21.75380166666666,317.6200730384667 74.50456833333332,21.75380333333333,317.8200750668356 74.50456000000001,21.75380333333333,318.4200727842134 74.50455333333333,21.75379666666667,318.9200555400178 74.50455333333333,21.75379166666666,319.1200439764445 74.504565,21.75378666666666,320.3200356088533 74.50457166666666,21.75379333333334,321.1200528530312 74.50456333333334,21.75379333333334,322.2200505702756 74.50457,21.75380333333333,323.62007552336 74.50456333333334,21.75381166666667,325.0200929697511 74.50455833333334,21.75381833333334,326.0201070182889 74.50455166666667,21.75382333333334,326.8201167559378 74.50456333333334,21.75382833333333,326.8201315147289 74.50456333333334,21.75383333333333,326.7201430782222 74.50456000000001,21.75384,326.52015758336 74.50456166666666,21.753845,326.3201696032934 74.504565,21.753845,326.42017051612 74.50457,21.75385,326.7201834488 74.50457666666667,21.75385166666667,327.1201891288623 74.50457333333334,21.75384833333333,327.320180507129 74.504565,21.753845,327.42017051612 74.50456000000001,21.75383666666666,327.3201498743467 74.50456000000001,21.75383666666666,327.3201498743467 74.50456000000001,21.75383666666666,327.3201498743467 74.50456000000001,21.75383666666666,327.3201498743467 74.50455166666667,21.75381833333334,327.4201051923512 74.50455666666667,21.75381833333334,327.6201065618045 74.50456166666666,21.75382,328.02011178576 74.50456666666668,21.75382166666667,328.1201170096889 74.50456666666668,21.75382166666667,328.1201170096889 74.50456666666668,21.75382166666667,328.1201170096889 74.50459000000001,21.75382666666667,328.8201349636267 74.50460500000001,21.753825,328.9201352174001 74.50462333333333,21.75383,329.4201518015467 74.50465166666666,21.75383,329.6201595612534 74.50467333333333,21.75382833333333,329.9201616409422 74.50470833333334,21.75382666666667,330.2201673724445 74.504745,21.75382666666667,330.1201774146134 74.50477500000001,21.75382333333334,330.0201779230667 74.50480166666667,21.75383,330.2202006420533 74.504825,21.753825,330.720195471 74.50484333333334,21.75381833333334,330.7201850771289 74.50485166666667,21.75380333333333,330.7201526759911 74.50485499999999,21.75379833333333,330.62014202788 74.50486333333333,21.75379333333334,331.0201327494756 74.50486833333333,21.75378666666666,331.6201187043911 74.50487333333334,21.75377833333334,331.8201008057422 74.50487333333334,21.75376333333334,332.1200661227023 74.50487,21.75374166666666,333.1200151116 74.50486333333333,21.753715,334.11995162568 74.50486500000001,21.75368,335.01987115488 74.50486500000001,21.75364166666667,335.3197825199334 74.50486500000001,21.75359833333334,335.6196823239067 74.50486666666667,21.75354833333333,336.7195671703111 74.50486666666667,21.753495,337.1194438522667 74.50486666666667,21.75343833333333,336.9193128268445 74.50486500000001,21.75337833333333,337.6191736363867 74.50486333333333,21.753315,337.7190267382133 74.50485833333333,21.75325,337.9188750700001 74.50484833333333,21.75318166666667,338.3187143187511 74.504835,21.75311333333333,338.1185526485867 74.50483,21.753035,337.51837014552 74.50481833333333,21.752965,337.21820507516 74.50481333333333,21.7529,336.9180533994667 74.504795,21.75284333333333,335.61791731928 74.50478333333334,21.75278666666667,335.1177830727111 74.50476666666667,21.75273666666667,334.1176628616889 74.50475499999999,21.75269,332.71755173448 74.50474,21.75264666666667,331.4174473943467 74.50472166666667,21.7526,330.7173344245333 74.50470666666666,21.752565,329.7172493505067 74.50469166666667,21.75251666666666,330.0171334415556 74.50467833333333,21.75247,330.9170218445601 74.50465833333332,21.75243333333334,330.6169315302222 74.50464000000001,21.75238666666667,331.2168185480533 74.50462166666667,21.75233,331.0166824370933 74.50460166666667,21.75228333333333,331.3165689885778 74.50458499999999,21.75223333333333,331.2164487496 74.50457,21.75219666666667,331.41635980464 74.50457333333334,21.75216166666667,331.7162797823644 74.50457833333333,21.75213166666667,331.8162117848311 74.50458166666667,21.752125,333.016197289 74.50458499999999,21.75212833333334,333.71620591988 74.50458499999999,21.75212833333334,333.71620591988 74.50458499999999,21.75212833333334,333.71620591988 74.50458499999999,21.75212833333334,333.71620591988 74.50458499999999,21.75212833333334,333.71620591988 74.50458499999999,21.75212833333334,333.71620591988 74.50458499999999,21.75212833333334,333.71620591988 74.50458499999999,21.75212833333334,333.71620591988 74.50457666666667,21.75213666666667,333.8162228872356 74.50456666666668,21.75213666666667,333.6162201214223 74.50454833333333,21.75213666666667,333.2162150507644 74.50453,21.75213166666667,332.8161984163467 74.50451166666667,21.752135,333.1162010548134 74.50448833333333,21.75213666666667,333.7161984558844 74.504465,21.75213666666667,333.81619200232 74.504445,21.75213333333334,333.5161787610667 74.50442666666666,21.75213666666667,333.5161814000356 74.50439833333333,21.75214166666666,333.6161851283778 74.50437166666667,21.75215,333.1161970281333 74.50435333333333,21.75215666666666,333.1162073780978 74.50433,21.75216333333334,333.1162163457601 74.50431166666667,21.75216333333334,333.7162112758845 74.50429666666668,21.75216166666667,333.6162032725956 74.50429333333334,21.75216,333.8161984955734 74.50429166666666,21.75215833333333,333.7161941794444 74.50429166666666,21.75216,333.4161980346667 74.50429166666666,21.75216,333.4161980346667 74.50429166666666,21.75216,333.4161980346667 74.50429166666666,21.75216,333.4161980346667 74.50429166666666,21.75216,333.4161980346667 74.50429166666666,21.75216,333.4161980346667 74.50429166666666,21.75216,333.4161980346667 74.50429166666666,21.75216,333.4161980346667 74.50429166666666,21.75216,333.4161980346667 74.50429166666666,21.75216,333.4161980346667 74.50429166666666,21.75216,333.4161980346667 74.50429166666666,21.75216,333.4161980346667 74.50429166666666,21.75216,333.4161980346667 74.50429166666666,21.75216,333.4161980346667 74.50429166666666,21.75216,333.4161980346667 74.50429166666666,21.75216,333.4161980346667 74.50429166666666,21.75216,333.4161980346667 74.50429166666666,21.75216,333.4161980346667 74.50425,21.752245,331.616383134 74.50425,21.75224666666666,331.5163869893333 74.50425333333332,21.75225,331.5163956213333 74.50425333333332,21.75225333333334,331.4164033319823 74.50425333333332,21.75225333333334,331.4164033319823 74.50425333333332,21.75225333333334,331.4164033319823 74.50425333333332,21.75225333333334,331.4164033319823 74.50425333333332,21.75225333333334,331.4164033319823 74.50425333333332,21.75225333333334,331.4164033319823 74.50425333333332,21.75225333333334,331.4164033319823 74.50425333333332,21.75225333333334,331.4164033319823 74.50425333333332,21.75225333333334,331.4164033319823 74.50425333333332,21.75225333333334,331.4164033319823 74.50425333333332,21.75225333333334,331.4164033319823 74.50425333333332,21.75225333333334,331.4164033319823 74.50425333333332,21.75225333333334,331.4164033319823 74.50425333333332,21.75225333333334,331.4164033319823 74.50425333333332,21.75225333333334,331.4164033319823 74.50425333333332,21.75225333333334,331.4164033319823 74.50425333333332,21.75225333333334,331.4164033319823 74.50425333333332,21.75225333333334,331.4164033319823 74.50425333333332,21.75225333333334,331.4164033319823 74.50425333333332,21.75225333333334,331.4164033319823 74.50425333333332,21.75225333333334,331.4164033319823 74.50425333333332,21.75225333333334,331.4164033319823 74.50425333333332,21.75225333333334,331.4164033319823 74.50425333333332,21.75225333333334,331.4164033319823 74.50425333333332,21.75225333333334,331.4164033319823 74.50425333333332,21.75225333333334,331.4164033319823 74.50425333333332,21.75225333333334,331.4164033319823 74.50425333333332,21.75225333333334,331.4164033319823 74.50425333333332,21.75225333333334,331.4164033319823 74.50425333333332,21.75225333333334,331.4164033319823 74.50425333333332,21.75225333333334,331.4164033319823 74.50425333333332,21.75225333333334,331.4164033319823 74.50425333333332,21.75225333333334,331.4164033319823 74.50425333333332,21.75225333333334,331.4164033319823 74.50425333333332,21.75225333333334,331.4164033319823 74.50425333333332,21.75225333333334,331.4164033319823 74.50425333333332,21.75225333333334,331.4164033319823 74.50425333333332,21.75225333333334,331.4164033319823 74.50425333333332,21.75225333333334,331.4164033319823 74.50425333333332,21.75225333333334,331.4164033319823 74.50425333333332,21.75225333333334,331.4164033319823 74.50425333333332,21.75225333333334,331.4164033319823 74.50425333333332,21.75225333333334,331.4164033319823 74.50425333333332,21.75225333333334,331.4164033319823 74.50425333333332,21.75225333333334,331.4164033319823 74.50425333333332,21.75225333333334,331.4164033319823 74.50425333333332,21.75225333333334,331.4164033319823 74.50425333333332,21.75225333333334,331.4164033319823 74.50425333333332,21.75225333333334,331.4164033319823 74.50425333333332,21.75225333333334,331.4164033319823 74.50425333333332,21.75225333333334,331.4164033319823 74.50425333333332,21.75225333333334,331.4164033319823 74.50425333333332,21.75225333333334,331.4164033319823 74.50425333333332,21.75225333333334,331.4164033319823 74.50425333333332,21.75225333333334,331.4164033319823 74.50425333333332,21.75225333333334,331.4164033319823 74.50425333333332,21.75225333333334,331.4164033319823 74.50425333333332,21.75225333333334,331.4164033319823 74.50425333333332,21.75225333333334,331.4164033319823 74.50425333333332,21.75225333333334,331.4164033319823 74.50425333333332,21.75225333333334,331.4164033319823 74.50425333333332,21.75225333333334,331.4164033319823 74.50425333333332,21.75225333333334,331.4164033319823 74.50425333333332,21.75225333333334,331.4164033319823 74.50425333333332,21.75225333333334,331.4164033319823 74.50425333333332,21.75225333333334,331.4164033319823 74.50425333333332,21.75225333333334,331.4164033319823 74.50425333333332,21.75225333333334,331.4164033319823 74.50425333333332,21.75225333333334,331.4164033319823 74.50425333333332,21.75225333333334,331.4164033319823 74.50425333333332,21.75225333333334,331.4164033319823 74.50425333333332,21.75225333333334,331.4164033319823 74.50425333333332,21.75225333333334,331.4164033319823 74.50425333333332,21.75225333333334,331.4164033319823 74.50425333333332,21.75225333333334,331.4164033319823 74.50425333333332,21.75225333333334,331.4164033319823 74.50425333333332,21.75225333333334,331.4164033319823 74.50425333333332,21.75225333333334,331.4164033319823 74.50425333333332,21.75225333333334,331.4164033319823 74.50425333333332,21.75225333333334,331.4164033319823 74.50425333333332,21.75225333333334,331.4164033319823 74.50425333333332,21.75225333333334,331.4164033319823 74.50425333333332,21.75225333333334,331.4164033319823 74.50425333333332,21.75225333333334,331.4164033319823 74.50425333333332,21.75225333333334,331.4164033319823 74.50425333333332,21.75225333333334,331.4164033319823 74.50425333333332,21.75225333333334,331.4164033319823 74.50425333333332,21.75225333333334,331.4164033319823 74.50425333333332,21.75225333333334,331.4164033319823 74.50425333333332,21.75225333333334,331.4164033319823 74.50425333333332,21.75225333333334,331.4164033319823 74.50425333333332,21.75225333333334,331.4164033319823 74.50425333333332,21.75225333333334,331.4164033319823 74.50425333333332,21.75225333333334,331.4164033319823 74.50425333333332,21.75225333333334,331.4164033319823 74.50425333333332,21.75225333333334,331.4164033319823 74.50425333333332,21.75225333333334,331.4164033319823 74.50425333333332,21.75225333333334,331.4164033319823 74.50425333333332,21.75225333333334,331.4164033319823 74.50425333333332,21.75225333333334,331.4164033319823 74.50425333333332,21.75225333333334,331.4164033319823 74.50425333333332,21.75225333333334,331.4164033319823 74.50425333333332,21.75225333333334,331.4164033319823 74.50425333333332,21.75225333333334,331.4164033319823 74.50425333333332,21.75225333333334,331.4164033319823 74.50425333333332,21.75225333333334,331.4164033319823 74.50425333333332,21.75225333333334,331.4164033319823 74.50425333333332,21.75225333333334,331.4164033319823 74.50425333333332,21.75225333333334,331.4164033319823 74.50425333333332,21.75225333333334,331.4164033319823 74.50425333333332,21.75225333333334,331.4164033319823 74.50425333333332,21.75225333333334,331.4164033319823 74.50425333333332,21.75225333333334,331.4164033319823 74.50425333333332,21.75225333333334,331.4164033319823 74.50425333333332,21.75225333333334,331.4164033319823 74.50425333333332,21.75225333333334,331.4164033319823 74.50425333333332,21.75225333333334,331.4164033319823 74.50425333333332,21.75225333333334,331.4164033319823 74.50425333333332,21.75225333333334,331.4164033319823 74.50425333333332,21.75225333333334,331.4164033319823 74.50425333333332,21.75225333333334,331.4164033319823 74.50425333333332,21.75225333333334,331.4164033319823 74.50425333333332,21.75225333333334,331.4164033319823 74.50425333333332,21.75225333333334,331.4164033319823 74.50425333333332,21.75225333333334,331.4164033319823 74.50425333333332,21.75225333333334,331.4164033319823 74.50425333333332,21.75225333333334,331.4164033319823 74.50425333333332,21.75225333333334,331.4164033319823 74.50425333333332,21.75225333333334,331.4164033319823 74.50425333333332,21.75225333333334,331.4164033319823 74.50425333333332,21.75225333333334,331.4164033319823 74.50425333333332,21.75225333333334,331.4164033319823 74.50425333333332,21.75225333333334,331.4164033319823 74.50425333333332,21.75225333333334,331.4164033319823 74.50425333333332,21.75225333333334,331.4164033319823 74.50425333333332,21.75225333333334,331.4164033319823 74.50425333333332,21.75225333333334,331.4164033319823 74.50425333333332,21.75225333333334,331.4164033319823 74.50425333333332,21.75225333333334,331.4164033319823 74.50425333333332,21.75225333333334,331.4164033319823 74.50425333333332,21.75225333333334,331.4164033319823 74.50425333333332,21.75225333333334,331.4164033319823 74.50425333333332,21.75225333333334,331.4164033319823 74.50425333333332,21.75225333333334,331.4164033319823 74.50425333333332,21.75225333333334,331.4164033319823 74.50425333333332,21.75225333333334,331.4164033319823 74.50425333333332,21.75225333333334,331.4164033319823 74.50425333333332,21.75225333333334,331.4164033319823 74.50425333333332,21.75225333333334,331.4164033319823 74.50425333333332,21.75225333333334,331.4164033319823 74.50425333333332,21.75225333333334,331.4164033319823 74.50425333333332,21.75225333333334,331.4164033319823 74.50425333333332,21.75225333333334,331.4164033319823 74.50425333333332,21.75225333333334,331.4164033319823 74.50425333333332,21.75225333333334,331.4164033319823 74.50425333333332,21.75225333333334,331.4164033319823 74.50425333333332,21.75225333333334,331.4164033319823 74.50425333333332,21.75225333333334,331.4164033319823 74.50425333333332,21.75225333333334,331.4164033319823 74.50425333333332,21.75225333333334,331.4164033319823 74.50425333333332,21.75225333333334,331.4164033319823 74.50425333333332,21.75225333333334,331.4164033319823 74.50425333333332,21.75225333333334,331.4164033319823 74.50425333333332,21.75225333333334,331.4164033319823 74.50425333333332,21.75225333333334,331.4164033319823 74.50425333333332,21.75225333333334,331.4164033319823 74.50425333333332,21.75225333333334,331.4164033319823 74.50425333333332,21.75225333333334,331.4164033319823 74.50425333333332,21.75225333333334,331.4164033319823 74.50425333333332,21.75225333333334,331.4164033319823 74.50425333333332,21.75225333333334,331.4164033319823 74.50425333333332,21.75225333333334,331.4164033319823 74.50425333333332,21.75225333333334,331.4164033319823 74.50425333333332,21.75225333333334,331.4164033319823 74.50425333333332,21.75225333333334,331.4164033319823 74.50425333333332,21.75225333333334,331.4164033319823 74.50425333333332,21.75225333333334,331.4164033319823 74.50425333333332,21.75225333333334,331.4164033319823 74.50425333333332,21.75225333333334,331.4164033319823 74.50425333333332,21.75225333333334,331.4164033319823 74.50425333333332,21.75225333333334,331.4164033319823 74.50425333333332,21.75225333333334,331.4164033319823 74.50425333333332,21.75225333333334,331.4164033319823 74.50425333333332,21.75225333333334,331.4164033319823 74.50425333333332,21.75225333333334,331.4164033319823 74.50425333333332,21.75225333333334,331.4164033319823 74.50425333333332,21.75225333333334,331.4164033319823 74.50425333333332,21.75225333333334,331.4164033319823 74.50425333333332,21.75225333333334,331.4164033319823 74.50425333333332,21.75225333333334,331.4164033319823 74.50425333333332,21.75225333333334,331.4164033319823 74.50425333333332,21.75225333333334,331.4164033319823 74.50425333333332,21.75225333333334,331.4164033319823 74.50425333333332,21.75225333333334,331.4164033319823 74.50425333333332,21.75225333333334,331.4164033319823 74.50425333333332,21.75225333333334,331.4164033319823 74.50425333333332,21.75225333333334,331.4164033319823 74.50425333333332,21.75225333333334,331.4164033319823 74.50425333333332,21.75225333333334,331.4164033319823 74.50425333333332,21.75225333333334,331.4164033319823 74.50425333333332,21.75225333333334,331.4164033319823 74.50425333333332,21.75225333333334,331.4164033319823 74.50425333333332,21.75225333333334,331.4164033319823 74.50425333333332,21.75225333333334,331.4164033319823 74.50425333333332,21.75225333333334,331.4164033319823 74.50425333333332,21.75225333333334,331.4164033319823 74.50425333333332,21.75225333333334,331.4164033319823 74.50425333333332,21.75225333333334,331.4164033319823 74.50425333333332,21.75225333333334,331.4164033319823 74.50425333333332,21.75225333333334,331.4164033319823 74.50425333333332,21.75225333333334,331.4164033319823 74.50425333333332,21.75225333333334,331.4164033319823 74.50425333333332,21.75225333333334,331.4164033319823 74.50425333333332,21.75225333333334,331.4164033319823 74.50425333333332,21.75225333333334,331.4164033319823 74.50425333333332,21.75225333333334,331.4164033319823 74.50425333333332,21.75225333333334,331.4164033319823 74.50425333333332,21.75225333333334,331.4164033319823 74.50425333333332,21.75225333333334,331.4164033319823 74.50425333333332,21.75225333333334,331.4164033319823 74.50425333333332,21.75225333333334,331.4164033319823 74.50425333333332,21.75225333333334,331.4164033319823 74.50425333333332,21.75225333333334,331.4164033319823 74.50425333333332,21.75225333333334,331.4164033319823 74.50425333333332,21.75225333333334,331.4164033319823 74.50425333333332,21.75225333333334,331.4164033319823 74.50425333333332,21.75225333333334,331.4164033319823 74.50425333333332,21.75225333333334,331.4164033319823 74.50425333333332,21.75225333333334,331.4164033319823 74.50425333333332,21.75225333333334,331.4164033319823 74.50425333333332,21.75225333333334,331.4164033319823 74.50425333333332,21.75225333333334,331.4164033319823 74.50425333333332,21.75225333333334,331.4164033319823 74.50425333333332,21.75225333333334,331.4164033319823 74.50425333333332,21.75225333333334,331.4164033319823 74.50425333333332,21.75225333333334,331.4164033319823 74.50425333333332,21.75225333333334,331.4164033319823 74.50425333333332,21.75225333333334,331.4164033319823 74.50425333333332,21.75225333333334,331.4164033319823 74.50425333333332,21.75225333333334,331.4164033319823 74.50425333333332,21.75225333333334,331.4164033319823 74.50425333333332,21.75225333333334,331.4164033319823 74.50425333333332,21.75225333333334,331.4164033319823 74.50425333333332,21.75225333333334,331.4164033319823 74.50425333333332,21.75225333333334,331.4164033319823 74.50425333333332,21.75225333333334,331.4164033319823 74.50425333333332,21.75225333333334,331.4164033319823 74.50425333333332,21.75225333333334,331.4164033319823 74.50425333333332,21.75225333333334,331.4164033319823 74.50425333333332,21.75225333333334,331.4164033319823 74.50425333333332,21.75225333333334,331.4164033319823 74.50425333333332,21.75225333333334,331.4164033319823 74.50425333333332,21.75225333333334,331.4164033319823 74.50425333333332,21.75225333333334,331.4164033319823 74.50425333333332,21.75225333333334,331.4164033319823 74.50425333333332,21.75225333333334,331.4164033319823 74.50425333333332,21.75225333333334,331.4164033319823 74.50425333333332,21.75225333333334,331.4164033319823 74.50425333333332,21.75225333333334,331.4164033319823 74.50425333333332,21.75225333333334,331.4164033319823 74.50425333333332,21.75225333333334,331.4164033319823 74.50425333333332,21.75225333333334,331.4164033319823 74.50425333333332,21.75225333333334,331.4164033319823 74.50425333333332,21.75225333333334,331.4164033319823 74.50425333333332,21.75225333333334,331.4164033319823 74.50425333333332,21.75225333333334,331.4164033319823 74.50425333333332,21.75225333333334,331.4164033319823 74.50425333333332,21.75225333333334,331.4164033319823 74.50425333333332,21.75225333333334,331.4164033319823 74.50425333333332,21.75225333333334,331.4164033319823 74.50425333333332,21.75225333333334,331.4164033319823 74.50425333333332,21.75225333333334,331.4164033319823 74.50425333333332,21.75225333333334,331.4164033319823 74.50425333333332,21.75225333333334,331.4164033319823 74.50425333333332,21.75225333333334,331.4164033319823 74.50425333333332,21.75225333333334,331.4164033319823 74.50425333333332,21.75225333333334,331.4164033319823 74.50425333333332,21.75225333333334,331.4164033319823 74.50425333333332,21.75225333333334,331.4164033319823 74.50425333333332,21.75225333333334,331.4164033319823 74.50425333333332,21.75225333333334,331.4164033319823 74.50425333333332,21.75225333333334,331.4164033319823 74.50425333333332,21.75225333333334,331.4164033319823 74.50425333333332,21.75225333333334,331.4164033319823 74.50425333333332,21.75225333333334,331.4164033319823 74.50425333333332,21.75225333333334,331.4164033319823 74.50425333333332,21.75225333333334,331.4164033319823 74.50425333333332,21.75225333333334,331.4164033319823 74.50425333333332,21.75225333333334,331.4164033319823 74.50425333333332,21.75225333333334,331.4164033319823 74.50425333333332,21.75225333333334,331.4164033319823 74.50425333333332,21.75225333333334,331.4164033319823 74.50425333333332,21.75225333333334,331.4164033319823 74.50425333333332,21.75225333333334,331.4164033319823 74.50425333333332,21.75225333333334,331.4164033319823 74.50425333333332,21.75225333333334,331.4164033319823 74.50425333333332,21.75225333333334,331.4164033319823 74.50425333333332,21.75225333333334,331.4164033319823 74.50425333333332,21.75225333333334,331.4164033319823 74.50425333333332,21.75225333333334,331.4164033319823 74.50425333333332,21.75225333333334,331.4164033319823 74.50425333333332,21.75225333333334,331.4164033319823 74.50425333333332,21.75225333333334,331.4164033319823 74.50425333333332,21.75225333333334,331.4164033319823 74.50425333333332,21.75225333333334,331.4164033319823 74.50425333333332,21.75225333333334,331.4164033319823 74.50425333333332,21.75225333333334,331.4164033319823 74.50425333333332,21.75225333333334,331.4164033319823 74.50425333333332,21.75225333333334,331.4164033319823 74.50425333333332,21.75225333333334,331.4164033319823 74.50425333333332,21.75225333333334,331.4164033319823 74.50425333333332,21.75225333333334,331.4164033319823 74.50425333333332,21.75225333333334,331.4164033319823 74.50425333333332,21.75225333333334,331.4164033319823 74.50425333333332,21.75225333333334,331.4164033319823 74.50425333333332,21.75225333333334,331.4164033319823 74.50425333333332,21.75225333333334,331.4164033319823 74.50425333333332,21.75225333333334,331.4164033319823 74.50425333333332,21.75225333333334,331.4164033319823 74.50425333333332,21.75225333333334,331.4164033319823 74.50425333333332,21.75225333333334,331.4164033319823 74.50425333333332,21.75225333333334,331.4164033319823 74.50425333333332,21.75225333333334,331.4164033319823 74.50425333333332,21.75225333333334,331.4164033319823 74.50425333333332,21.75225333333334,331.4164033319823 74.50425333333332,21.75225333333334,331.4164033319823 74.50425333333332,21.75225333333334,331.4164033319823 74.50425333333332,21.75225333333334,331.4164033319823 74.50425333333332,21.75225333333334,331.4164033319823 74.50425333333332,21.75225333333334,331.4164033319823 74.50425333333332,21.75225333333334,331.4164033319823 74.50425333333332,21.75225333333334,331.4164033319823 74.50425333333332,21.75225333333334,331.4164033319823 74.50425333333332,21.75225333333334,331.4164033319823 74.50425333333332,21.75225333333334,331.4164033319823 74.50425333333332,21.75225333333334,331.4164033319823 74.50425333333332,21.75225333333334,331.4164033319823 74.50425333333332,21.75225333333334,331.4164033319823 74.50425333333332,21.75225333333334,331.4164033319823 74.50425333333332,21.75225333333334,331.4164033319823 74.50425333333332,21.75225333333334,331.4164033319823 74.50425333333332,21.75225333333334,331.4164033319823 74.50425333333332,21.75225333333334,331.4164033319823 74.50425333333332,21.75225333333334,331.4164033319823 74.50425333333332,21.75225333333334,331.4164033319823 74.50425333333332,21.75225333333334,331.4164033319823 74.50425333333332,21.75225333333334,331.4164033319823 74.50425333333332,21.75225333333334,331.4164033319823 74.50425333333332,21.75225333333334,331.4164033319823 74.50425333333332,21.75225333333334,331.4164033319823 74.50425333333332,21.75225333333334,331.4164033319823 74.50425333333332,21.75225333333334,331.4164033319823 74.50425333333332,21.75225333333334,331.4164033319823 74.50425333333332,21.75225333333334,331.4164033319823 74.50425333333332,21.75225333333334,331.4164033319823 74.50425333333332,21.75225333333334,331.4164033319823 74.50425333333332,21.75225333333334,331.4164033319823 74.50425333333332,21.75225333333334,331.4164033319823 74.50425333333332,21.75225333333334,331.4164033319823 74.50425333333332,21.75225333333334,331.4164033319823 74.50425333333332,21.75225333333334,331.4164033319823 74.50425333333332,21.75225333333334,331.4164033319823 74.50425333333332,21.75225333333334,331.4164033319823 74.50425333333332,21.75225333333334,331.4164033319823 74.50425333333332,21.75225333333334,331.4164033319823 74.50425333333332,21.75225333333334,331.4164033319823 74.50425333333332,21.75225333333334,331.4164033319823 74.50425333333332,21.75225333333334,331.4164033319823 74.50425333333332,21.75225333333334,331.4164033319823 74.50425333333332,21.75225333333334,331.4164033319823 74.50425333333332,21.75225333333334,331.4164033319823 74.50425333333332,21.75225333333334,331.4164033319823 74.50425333333332,21.75225333333334,331.4164033319823 74.50425333333332,21.75225333333334,331.4164033319823 74.50425333333332,21.75225333333334,331.4164033319823 74.50425333333332,21.75225333333334,331.4164033319823 74.50425333333332,21.75225333333334,331.4164033319823 74.50425333333332,21.75225333333334,331.4164033319823 74.50425333333332,21.75225333333334,331.4164033319823 74.50425333333332,21.75225333333334,331.4164033319823 74.50425333333332,21.75225333333334,331.4164033319823 74.50425333333332,21.75225333333334,331.4164033319823 74.50425333333332,21.75225333333334,331.4164033319823 74.50425333333332,21.75225333333334,331.4164033319823 74.50425333333332,21.75225333333334,331.4164033319823 74.50425333333332,21.75225333333334,331.4164033319823 74.50425333333332,21.75225333333334,331.4164033319823 74.50425333333332,21.75225333333334,331.4164033319823 74.50425333333332,21.75225333333334,331.4164033319823 74.50425333333332,21.75225333333334,331.4164033319823 74.50425333333332,21.75225333333334,331.4164033319823 74.50425333333332,21.75225333333334,331.4164033319823 74.50425333333332,21.75225333333334,331.4164033319823 74.50425333333332,21.75225333333334,331.4164033319823 74.50425333333332,21.75225333333334,331.4164033319823 74.50425333333332,21.75225333333334,331.4164033319823 74.50425333333332,21.75225333333334,331.4164033319823 74.50425333333332,21.75225333333334,331.4164033319823 74.50425333333332,21.75225333333334,331.4164033319823 74.50425333333332,21.75225333333334,331.4164033319823 74.50425333333332,21.75225333333334,331.4164033319823 74.50425333333332,21.75225333333334,331.4164033319823 74.50425333333332,21.75225333333334,331.4164033319823 74.50425333333332,21.75225333333334,331.4164033319823 74.50425333333332,21.75225333333334,331.4164033319823 74.50425333333332,21.75225333333334,331.4164033319823 74.50425333333332,21.75225333333334,331.4164033319823 74.50425333333332,21.75225333333334,331.4164033319823 74.50425333333332,21.75225333333334,331.4164033319823 74.50425333333332,21.75225333333334,331.4164033319823 74.50425333333332,21.75225333333334,331.4164033319823 74.50425333333332,21.75225333333334,331.4164033319823 74.50425333333332,21.75225333333334,331.4164033319823 74.50425333333332,21.75225333333334,331.4164033319823 74.50425333333332,21.75225333333334,331.4164033319823 74.50425333333332,21.75225333333334,331.4164033319823 74.50425333333332,21.75225333333334,331.4164033319823 74.50425333333332,21.75225333333334,331.4164033319823 74.50425333333332,21.75225333333334,331.4164033319823 74.50425333333332,21.75225333333334,331.4164033319823 74.50425333333332,21.75225333333334,331.4164033319823 74.50425333333332,21.75225333333334,331.4164033319823 74.50425333333332,21.75225333333334,331.4164033319823 74.50425333333332,21.75225333333334,331.4164033319823 74.50425333333332,21.75225333333334,331.4164033319823 74.50425333333332,21.75225333333334,331.4164033319823 74.50425333333332,21.75225333333334,331.4164033319823 74.50425333333332,21.75225333333334,331.4164033319823 74.50425333333332,21.75225333333334,331.4164033319823 74.50425333333332,21.75225333333334,331.4164033319823 74.50425333333332,21.75225333333334,331.4164033319823 74.50425333333332,21.75225333333334,331.4164033319823 74.50425333333332,21.75225333333334,331.4164033319823 74.50425333333332,21.75225333333334,331.4164033319823 74.50425333333332,21.75225333333334,331.4164033319823 74.50425333333332,21.75225333333334,331.4164033319823 74.50425333333332,21.75225333333334,331.4164033319823 74.50425333333332,21.75225333333334,331.4164033319823 74.50425333333332,21.75225333333334,331.4164033319823 74.50425333333332,21.75225333333334,331.4164033319823 74.50425333333332,21.75225333333334,331.4164033319823 74.50425333333332,21.75225333333334,331.4164033319823 74.50425333333332,21.75225333333334,331.4164033319823 74.50425333333332,21.75225333333334,331.4164033319823 74.50425333333332,21.75225333333334,331.4164033319823 74.50425333333332,21.75225333333334,331.4164033319823 74.50425333333332,21.75225333333334,331.4164033319823 74.50425333333332,21.75225333333334,331.4164033319823 74.50425333333332,21.75225333333334,331.4164033319823 74.50425333333332,21.75225333333334,331.4164033319823 74.50425333333332,21.75225333333334,331.4164033319823 74.50425333333332,21.75225333333334,331.4164033319823 74.50425333333332,21.75225333333334,331.4164033319823 74.50425333333332,21.75225333333334,331.4164033319823 74.50425333333332,21.75225333333334,331.4164033319823 74.50425333333332,21.75225333333334,331.4164033319823 74.50425333333332,21.75225333333334,331.4164033319823 74.50425333333332,21.75225333333334,331.4164033319823 74.50425333333332,21.75225333333334,331.4164033319823 74.50425333333332,21.75225333333334,331.4164033319823 74.50425333333332,21.75225333333334,331.4164033319823 74.50425333333332,21.75225333333334,331.4164033319823 74.50425333333332,21.75225333333334,331.4164033319823 74.50425333333332,21.75225333333334,331.4164033319823 74.50425333333332,21.75225333333334,331.4164033319823 74.50425333333332,21.75225333333334,331.4164033319823 74.50425333333332,21.75225333333334,331.4164033319823 74.50425333333332,21.75225333333334,331.4164033319823 74.50425333333332,21.75225333333334,331.4164033319823 74.50425333333332,21.75225333333334,331.4164033319823 74.50425333333332,21.75225333333334,331.4164033319823 74.50425333333332,21.75225333333334,331.4164033319823 74.50425333333332,21.75225333333334,331.4164033319823 74.50425333333332,21.75225333333334,331.4164033319823 74.50425333333332,21.75225333333334,331.4164033319823 74.50425333333332,21.75225333333334,331.4164033319823 74.50425333333332,21.75225333333334,331.4164033319823 74.50425333333332,21.75225333333334,331.4164033319823 74.50425333333332,21.75225333333334,331.4164033319823 74.50425333333332,21.75225333333334,331.4164033319823 74.50425333333332,21.75225333333334,331.4164033319823 74.50425333333332,21.75225333333334,331.4164033319823 74.50425333333332,21.75225333333334,331.4164033319823 74.50425333333332,21.75225333333334,331.4164033319823 74.50425333333332,21.75225333333334,331.4164033319823 74.50425333333332,21.75225333333334,331.4164033319823 74.50425333333332,21.75225333333334,331.4164033319823 74.50425333333332,21.75225333333334,331.4164033319823 74.50425333333332,21.75225333333334,331.4164033319823 74.50425333333332,21.75225333333334,331.4164033319823 74.50425333333332,21.75225333333334,331.4164033319823 74.50425333333332,21.75225333333334,331.4164033319823 74.50425333333332,21.75225333333334,331.4164033319823 74.50425333333332,21.75225333333334,331.4164033319823 74.50425333333332,21.75225333333334,331.4164033319823 74.50425333333332,21.75225333333334,331.4164033319823 74.50425333333332,21.75225333333334,331.4164033319823 74.50425333333332,21.75225333333334,331.4164033319823 74.50425333333332,21.75225333333334,331.4164033319823 74.50425333333332,21.75225333333334,331.4164033319823 74.50425333333332,21.75225333333334,331.4164033319823 74.50425333333332,21.75225333333334,331.4164033319823 74.50425333333332,21.75225333333334,331.4164033319823 74.50425333333332,21.75225333333334,331.4164033319823 74.50425333333332,21.75225333333334,331.4164033319823 74.50425333333332,21.75225333333334,331.4164033319823 74.50425333333332,21.75225333333334,331.4164033319823 74.50425333333332,21.75225333333334,331.4164033319823 74.50425333333332,21.75225333333334,331.4164033319823 74.50425333333332,21.75225333333334,331.4164033319823 74.50425333333332,21.75225333333334,331.4164033319823 74.50425333333332,21.75225333333334,331.4164033319823 74.50425333333332,21.75225333333334,331.4164033319823 74.50425333333332,21.75225333333334,331.4164033319823 74.50425333333332,21.75225333333334,331.4164033319823 74.50425333333332,21.75225333333334,331.4164033319823 74.50425333333332,21.75225333333334,331.4164033319823 74.50425333333332,21.75225333333334,331.4164033319823 74.50425333333332,21.75225333333334,331.4164033319823 74.50425333333332,21.75225333333334,331.4164033319823 74.50425333333332,21.75225333333334,331.4164033319823 74.50425333333332,21.75225333333334,331.4164033319823 74.50425333333332,21.75225333333334,331.4164033319823 74.50425333333332,21.75225333333334,331.4164033319823 74.50425333333332,21.75225333333334,331.4164033319823 74.50425333333332,21.75225333333334,331.4164033319823 74.50425333333332,21.75225333333334,331.4164033319823 74.50425333333332,21.75225333333334,331.4164033319823 74.50425333333332,21.75225333333334,331.4164033319823 74.50425333333332,21.75225333333334,331.4164033319823 74.50425333333332,21.75225333333334,331.4164033319823 74.50425333333332,21.75225333333334,331.4164033319823 74.50425333333332,21.75225333333334,331.4164033319823 74.50425333333332,21.75225333333334,331.4164033319823 74.50425333333332,21.75225333333334,331.4164033319823 74.50425333333332,21.75225333333334,331.4164033319823 74.50425333333332,21.75225333333334,331.4164033319823 74.50425333333332,21.75225333333334,331.4164033319823 74.50425333333332,21.75225333333334,331.4164033319823 74.50425333333332,21.75225333333334,331.4164033319823 74.50425333333332,21.75225333333334,331.4164033319823 74.50425333333332,21.75225333333334,331.4164033319823 74.50425333333332,21.75225333333334,331.4164033319823 74.50425333333332,21.75225333333334,331.4164033319823 74.50425333333332,21.75225333333334,331.4164033319823 74.50425333333332,21.75225333333334,331.4164033319823 74.50425333333332,21.75225333333334,331.4164033319823 74.50425333333332,21.75225333333334,331.4164033319823 74.50425333333332,21.75225333333334,331.4164033319823 74.50425333333332,21.75225333333334,331.4164033319823 74.50425333333332,21.75225333333334,331.4164033319823 74.50425333333332,21.75225333333334,331.4164033319823 74.50425333333332,21.75225333333334,331.4164033319823 74.50425333333332,21.75225333333334,331.4164033319823 74.50425333333332,21.75225333333334,331.4164033319823 74.50425333333332,21.75225333333334,331.4164033319823 74.50425333333332,21.75225333333334,331.4164033319823 74.50425333333332,21.75225333333334,331.4164033319823 74.50425333333332,21.75225333333334,331.4164033319823 74.50425333333332,21.75225333333334,331.4164033319823 74.50425333333332,21.75225333333334,331.4164033319823 74.50425333333332,21.75225333333334,331.4164033319823 74.50425333333332,21.75225333333334,331.4164033319823 74.50425333333332,21.75225333333334,331.4164033319823 74.50425333333332,21.75225333333334,331.4164033319823 74.50425333333332,21.75225333333334,331.4164033319823 74.50425333333332,21.75225333333334,331.4164033319823 74.50425333333332,21.75225333333334,331.4164033319823 74.50425333333332,21.75225333333334,331.4164033319823 74.50425333333332,21.75225333333334,331.4164033319823 74.50425333333332,21.75225333333334,331.4164033319823 74.50425333333332,21.75225333333334,331.4164033319823 74.50425333333332,21.75225333333334,331.4164033319823 74.50425333333332,21.75225333333334,331.4164033319823 74.50425333333332,21.75225333333334,331.4164033319823 74.50425333333332,21.75225333333334,331.4164033319823 74.50425333333332,21.75225333333334,331.4164033319823 74.50425333333332,21.75225333333334,331.4164033319823 74.50425333333332,21.75225333333334,331.4164033319823 74.50425333333332,21.75225333333334,331.4164033319823 74.50425333333332,21.75225333333334,331.4164033319823 74.50425333333332,21.75225333333334,331.4164033319823 74.50425333333332,21.75225333333334,331.4164033319823 74.50425333333332,21.75225333333334,331.4164033319823 74.50425333333332,21.75225333333334,331.4164033319823 74.50425333333332,21.75225333333334,331.4164033319823 74.50425333333332,21.75225333333334,331.4164033319823 74.50425333333332,21.75225333333334,331.4164033319823 74.50425333333332,21.75225333333334,331.4164033319823 74.50425333333332,21.75225333333334,331.4164033319823 74.50425333333332,21.75225333333334,331.4164033319823 74.50425333333332,21.75225333333334,331.4164033319823 74.50425333333332,21.75225333333334,331.4164033319823 74.50425333333332,21.75225333333334,331.4164033319823 74.50425333333332,21.75225333333334,331.4164033319823 74.50425333333332,21.75225333333334,331.4164033319823 74.50425333333332,21.75225333333334,331.4164033319823 74.50425333333332,21.75225333333334,331.4164033319823 74.50425333333332,21.75225333333334,331.4164033319823 74.50425333333332,21.75225333333334,331.4164033319823 74.50425333333332,21.75225333333334,331.4164033319823 74.50425333333332,21.75225333333334,331.4164033319823 74.50425333333332,21.75225333333334,331.4164033319823 74.50425333333332,21.75225333333334,331.4164033319823 74.50425333333332,21.75225333333334,331.4164033319823 74.50425333333332,21.75225333333334,331.4164033319823 74.50425333333332,21.75225333333334,331.4164033319823 74.50425333333332,21.75225333333334,331.4164033319823 74.50425333333332,21.75225333333334,331.4164033319823 74.50425333333332,21.75225333333334,331.4164033319823 74.50425333333332,21.75225333333334,331.4164033319823 74.50425333333332,21.75225333333334,331.4164033319823 74.50425333333332,21.75225333333334,331.4164033319823 74.50425333333332,21.75225333333334,331.4164033319823 74.50425333333332,21.75225333333334,331.4164033319823 74.50425333333332,21.75225333333334,331.4164033319823 74.50425333333332,21.75225333333334,331.4164033319823 74.50425333333332,21.75225333333334,331.4164033319823 74.50425333333332,21.75225333333334,331.4164033319823 74.50425333333332,21.75225333333334,331.4164033319823 74.50425333333332,21.75225333333334,331.4164033319823 74.50425333333332,21.75225333333334,331.4164033319823 74.50425333333332,21.75225333333334,331.4164033319823 74.50425333333332,21.75225333333334,331.4164033319823 74.50425333333332,21.75225333333334,331.4164033319823 74.50425333333332,21.75225333333334,331.4164033319823 74.50425333333332,21.75225333333334,331.4164033319823 74.50425333333332,21.75225333333334,331.4164033319823 74.50425333333332,21.75225333333334,331.4164033319823 74.50425333333332,21.75225333333334,331.4164033319823 74.50425333333332,21.75225333333334,331.4164033319823 74.50425333333332,21.75225333333334,331.4164033319823 74.50425333333332,21.75225333333334,331.4164033319823 74.50425333333332,21.75225333333334,331.4164033319823 74.50425333333332,21.75225333333334,331.4164033319823 74.50425333333332,21.75225333333334,331.4164033319823 74.50425333333332,21.75225333333334,331.4164033319823 74.50425333333332,21.75225333333334,331.4164033319823 74.50425333333332,21.75225333333334,331.4164033319823 74.50425333333332,21.75225333333334,331.4164033319823 74.50425333333332,21.75225333333334,331.4164033319823 74.50425333333332,21.75225333333334,331.4164033319823 74.50425333333332,21.75225333333334,331.4164033319823 74.50425333333332,21.75225333333334,331.4164033319823 74.50425333333332,21.75225333333334,331.4164033319823 74.50425333333332,21.75225333333334,331.4164033319823 74.50425333333332,21.75225333333334,331.4164033319823 74.50425333333332,21.75225333333334,331.4164033319823 74.50425333333332,21.75225333333334,331.4164033319823 74.50425333333332,21.75225333333334,331.4164033319823 74.50425333333332,21.75225333333334,331.4164033319823 74.50425333333332,21.75225333333334,331.4164033319823 74.50425333333332,21.75225333333334,331.4164033319823 74.50425333333332,21.75225333333334,331.4164033319823 74.50425333333332,21.75225333333334,331.4164033319823 74.50425333333332,21.75225333333334,331.4164033319823 74.50425333333332,21.75225333333334,331.4164033319823 74.50425333333332,21.75225333333334,331.4164033319823 74.50425333333332,21.75225333333334,331.4164033319823 74.50425333333332,21.75225333333334,331.4164033319823 74.50425333333332,21.75225333333334,331.4164033319823 74.50425333333332,21.75225333333334,331.4164033319823 74.50425333333332,21.75225333333334,331.4164033319823 74.50425333333332,21.75225333333334,331.4164033319823 74.50425333333332,21.75225333333334,331.4164033319823 74.50425333333332,21.75225333333334,331.4164033319823 74.50425333333332,21.75225333333334,331.4164033319823 74.50425333333332,21.75225333333334,331.4164033319823 74.50425333333332,21.75225333333334,331.4164033319823 74.50425333333332,21.75225333333334,331.4164033319823 74.50425333333332,21.75225333333334,331.4164033319823 74.50425333333332,21.75225333333334,331.4164033319823 74.50425333333332,21.75225333333334,331.4164033319823 74.50425333333332,21.75225333333334,331.4164033319823 74.50425333333332,21.75225333333334,331.4164033319823 74.50425333333332,21.75225333333334,331.4164033319823 74.50425333333332,21.75225333333334,331.4164033319823 74.50425333333332,21.75225333333334,331.4164033319823 74.50425333333332,21.75225333333334,331.4164033319823 74.50425333333332,21.75225333333334,331.4164033319823 74.50425333333332,21.75225333333334,331.4164033319823 74.50425333333332,21.75225333333334,331.4164033319823 74.50425333333332,21.75225333333334,331.4164033319823 74.50425333333332,21.75225333333334,331.4164033319823 74.50425333333332,21.75225333333334,331.4164033319823 74.50425333333332,21.75225333333334,331.4164033319823 74.50425333333332,21.75225333333334,331.4164033319823 74.50425333333332,21.75225333333334,331.4164033319823 74.50425333333332,21.75225333333334,331.4164033319823 74.50425333333332,21.75225333333334,331.4164033319823 74.50425333333332,21.75225333333334,331.4164033319823 74.50425333333332,21.75225333333334,331.4164033319823 74.50425333333332,21.75225333333334,331.4164033319823 74.50425333333332,21.75225333333334,331.4164033319823 74.50425333333332,21.75225333333334,331.4164033319823 74.50425333333332,21.75225333333334,331.4164033319823 74.50425333333332,21.75225333333334,331.4164033319823 74.50425333333332,21.75225333333334,331.4164033319823 74.50425333333332,21.75225333333334,331.4164033319823 74.50425333333332,21.75225333333334,331.4164033319823 74.50425333333332,21.75225333333334,331.4164033319823 74.50425333333332,21.75225333333334,331.4164033319823 74.50425333333332,21.75225333333334,331.4164033319823 74.50425333333332,21.75225333333334,331.4164033319823 74.50425333333332,21.75225333333334,331.4164033319823 74.50425333333332,21.75225333333334,331.4164033319823 74.50425333333332,21.75225333333334,331.4164033319823 74.50425333333332,21.75225333333334,331.4164033319823 74.50425333333332,21.75225333333334,331.4164033319823 74.50425333333332,21.75225333333334,331.4164033319823 74.50425333333332,21.75225333333334,331.4164033319823 74.50425333333332,21.75225333333334,331.4164033319823 74.50425333333332,21.75225333333334,331.4164033319823 74.50425333333332,21.75225333333334,331.4164033319823 74.50425333333332,21.75225333333334,331.4164033319823 74.50425333333332,21.75225333333334,331.4164033319823 74.50425333333332,21.75225333333334,331.4164033319823 74.50425333333332,21.75225333333334,331.4164033319823 74.50425333333332,21.75225333333334,331.4164033319823 74.50425333333332,21.75225333333334,331.4164033319823 74.50425333333332,21.75225333333334,331.4164033319823 74.50425333333332,21.75225333333334,331.4164033319823 74.50425333333332,21.75225333333334,331.4164033319823 74.50425333333332,21.75225333333334,331.4164033319823 74.50425333333332,21.75225333333334,331.4164033319823 74.50425333333332,21.75225333333334,331.4164033319823 74.50425333333332,21.75225333333334,331.4164033319823 74.50425333333332,21.75225333333334,331.4164033319823 74.50425333333332,21.75225333333334,331.4164033319823 74.50425333333332,21.75225333333334,331.4164033319823 74.50425333333332,21.75225333333334,331.4164033319823 74.50425333333332,21.75225333333334,331.4164033319823 74.50425333333332,21.75225333333334,331.4164033319823 74.50425333333332,21.75225333333334,331.4164033319823 74.50425333333332,21.75225333333334,331.4164033319823 74.50425333333332,21.75225333333334,331.4164033319823 74.50425333333332,21.75225333333334,331.4164033319823 74.50425333333332,21.75225333333334,331.4164033319823 74.50425333333332,21.75225333333334,331.4164033319823 74.50425333333332,21.75225333333334,331.4164033319823 74.50425333333332,21.75225333333334,331.4164033319823 74.50425333333332,21.75225333333334,331.4164033319823 74.50425333333332,21.75225333333334,331.4164033319823 74.50425333333332,21.75225333333334,331.4164033319823 74.50425333333332,21.75225333333334,331.4164033319823 74.50425333333332,21.75225333333334,331.4164033319823 74.50425333333332,21.75225333333334,331.4164033319823 74.50425333333332,21.75225333333334,331.4164033319823 74.50425333333332,21.75225333333334,331.4164033319823 74.50425333333332,21.75225333333334,331.4164033319823 74.50425333333332,21.75225333333334,331.4164033319823 74.50425333333332,21.75225333333334,331.4164033319823 74.50425333333332,21.75225333333334,331.4164033319823 74.50425333333332,21.75225333333334,331.4164033319823 74.50425333333332,21.75225333333334,331.4164033319823 74.50425333333332,21.75225333333334,331.4164033319823 74.50425333333332,21.75225333333334,331.4164033319823 74.50425333333332,21.75225333333334,331.4164033319823 74.50425333333332,21.75225333333334,331.4164033319823 74.50425333333332,21.75225333333334,331.4164033319823 74.50425333333332,21.75225333333334,331.4164033319823 74.50425333333332,21.75225333333334,331.4164033319823 74.50425333333332,21.75225333333334,331.4164033319823 74.50425333333332,21.75225333333334,331.4164033319823 74.50425333333332,21.75225333333334,331.4164033319823 74.50425333333332,21.75225333333334,331.4164033319823 74.50425333333332,21.75225333333334,331.4164033319823 74.50425333333332,21.75225333333334,331.4164033319823 74.50425333333332,21.75225333333334,331.4164033319823 74.50425333333332,21.75225333333334,331.4164033319823 74.50425333333332,21.75225333333334,331.4164033319823 74.50425333333332,21.75225333333334,331.4164033319823 74.50425333333332,21.75225333333334,331.4164033319823 74.50425333333332,21.75225333333334,331.4164033319823 74.50425333333332,21.75225333333334,331.4164033319823 74.50425333333332,21.75225333333334,331.4164033319823 74.50425333333332,21.75225333333334,331.4164033319823 74.50425333333332,21.75225333333334,331.4164033319823 74.50425333333332,21.75225333333334,331.4164033319823 74.50425333333332,21.75225333333334,331.4164033319823 74.50425333333332,21.75225333333334,331.4164033319823 74.50425333333332,21.75225333333334,331.4164033319823 74.50425333333332,21.75225333333334,331.4164033319823 74.50425333333332,21.75225333333334,331.4164033319823 74.50425333333332,21.75225333333334,331.4164033319823 74.50425333333332,21.75225333333334,331.4164033319823 74.50425333333332,21.75225333333334,331.4164033319823 74.50425333333332,21.75225333333334,331.4164033319823 74.50425333333332,21.75225333333334,331.4164033319823 74.50425333333332,21.75225333333334,331.4164033319823 74.50425333333332,21.75225333333334,331.4164033319823 74.50425333333332,21.75225333333334,331.4164033319823 74.50425333333332,21.75225333333334,331.4164033319823 74.50425333333332,21.75225333333334,331.4164033319823 74.50425333333332,21.75225333333334,331.4164033319823 74.50425333333332,21.75225333333334,331.4164033319823 74.50425333333332,21.75225333333334,331.4164033319823 74.50425333333332,21.75225333333334,331.4164033319823 74.50425333333332,21.75225333333334,331.4164033319823 74.50425333333332,21.75225333333334,331.4164033319823 74.50425333333332,21.75225333333334,331.4164033319823 74.50425333333332,21.75225333333334,331.4164033319823 74.50425333333332,21.75225333333334,331.4164033319823 74.50425333333332,21.75225333333334,331.4164033319823 74.50425333333332,21.75225333333334,331.4164033319823 74.50425333333332,21.75225333333334,331.4164033319823 74.50425333333332,21.75225333333334,331.4164033319823 74.50425333333332,21.75225333333334,331.4164033319823 74.50425333333332,21.75225333333334,331.4164033319823 74.50425333333332,21.75225333333334,331.4164033319823 74.50425333333332,21.75225333333334,331.4164033319823 74.50425333333332,21.75225333333334,331.4164033319823 74.50425333333332,21.75225333333334,331.4164033319823 74.50425333333332,21.75225333333334,331.4164033319823 74.50425333333332,21.75225333333334,331.4164033319823 74.50425333333332,21.75225333333334,331.4164033319823 74.50425333333332,21.75225333333334,331.4164033319823 74.50425333333332,21.75225333333334,331.4164033319823 74.50425333333332,21.75225333333334,331.4164033319823 74.50425333333332,21.75225333333334,331.4164033319823 74.50425333333332,21.75225333333334,331.4164033319823 74.50425333333332,21.75225333333334,331.4164033319823 74.50425333333332,21.75225333333334,331.4164033319823 74.50425333333332,21.75225333333334,331.4164033319823 74.50425333333332,21.75225333333334,331.4164033319823 74.50425333333332,21.75225333333334,331.4164033319823 74.50425333333332,21.75225333333334,331.4164033319823 74.50425333333332,21.75225333333334,331.4164033319823 74.50425333333332,21.75225333333334,331.4164033319823 74.50425333333332,21.75225333333334,331.4164033319823 74.50425333333332,21.75225333333334,331.4164033319823 74.50425333333332,21.75225333333334,331.4164033319823 74.50425333333332,21.75225333333334,331.4164033319823 74.50425333333332,21.75225333333334,331.4164033319823 74.50425333333332,21.75225333333334,331.4164033319823 74.50425333333332,21.75225333333334,331.4164033319823 74.50425333333332,21.75225333333334,331.4164033319823 74.50425333333332,21.75225333333334,331.4164033319823 74.50425333333332,21.75225333333334,331.4164033319823 74.50425333333332,21.75225333333334,331.4164033319823 74.50425333333332,21.75225333333334,331.4164033319823 74.50425333333332,21.75225333333334,331.4164033319823 74.50425333333332,21.75225333333334,331.4164033319823 74.50425333333332,21.75225333333334,331.4164033319823 74.50425333333332,21.75225333333334,331.4164033319823 74.50425333333332,21.75225333333334,331.4164033319823 74.50425333333332,21.75225333333334,331.4164033319823 74.50425333333332,21.75225333333334,331.4164033319823 74.50425333333332,21.75225333333334,331.4164033319823 74.50425333333332,21.75225333333334,331.4164033319823 74.50425333333332,21.75225333333334,331.4164033319823 74.50425333333332,21.75225333333334,331.4164033319823 74.50425333333332,21.75225333333334,331.4164033319823 74.50425333333332,21.75225333333334,331.4164033319823 74.50425333333332,21.75225333333334,331.4164033319823 74.50425333333332,21.75225333333334,331.4164033319823 74.50425333333332,21.75225333333334,331.4164033319823 74.50425333333332,21.75225333333334,331.4164033319823 74.50425333333332,21.75225333333334,331.4164033319823 74.50425333333332,21.75225333333334,331.4164033319823 74.50425333333332,21.75225333333334,331.4164033319823 74.50425333333332,21.75225333333334,331.4164033319823 74.50425333333332,21.75225333333334,331.4164033319823 74.50425333333332,21.75225333333334,331.4164033319823 74.50425333333332,21.75225333333334,331.4164033319823 74.50425333333332,21.75225333333334,331.4164033319823 74.50425333333332,21.75225333333334,331.4164033319823 74.50425333333332,21.75225333333334,331.4164033319823 74.50425333333332,21.75225333333334,331.4164033319823 74.50425333333332,21.75225333333334,331.4164033319823 74.50425333333332,21.75225333333334,331.4164033319823 74.50425333333332,21.75225333333334,331.4164033319823 74.50425333333332,21.75225333333334,331.4164033319823 74.50425333333332,21.75225333333334,331.4164033319823 74.50425333333332,21.75225333333334,331.4164033319823 74.50425333333332,21.75225333333334,331.4164033319823 74.50425333333332,21.75225333333334,331.4164033319823 74.50425333333332,21.75225333333334,331.4164033319823 74.50425333333332,21.75225333333334,331.4164033319823 74.50425333333332,21.75225333333334,331.4164033319823 74.50425333333332,21.75225333333334,331.4164033319823 74.50425333333332,21.75225333333334,331.4164033319823 74.50425333333332,21.75225333333334,331.4164033319823 74.50425333333332,21.75225333333334,331.4164033319823 74.50425333333332,21.75225333333334,331.4164033319823 74.50425333333332,21.75225333333334,331.4164033319823 74.50425333333332,21.75225333333334,331.4164033319823 74.50425333333332,21.75225333333334,331.4164033319823 74.50425333333332,21.75225333333334,331.4164033319823 74.50425333333332,21.75225333333334,331.4164033319823 74.50425333333332,21.75225333333334,331.4164033319823 74.50425333333332,21.75225333333334,331.4164033319823 74.50425333333332,21.75225333333334,331.4164033319823 74.50425333333332,21.75225333333334,331.4164033319823 74.50425333333332,21.75225333333334,331.4164033319823 74.50425333333332,21.75225333333334,331.4164033319823 74.50425333333332,21.75225333333334,331.4164033319823 74.50425333333332,21.75225333333334,331.4164033319823 74.50425333333332,21.75225333333334,331.4164033319823 74.50425333333332,21.75225333333334,331.4164033319823 74.50425333333332,21.75225333333334,331.4164033319823 74.50425333333332,21.75225333333334,331.4164033319823 74.50425333333332,21.75225333333334,331.4164033319823 74.50425333333332,21.75225333333334,331.4164033319823 74.50425333333332,21.75225333333334,331.4164033319823 74.50425333333332,21.75225333333334,331.4164033319823 74.50425333333332,21.75225333333334,331.4164033319823 74.50425333333332,21.75225333333334,331.4164033319823 74.50425333333332,21.75225333333334,331.4164033319823 74.50425333333332,21.75225333333334,331.4164033319823 74.50425333333332,21.75225333333334,331.4164033319823 74.50425333333332,21.75225333333334,331.4164033319823 74.50425333333332,21.75225333333334,331.4164033319823 74.50425333333332,21.75225333333334,331.4164033319823 74.50425333333332,21.75225333333334,331.4164033319823 74.50425333333332,21.75225333333334,331.4164033319823 74.50425333333332,21.75225333333334,331.4164033319823 74.50425333333332,21.75225333333334,331.4164033319823 74.50425333333332,21.75225333333334,331.4164033319823 74.50425333333332,21.75225333333334,331.4164033319823 74.50425333333332,21.75225333333334,331.4164033319823 74.50425333333332,21.75225333333334,331.4164033319823 74.50425333333332,21.75225333333334,331.4164033319823 74.50425333333332,21.75225333333334,331.4164033319823 74.50425333333332,21.75225333333334,331.4164033319823 74.50425333333332,21.75225333333334,331.4164033319823 74.50425333333332,21.75225333333334,331.4164033319823 74.50425333333332,21.75225333333334,331.4164033319823 74.50425333333332,21.75225333333334,331.4164033319823 74.50425333333332,21.75225333333334,331.4164033319823 74.50425333333332,21.75225333333334,331.4164033319823 74.50425333333332,21.75225333333334,331.4164033319823 74.50425333333332,21.75225333333334,331.4164033319823 74.50425333333332,21.75225333333334,331.4164033319823 74.50425333333332,21.75225333333334,331.4164033319823 74.50425333333332,21.75225333333334,331.4164033319823 74.50425333333332,21.75225333333334,331.4164033319823 74.50425333333332,21.75225333333334,331.4164033319823 74.50425333333332,21.75225333333334,331.4164033319823 74.50425333333332,21.75225333333334,331.4164033319823 74.50425333333332,21.75225333333334,331.4164033319823 74.50425333333332,21.75225333333334,331.4164033319823 74.50425333333332,21.75225333333334,331.4164033319823 74.50425333333332,21.75225333333334,331.4164033319823 74.50425333333332,21.75225333333334,331.4164033319823 74.50425333333332,21.75225333333334,331.4164033319823 74.50425333333332,21.75225333333334,331.4164033319823 74.50425333333332,21.75225333333334,331.4164033319823 74.50425333333332,21.75225333333334,331.4164033319823 74.50425333333332,21.75225333333334,331.4164033319823 74.50425333333332,21.75225333333334,331.4164033319823 74.50425333333332,21.75225333333334,331.4164033319823 74.50425333333332,21.75225333333334,331.4164033319823 74.50425333333332,21.75225333333334,331.4164033319823 74.50425333333332,21.75225333333334,331.4164033319823 74.50425333333332,21.75225333333334,331.4164033319823 74.50425333333332,21.75225333333334,331.4164033319823 74.50425333333332,21.75225333333334,331.4164033319823 74.50425333333332,21.75225333333334,331.4164033319823 74.50425333333332,21.75225333333334,331.4164033319823 74.50425333333332,21.75225333333334,331.4164033319823 74.50425333333332,21.75225333333334,331.4164033319823 74.50425333333332,21.75225333333334,331.4164033319823 74.50425333333332,21.75225333333334,331.4164033319823 74.50425333333332,21.75225333333334,331.4164033319823 74.50425333333332,21.75225333333334,331.4164033319823 74.50425333333332,21.75225333333334,331.4164033319823 74.50425333333332,21.75225333333334,331.4164033319823 74.50425333333332,21.75225333333334,331.4164033319823 74.50425333333332,21.75225333333334,331.4164033319823 74.50425333333332,21.75225333333334,331.4164033319823 74.50425333333332,21.75225333333334,331.4164033319823 74.50425333333332,21.75225333333334,331.4164033319823 74.50425333333332,21.75225333333334,331.4164033319823 74.50425333333332,21.75225333333334,331.4164033319823 74.50425333333332,21.75225333333334,331.4164033319823 74.50425333333332,21.75225333333334,331.4164033319823 74.50425333333332,21.75225333333334,331.4164033319823 74.50425333333332,21.75225333333334,331.4164033319823 74.50425333333332,21.75225333333334,331.4164033319823 74.50425333333332,21.75225333333334,331.4164033319823 74.50425333333332,21.75225333333334,331.4164033319823 74.50425333333332,21.75225333333334,331.4164033319823 74.50425333333332,21.75225333333334,331.4164033319823 74.50425333333332,21.75225333333334,331.4164033319823 74.50425333333332,21.75225333333334,331.4164033319823 74.50425333333332,21.75225333333334,331.4164033319823 74.50425333333332,21.75225333333334,331.4164033319823 74.50425333333332,21.75225333333334,331.4164033319823 74.50425333333332,21.75225333333334,331.4164033319823 74.50425333333332,21.75225333333334,331.4164033319823 74.50425333333332,21.75225333333334,331.4164033319823 74.50425333333332,21.75225333333334,331.4164033319823 74.50425333333332,21.75225333333334,331.4164033319823 74.50425333333332,21.75225333333334,331.4164033319823 74.50425333333332,21.75225333333334,331.4164033319823 74.50425333333332,21.75225333333334,331.4164033319823 74.50425333333332,21.75225333333334,331.4164033319823 74.50425333333332,21.75225333333334,331.4164033319823 74.50425333333332,21.75225333333334,331.4164033319823 74.50425333333332,21.75225333333334,331.4164033319823 74.50425333333332,21.75225333333334,331.4164033319823 74.50425333333332,21.75225333333334,331.4164033319823 74.50425333333332,21.75225333333334,331.4164033319823 74.50425333333332,21.75225333333334,331.4164033319823 74.50425333333332,21.75225333333334,331.4164033319823 74.50425333333332,21.75225333333334,331.4164033319823 74.50425333333332,21.75225333333334,331.4164033319823 74.50425333333332,21.75225333333334,331.4164033319823 74.50425333333332,21.75225333333334,331.4164033319823 74.50425333333332,21.75225333333334,331.4164033319823 74.50425333333332,21.75225333333334,331.4164033319823 74.50425333333332,21.75225333333334,331.4164033319823 74.50425333333332,21.75225333333334,331.4164033319823 74.50425333333332,21.75225333333334,331.4164033319823 74.50425333333332,21.75225333333334,331.4164033319823 74.50425333333332,21.75225333333334,331.4164033319823 74.50425333333332,21.75225333333334,331.4164033319823 74.50426,21.75229,333.31648999136 74.50425,21.752285,333.616475662 74.50424333333333,21.75228333333333,333.8164699643556 74.50424,21.75228,334.11646133248 74.50424,21.75228,334.11646133248 74.50424,21.75228,334.11646133248 74.50424,21.75228,334.11646133248 74.50424,21.75228,334.11646133248 74.50424,21.75228,334.11646133248 74.50424,21.75228,334.11646133248 74.50424,21.75228,334.11646133248 74.50424,21.75228,334.11646133248 74.50424,21.75228,334.11646133248 74.50424,21.75228,334.11646133248 74.50424,21.75228,334.11646133248 74.50424,21.75228,334.11646133248 74.50424,21.75228,334.11646133248 74.50424,21.75228,334.11646133248 74.50424,21.75228,334.11646133248 74.50424,21.75228,334.11646133248 74.50424,21.75228,334.11646133248 74.50424,21.75228,334.11646133248 74.50424,21.75228,334.11646133248 74.50424,21.75228,334.11646133248 74.50424,21.75228,334.11646133248 74.50424,21.75228,334.11646133248 74.50424,21.75228,334.11646133248 74.50424,21.75228,334.11646133248 74.50424,21.75228,334.11646133248 74.50424,21.75228,334.11646133248 74.50424,21.75228,334.11646133248 74.50424,21.75228,334.11646133248 74.50424,21.75228,334.11646133248 74.50424,21.75228,334.11646133248 74.50424,21.75228,334.11646133248 74.50424,21.75228,334.11646133248 74.50424,21.75228,334.11646133248 74.50424,21.75228,334.11646133248 74.50424,21.75228,334.11646133248 74.50424,21.75228,334.11646133248 74.50424,21.75228,334.11646133248 74.50424,21.75228,334.11646133248 74.50424,21.75228,334.11646133248 74.50424,21.75228,334.11646133248 74.50424,21.75228,334.11646133248 74.50424,21.75228,334.11646133248 74.50424,21.75228,334.11646133248 74.50424,21.75228,334.11646133248 74.50424,21.75228,334.11646133248 74.50424,21.75228,334.11646133248 74.50424,21.75228,334.11646133248 74.50424,21.75228,334.11646133248 74.50424,21.75228,334.11646133248 74.50424,21.75228,334.11646133248 74.50424,21.75228,334.11646133248 74.50424,21.75228,334.11646133248 74.50424,21.75228,334.11646133248 74.50424,21.75228,334.11646133248 74.50424,21.75228,334.11646133248 74.50424,21.75228,334.11646133248 74.50424,21.75228,334.11646133248 74.50424,21.75228,334.11646133248 74.50424,21.75228,334.11646133248 74.50424,21.75228,334.11646133248 74.50424,21.75228,334.11646133248 74.50424,21.75228,334.11646133248 74.50424,21.75228,334.11646133248 74.50424,21.75228,334.11646133248 74.50424,21.75228,334.11646133248 74.50424,21.75228,334.11646133248 74.50424,21.75228,334.11646133248 74.50424,21.75228,334.11646133248 74.50424,21.75228,334.11646133248 74.50424,21.75228,334.11646133248 74.50424,21.75228,334.11646133248 74.50424,21.75228,334.11646133248 74.50424,21.75228,334.11646133248 74.50424,21.75228,334.11646133248 74.50424,21.75228,334.11646133248 74.50424,21.75228,334.11646133248 74.50424,21.75228,334.11646133248 74.50424,21.75228,334.11646133248 74.50424,21.75228,334.11646133248 74.50424,21.75228,334.11646133248 74.50424,21.75228,334.11646133248 74.50424,21.75228,334.11646133248 74.50424,21.75228,334.11646133248 74.50424,21.75228,334.11646133248 74.50424,21.75228,334.11646133248 74.50424,21.75228,334.11646133248 74.50424,21.75228,334.11646133248 74.50424,21.75228,334.11646133248 74.50424,21.75228,334.11646133248 74.50424,21.75228,334.11646133248 74.50424,21.75228,334.11646133248 74.50424,21.75228,334.11646133248 74.50424,21.75228,334.11646133248 74.50424,21.75228,334.11646133248 74.50424,21.75228,334.11646133248 74.50424,21.75228,334.11646133248 74.50424,21.75228,334.11646133248 74.50424,21.75228,334.11646133248 74.50424,21.75228,334.11646133248 74.50424,21.75228,334.11646133248 74.50424,21.75228,334.11646133248 74.50424,21.75228,334.11646133248 74.50424,21.75228,334.11646133248 74.50424,21.75228,334.11646133248 74.50424,21.75228,334.11646133248 74.50424,21.75228,334.11646133248 74.50424,21.75228,334.11646133248 74.50424,21.75228,334.11646133248 74.50424,21.75228,334.11646133248 74.50424,21.75228,334.11646133248 74.50424,21.75228,334.11646133248 74.50424,21.75228,334.11646133248 74.50424,21.75228,334.11646133248 74.50424,21.75228,334.11646133248 74.50424,21.75228,334.11646133248 74.50424,21.75228,334.11646133248 74.50424,21.75228,334.11646133248 74.50424,21.75228,334.11646133248 74.50424,21.75228,334.11646133248 74.50424,21.75228,334.11646133248 74.50424,21.75228,334.11646133248 74.50424,21.75228,334.11646133248 74.50424,21.75228,334.11646133248 74.50424,21.75228,334.11646133248 74.50424,21.75228,334.11646133248 74.50424,21.75228,334.11646133248 74.50424,21.75228,334.11646133248 74.50424,21.75228,334.11646133248 74.50424,21.75228,334.11646133248 74.50424,21.75228,334.11646133248 74.50424,21.75228,334.11646133248 74.50424,21.75228,334.11646133248 74.50424,21.75228,334.11646133248 74.50424,21.75228,334.11646133248 74.50424,21.75228,334.11646133248 74.50424,21.75228,334.11646133248 74.50424,21.75228,334.11646133248 74.50424,21.75228,334.11646133248 74.50424,21.75228,334.11646133248 74.50118000000001,21.751205,338.91312372496 
					</coordinates>
				</LinearRing>
			</outerBoundaryIs>
		</Polygon>
		<atom:link rel="app" href="https://www.google.com/earth/about/versions/#earth-pro" title="Google Earth Pro 7.3.6.10201"></atom:link>
	</Placemark>
</Document>
</kml>
